date,dictatorship_basket_yield,democracy_basket_yield,dictatorship_duration,democracy_duration,dictatorship_price_return,dictatorship_carry,dictatorship_total_return,democracy_price_return,democracy_carry,democracy_total_return,index_return,cumulative_index
2005-12-02,3.6153687706032995,3.9428686406329865,7.906697580392794,8.082160368531072,,,,0.039370737669447424,0.0008519230769230769,0.0402226607463705,,100.0
2005-12-09,3.6061117071689304,3.9544456562886925,7.906697580392794,8.082160368531072,0.0007319280105806925,0.0006952632251160191,0.0014271912356967117,-0.0009356729711841091,0.0007582439693524974,-0.00017742900183161168,0.0016046202375283234,100.16046202375284
2005-12-16,3.5057384318469946,3.902082075554604,7.906697580392794,8.082160368531072,0.00793621133124049,0.0006934830206094097,0.0086296943518499,0.004232108569634275,0.0007604703185170562,0.004992578888151331,0.003637115463698569,100.52475718903062
2005-12-23,3.556850583677749,3.966607263610322,7.906697580392794,8.053874378532973,-0.0040412832720889535,0.0006741804676628836,-0.00336710280442607,-0.005196777588519676,0.0007504003991451162,-0.00444637718937456,0.00107927438494849,100.63325098451791
2005-12-30,3.544870681325039,3.9591951429627446,7.906697580392794,8.053874378532973,0.0009472146494551465,0.0006840097276303363,0.0016312243770854828,0.0005969628857411752,0.0007628090891558311,0.0013597719748970063,0.00027145240218847647,100.66056812223772
2006-01-06,3.472979390776628,3.933474161044884,7.906697580392794,8.067093917824605,0.005684226930304369,0.0006817059002548151,0.006365932830559184,0.0020749357679004945,0.0007613836813389894,0.0028363194492394836,0.0035296133813197007,101.01586101045321
2006-01-13,3.456764372947819,3.926806033094406,7.906697580392794,8.061483117143819,0.0012820724223306986,0.0006678806520724284,0.001949953074403127,0.0005375500089573409,0.0007564373386624776,0.0012939873476198185,0.0006559657267833086,101.08212395313758
2006-01-20,3.4458419509319067,3.9330345798686164,7.906697580392794,8.064926489674866,0.0008636028772524288,0.0006647623794130421,0.0015283652566654708,-0.0005023277187150899,0.0007551550063643088,0.00025282728764921885,0.001275537969016252,101.21105804022864
2006-01-27,3.379076605818903,4.011820898098006,7.906697580392794,8.064926489674866,0.005278933926590761,0.0006626619136407513,0.005941595840231512,-0.006354058649121574,0.0007563528038208877,-0.005597705845300687,0.011539301685532199,102.37896297286674
2006-02-03,3.376452494614074,4.069413613359553,7.906697580392794,8.064926489674866,0.00020748053713901972,0.0006498224241959429,0.0008573029613349626,-0.0046448101492515565,0.000771504018865001,-0.0038733061303865557,0.004730609091721519,102.86327782590723
2006-02-10,3.4293050757858086,4.093824930121355,7.906697580392794,8.064926489674866,-0.004178893756680662,0.0006493177874257835,-0.0035295759692548787,-0.001968754752000963,0.0007825795410306834,-0.0011861752109702795,-0.002343400758284599,102.62222794265034
2006-02-17,3.3594609038573817,4.062720691602763,7.906697580392794,8.064926489674866,0.005522367451910309,0.0006594817453434247,0.006181849197253734,0.0025085339716975443,0.0007872740250233375,0.0032958079967208816,0.0028860412005328523,102.91839992058331
2006-02-24,3.2533955562519736,4.08133114571885,8.36121018483207,8.064926489674866,0.008868346646560919,0.0006460501738187272,0.009514396820379646,-0.0015009194438570669,0.0007812924406928392,-0.0007196270031642277,0.010234023823543874,103.97166927725159
2006-03-03,3.2363137000966327,4.199982815036326,8.36121018483207,8.064926489674866,0.001428249896618733,0.000625652991586918,0.002053902888205651,-0.009569169909226542,0.0007848713741767019,-0.00878429853504984,0.010838201423255492,105.09853517119055
2006-03-10,3.2639060606593984,4.247928151897205,7.906697580392794,8.064926489674866,-0.0021816445049894512,0.0006223680192493524,-0.0015592764857400988,-0.003866756173056886,0.0008076890028916011,-0.003059067170165285,0.0014997906844251862,105.25616097518702
2006-03-17,3.2410615376146112,4.202384889419863,8.36121018483207,8.064926489674866,0.00191007858749705,0.0006276742424344996,0.0025377528299315496,0.00367303063979727,0.0008169092599802317,0.004489939899777502,-0.0019521870698459521,105.05068125870964
2006-03-24,3.3200919143901797,4.191535315015863,7.906697580392794,8.064926489674866,-0.006248692888289179,0.0006232810649258868,-0.005625411823363293,0.0008750102001252002,0.0008081509402730507,0.001683161140398251,-0.007308572963761544,104.28291068983751
2006-03-31,3.2193875139166197,4.292786527590929,8.36121018483207,8.069278759036665,0.008420106588969373,0.0006384792143058037,0.009058585803275176,-0.008170242589586823,0.0008060644836568968,-0.007364178105929926,0.016422763909205104,105.99552431186143
2006-04-07,3.3129096887928773,4.452585994199194,7.906697580392794,8.056166000317589,-0.0073945155380717754,0.0006191129834455037,-0.006775402554626272,-0.012873710297583933,0.0008255358706905631,-0.01204817442689337,0.005272771872267098,106.55441453103921
2006-04-14,3.3623063122128087,4.49672433239906,7.906697580392794,7.5349503459106035,-0.0039056416287394603,0.0006370980170755534,-0.0032685436116639066,-0.003325801866869971,0.0008562665373459989,-0.002469535329523972,-0.0007990082821399346,106.46927667133035
2006-04-21,3.306143722307654,4.473265045493429,7.906697580392794,7.5349503459106035,0.004440606137116782,0.0006465973677332325,0.0050872035048500144,0.0017676456198439817,0.0008647546793075114,0.002632400299151493,0.0024548032056985213,106.73063779301152
2006-04-28,3.317123578837177,4.504674847173432,7.906697580392794,7.544127671752212,-0.0008681440505503726,0.0006357968696745488,-0.0002323471808758238,-0.002369595540183619,0.0008602432779795056,-0.0015093522622041135,0.0012770050813282897,106.86693335980661
2006-05-05,3.3260652297358204,4.544523723278633,7.906697580392794,7.539775402390411,-0.0007069892952502174,0.0006379083805456109,-6.908091470460645e-05,-0.0030045157587089704,0.0008662836244564293,-0.002138232134252541,0.0020691512195479345,107.08805720529739
2006-05-12,3.3690272001987585,4.576229334147694,7.906697580392794,7.544127671752212,-0.003396873079082188,0.00063962792879535,-0.0027572451502868383,-0.00239191176307089,0.0008739468698612756,-0.0015179648932096145,-0.0012392802570772238,106.95534509023412
2006-05-19,3.320143439069628,4.520332620146908,7.906697580392794,7.530598076548803,0.0038650911584019467,0.0006478898461920689,0.004512981004594015,0.004209356869397192,0.0008800441027207104,0.005089400972117903,-0.0005764199675238873,106.8936938936907
2006-05-26,3.2981010668056543,4.53145986356909,7.906697580392794,7.530598076548803,0.0017428237144567857,0.0006384891228980055,0.0023813128373547914,-0.0008379479791237466,0.0008692947346436361,3.134675551988951e-05,0.002349966081834902,107.14489044870292
2006-06-02,3.3683688857936307,4.518510173154229,7.906697580392794,7.530598076548803,-0.005555863943717119,0.0006342502051549336,-0.004921613738562185,0.0009751891373005591,0.0008714345891479019,0.001846623726448461,-0.006768237465010646,106.41970838698356
2006-06-09,3.3267388740767467,4.520103304615463,7.906697580392794,8.04240604418282,0.0032915591291361006,0.000647763247268006,0.003939322376404106,-0.00012812610093010314,0.000868944264068121,0.0007408181631380178,0.0031985042132660884,106.76009227263388
2006-06-16,3.3340050665503957,4.601439431136314,7.906697580392794,7.525838391353875,-0.0005745158645006898,0.0006397574757839898,6.524161128329997e-05,-0.0061212254357463644,0.0008692506355029736,-0.005251974800243391,0.005317216411526691,107.32775878736203
2006-06-23,3.31234527807461,4.648609789326043,8.36121018483207,7.5211903897758345,0.0018110204400504722,0.0006411548204904607,0.002452175260540933,-0.00354777244698873,0.000884892198295445,-0.002662880248693285,0.005115055509234218,107.87674623124109
2006-06-30,3.4460703084218354,4.6055367356838754,7.906697580392794,7.5211903897758345,-0.010573233738843588,0.0006369894765528097,-0.009936244262290778,0.00323960637111771,0.0008939634210242391,0.004133569792141949,-0.014069814054432727,106.3589404709703
2006-07-07,3.4609887982784002,4.6062679372982736,7.906697580392794,7.5211903897758345,-0.0011795598765201578,0.0006627058285426607,-0.0005168540479774972,-5.499506555199585e-05,0.0008856801414776684,0.0008306850759256725,-0.0013475391239031697,106.21561763750877
2006-07-14,3.5059530635665466,4.574566935308631,7.906697580392794,7.5211903897758345,-0.003555188475579264,0.0006655747688996923,-0.0028896137066795717,0.002384292715107616,0.0008858207571727449,0.003270113472280361,-0.006159727178959932,105.56135841071699
2006-07-21,3.602985385548454,4.556258134615977,7.906697580392794,7.525838391353875,-0.007672052254342415,0.0006742217429935666,-0.006997830511348848,0.0013778907515242652,0.0008797244106362752,0.0022576151621605403,-0.009255445673509388,104.58434099272473
2006-07-28,3.618297251981209,4.524416525250336,7.906697580392794,7.525838391353875,-0.001210662972751612,0.0006928818049131642,-0.0005177811678384478,0.002396348062064313,0.0008762034874261493,0.003272551549490462,-0.00379033271732891,104.18793154333974
2006-08-04,3.6702201642020804,4.406624589517611,7.906697580392794,8.056231371602468,-0.004105387644237124,0.000695826394611771,-0.003409561249625353,0.009489590879717649,0.0008700801010096801,0.010359670980727329,-0.013769232230352682,102.75334371831941
2006-08-11,3.674644489550011,4.4363462463565195,7.906697580392794,8.056231371602468,-0.00034981802523353223,0.0007058115700388616,0.00035599354480532935,-0.0023944454424162116,0.0008474278056764636,-0.001547017636739748,0.0019030111815450774,102.94888448035651
2006-08-18,3.704774947293252,4.36710622404222,7.906697580392794,8.056231371602468,-0.0023823241733460982,0.0007066624018365405,-0.0016756617715095578,0.005578136399389145,0.0008531435089147153,0.006431279908303861,-0.008106941679813419,102.1142838778724
2006-08-25,3.5549623084056954,4.340362456927382,7.906697580392794,8.056231371602468,0.011845232294045022,0.0007124567206333177,0.012557689014678339,0.0021545397562538877,0.0008398281200081193,0.002994367876262007,0.009563321138416332,103.0908355674159
2006-09-01,3.5424263987206674,4.258997714487444,7.906697580392794,8.056231371602468,0.0009911764677463296,0.000683646597770326,0.0016748230655166557,0.006554931905869812,0.0008346850878706504,0.007389616993740463,-0.005714793928223808,102.5016926862597
2006-09-08,3.5406839261214937,4.281869582817487,7.906697580392794,8.056231371602468,0.0001377720388378748,0.0006812358459078207,0.0008190078847456954,-0.0018426106316765212,0.0008190380220168161,-0.001023572609659705,0.0018425804944054004,102.69056030584693
2006-09-15,3.5325382904157805,4.290119175661558,7.906697580392794,8.056231371602468,0.0006440507812512411,0.0006809007550233642,0.0013249515362746052,-0.0006646062867335118,0.0008234364582341322,0.00015883017150062034,0.0011661213647739849,102.81030996218018
2006-09-22,3.4925482871475544,4.180769178121652,7.906697580392794,8.056231371602468,0.0031618886208078325,0.0006793342866184194,0.003841222907426252,0.00880948880665641,0.0008250229183964535,0.009634511725052865,-0.005793288817626613,102.21470014313955
2006-09-29,3.5206324509222786,4.200810579668144,7.906697580392794,8.056231371602468,-0.00222052989764967,0.0006716439013745297,-0.0015488859962751404,-0.0016145816786973133,0.0008039940727157023,-0.000810587605981611,-0.0007382983902935293,102.13923519455955
2006-10-06,3.5225595792334445,4.2516779791193136,7.906697580392794,8.060583640964268,-0.0001523722075500208,0.0006770447021004382,0.0005246724945504174,-0.004100209278744896,0.00080784818839772,-0.0032923610903471756,0.003817033584897593,102.52910408563292
2006-10-13,3.237883538865633,4.307741192120627,8.36121018483207,8.060583640964268,0.023802362081010105,0.0006774153036987393,0.024479777384708846,-0.004519022175782824,0.000817630380599868,-0.003701391795182956,0.028181169179891802,105.41849411373288
2006-10-20,3.228391881976938,4.295474467026065,8.36121018483207,8.060583640964268,0.0007936173824868921,0.0006226699113203141,0.0014162872938072062,0.0009887696362542921,0.0008284117677155051,0.0018171814039697972,-0.000400894110162591,105.37623246034047
2006-10-27,3.2277208935110955,4.234821642952194,8.36121018483207,8.060583640964268,5.610275594506815e-05,0.0006208445926878727,0.0006769473486329409,0.004888971615081324,0.0008260527821203972,0.005715024397201721,-0.00503807704856878,104.84533888211737
2006-11-03,3.1994709634518674,4.217431736122059,8.401230102123257,8.060583640964268,0.002373341627964633,0.0006207155564444415,0.0029940571844090744,0.0014017279851287964,0.0008143887774908065,0.002216116762619603,0.0007779404217894714,104.92690230926999
2006-11-10,3.2215017813311637,4.148797324374793,8.414492687148089,8.065343326159196,-0.0018537815593722994,0.0006152828775868977,-0.0012384986817854018,0.005535600947306735,0.0008110445646388575,0.006346645511945592,-0.007585144193730994,104.13101662545266
2006-11-17,3.2176409324416757,4.159957239284954,8.401230102123257,8.060583640964268,0.0003243587991011583,0.0006195195733329161,0.0009438783724340745,-0.0008995542755939783,0.0007978456393028448,-0.00010170863629113355,0.001045587008725208,104.23989466364156
2006-11-24,3.2869003642951613,4.1279385089056175,7.959980082708811,8.065343326159196,-0.005513036980934736,0.00061877710239263,-0.004894259878542106,0.0025824205337707192,0.0007999917767855681,0.0033824123105562873,-0.008276672189098394,103.37713522648444
2006-12-01,3.2152443118745806,4.0773967178092585,7.959980082708811,8.060583640964268,0.00570380750073361,0.0006320962239029157,0.006335903724636526,0.004073963344963451,0.0007938343286356957,0.004867797673599147,0.0014681060510373786,103.52890382424935
2006-12-08,3.207265279466126,4.142945609847743,7.959980082708811,8.060583640964268,0.0006351293905058806,0.0006183162138220348,0.0012534456043279154,-0.0052836232684874175,0.0007841147534248574,-0.0044995085150625605,0.005752954119390476,104.12450085798106
2006-12-15,3.2559136798253827,4.159654325216299,7.959980082708811,8.065343326159196,-0.0038724029791532893,0.0006167817845127166,-0.003255621194640573,-0.0013476152598647588,0.0007967203095861045,-0.0005508949502786543,-0.002704726244361919,103.8428725878294
2006-12-22,3.238990884726004,4.176452094520263,7.946717497683982,8.065343326159196,0.0013448067192595493,0.0006261372461202659,0.0019709439653798153,-0.0013547977655008817,0.0007999335240800575,-0.0005548642414208242,0.0025258082068006396,104.1051597676295
2006-12-29,3.2537421390500856,4.4748004553900005,7.946717497683982,7.97848259536876,-0.0011722405084996694,0.0006228828624473084,-0.000549357646052361,-0.023803672045559988,0.0008031638643308198,-0.023000508181229166,0.022451150535176805,106.44244038106119
2007-01-05,3.236432702171125,4.502350675047798,7.965563642086696,7.97848259536876,0.0013787942106804304,0.0006257196421250165,0.002004513852805447,-0.002198089480383234,0.0008605385491134616,-0.0013375509312697723,0.0033420647840752193,106.79817791258974
2007-01-12,3.2081594555340893,4.561884753803649,7.946717497683982,7.97848259536876,0.0022467950376686622,0.0006223909042636778,0.00286918594193234,-0.004749916111848697,0.0008658366682784227,-0.003884079443570274,0.006753265385502614,107.51941435072159
2007-01-19,3.207827122808945,4.566756619874393,7.959980082708811,7.97848259536876,2.6453618729793948e-05,0.0006169537414488634,0.0006434073601786573,-0.00038870098652402774,0.0008772855295776248,0.0004885845430535971,0.0001548228171250602,107.536060809347
2007-01-26,3.2179641316701586,4.614740877239966,7.959980082708811,7.97848259536876,-0.0008069038863350124,0.0006168898313094126,-0.0001900140550255998,-0.0038284156224291845,0.0008782224268989217,-0.002950193195530263,0.0027601791405046632,107.83287960124501
2007-02-02,3.3210236297254503,4.589173900097884,7.959980082708811,7.97848259536876,-0.008203515518540892,0.0006188392560904151,-0.007584676262450477,0.0020398568214429484,0.0008874501686999936,0.0029273069901429418,-0.01051198325259342,106.6993421767978
2007-02-09,3.343805095541193,4.565765033585842,7.959980082708811,7.97848259536876,-0.001813400141482226,0.0006386583903318174,-0.0011747417511504088,0.001867672340436341,0.0008825334423265163,0.002750205782762857,-0.003924947533913266,106.2805528568508
2007-02-16,3.375505476109754,4.506750808797015,7.959980082708811,7.97848259536876,-0.0025233439794003455,0.0006430394414502293,-0.001880304537950116,0.004708439653568359,0.0008780317372280467,0.005586471390796406,-0.007466775928746522,105.48697978308539
2007-02-23,3.3276394067783692,4.49433896432399,7.959980082708811,8.00681897454338,0.0038101295851538045,0.000649135668482645,0.004459265253636449,0.0009937939183569805,0.0008666828478455798,0.0018604767662025604,0.0025987884874338887,105.76111813171984
2007-03-02,3.3603390577590107,4.39833165040546,7.959980082708811,7.97848259536876,-0.0026028857051743543,0.0006399306551496864,-0.001962955050024668,0.007659926831271002,0.0008642959546776905,0.008524222785948693,-0.01048717783597336,104.6519824777411
2007-03-09,3.442719715488851,4.43216089078335,7.959980082708811,7.97848259536876,-0.0065574839472998196,0.0006462190495690405,-0.005911264897730779,-0.0026990600556954084,0.0008458330096933577,-0.0018532270460020507,-0.004058037851728728,104.22730077158798
2007-03-16,3.4440371152515397,4.406937134520759,7.978826227111526,7.97848259536876,-0.00010511303778129665,0.000662061483747856,0.0005569484459665594,0.0020124730033090417,0.000852338632842952,0.0028648116361519936,-0.002307863190185434,103.98675842072484
2007-03-23,3.5703162347080473,4.437288154194878,7.978826227111526,8.00681897454338,-0.01007559150256132,0.0006623148298560653,-0.009413276672705256,-0.0024301512022347383,0.0008474879104847613,-0.0015826632917499768,-0.00783061338095528,103.17247831879335
2007-03-30,3.568971253177674,4.447688207460396,7.978826227111526,8.00681897454338,0.00010731373909524157,0.0006865992759053937,0.0007939130150006352,-0.0008327134382261106,0.0008533246450374766,2.0611206811366016e-05,0.0007733018081892692,103.25226178283265
2007-04-06,3.6020964375402786,4.562995474650246,7.978826227111526,7.950908090602499,-0.0026430008977025585,0.0006863406256110912,-0.0019566602720914672,-0.009167974836050448,0.0008553246552808453,-0.008312650180769604,0.0063559899086781365,103.9085321167725
2007-04-13,3.5932068585312513,4.560523136606847,7.978826227111526,7.950908090602499,0.0007092840614520723,0.0006927108533731305,0.0014019949148252027,0.00019657332551969634,0.0008774991297404321,0.0010740724552601283,0.0003279224595650744,103.94260605819406
2007-04-20,3.7222115322227007,4.498656826738869,7.978826227111526,7.950908090602499,-0.010293058738693007,0.0006910013189483175,-0.00960205741974469,0.004918933436650251,0.0008770236801167012,0.005795957116766952,-0.015398014536511642,102.34209629914707
2007-04-27,3.7457891396218783,4.510405216698702,7.978826227111526,7.956359901507722,-0.0018812163228909685,0.0007158099100428271,-0.0011654064128481414,-0.0009347441878369265,0.000865126312834398,-6.961787500252856e-05,-0.001095788537845613,102.22995100308339
2007-05-04,3.759599791556856,4.513369752004132,7.978826227111526,7.954357645221631,-0.0011019279187231006,0.0007203440653118996,-0.000381583853411201,-0.00023580974071274395,0.0008673856185959042,0.0006315758778831603,-0.0010131597312943612,102.12637573339487
2007-05-11,3.7568942503158285,4.5206420591697585,7.978826227111526,7.954357645221631,0.00021587043412443928,0.00072299995991478,0.0009388703940392193,-0.0005784653210130246,0.0008679557215392561,0.00028949040052623153,0.0006493799935129878,102.19269455860614
2007-05-18,3.9945550065472784,4.578576544159445,7.978826227111526,7.954357645221631,-0.018962538749746516,0.0007224796635222747,-0.018240059086224242,-0.0046083161359968755,0.0008693542421480305,-0.003738961893848845,-0.014501097192375398,100.71078836246106
2007-05-25,4.367023101729136,4.605042337311999,7.978826227111526,7.954357645221631,-0.029718582065992767,0.0007681836551052458,-0.02895039841088752,-0.002105183840998743,0.0008804954892614317,-0.0012246883517373112,-0.02772571005915021,97.91851024449501
2007-06-01,4.372633583390688,4.756471470796783,7.978826227111526,7.947213945283153,-0.00044765058227921845,0.0008398121349479108,0.00039216155266869236,-0.012034397213524225,0.0008855850648676921,-0.011148812148656533,0.011540973701325225,99.04858519609968
2007-06-08,4.157818886403073,4.85657581947819,7.978826227111526,7.43531584438597,0.01713969138293796,0.0008408910737289784,0.01798058245666694,-0.007443074498427988,0.0009147060520763045,-0.006528368446351684,0.024508950903018623,101.47616210768433
2007-06-15,4.246546615683918,4.877768658425881,7.978826227111526,7.43531584438597,-0.007079431334580506,0.000799580555077514,-0.0062798507795029926,-0.0015757545121528678,0.0009339568883611904,-0.0006417976237916774,-0.005638053155711315,100.90403411168363
2007-06-22,4.450037815265213,4.874290223807931,7.978826227111526,7.43531584438597,-0.016236209202056238,0.0008166435799392148,-0.015419565622117022,0.00025863260028503876,0.0009380324343126694,0.0011966650345977081,-0.01661623065671473,99.22738940669088
2007-06-29,4.3646942189440825,4.826930301014707,7.978826227111526,7.43531584438597,0.0068094172464305235,0.0008557765029356178,0.007665193749366141,0.003521359843333496,0.0009373635045784481,0.0044587233479119436,0.0032064704014541975,99.54555909383701
2007-07-06,4.659130214149078,4.891900739065053,7.978826227111526,7.43531584438597,-0.023492536407473036,0.0008393642728738621,-0.022653172134599175,-0.004830757274524345,0.0009282558271182129,-0.003902501447406132,-0.018750670687193043,97.67901309689596
2007-07-13,4.555730557346787,4.842930509490878,7.964112390071388,7.43531584438597,0.00823486487868257,0.0008959865796440536,0.009130851458326622,0.003641091238560848,0.0009407501421278949,0.004581841380688743,0.004549010077637879,98.12335591184748
2007-07-20,4.595191578006195,4.773783245482465,7.964112390071388,7.94176213437793,-0.003142720035584519,0.0008761020302589975,-0.002266618005325522,0.005491511229978445,0.0009313327902867074,0.006422844020265153,-0.008689462025590674,97.27071673682796
2007-07-27,4.6207015011374315,4.710210253952994,7.964112390071388,7.94176213437793,-0.002031638948792516,0.0008836906880781144,-0.0011479482607144017,0.005048815768978865,0.0009180352395158586,0.005966851008494724,-0.007114799269209125,96.57865511247333
2007-08-03,4.460834106723056,4.584768332540011,7.964112390071388,7.944281021365915,0.012732018966239544,0.0008885964425264291,0.013620615408765973,0.009965458755648334,0.0009058096642217295,0.010871268419870064,0.0027493469888959093,96.84418334709844
2007-08-10,4.515016427065169,4.63533606060007,7.964112390071388,7.944281021365915,-0.004315140887594375,0.000857852712831357,-0.003457288174763018,-0.004017242423211224,0.0008816862177961559,-0.003135556205415068,-0.00032173196934795,96.81302547727027
2007-08-17,4.517910353814152,4.604350880372262,7.964112390071388,7.915944642191295,-0.00023047557877532135,0.0008682723898202247,0.0006377968110449034,0.0024527697141164878,0.0008914107808846289,0.003344180495001117,-0.0027063836839562134,96.55101228472415
2007-08-24,4.498053394463689,4.573726718110527,7.952715859995821,7.915944642191295,0.0015791675555771897,0.0008688289141950291,0.002447996469772219,0.0024241917317737918,0.0008854520923792813,0.003309643824153073,-0.0008616473543808542,96.46781936042622
2007-08-31,4.545613416375351,4.520157436891448,7.952715859995821,7.915944642191295,-0.0037823134055862736,0.000865010268166094,-0.00291730313742018,0.004240514646522116,0.0008795628304058707,0.0051200774769279865,-0.008037380614348166,95.6924707791903
2007-09-07,4.3909007993039,4.4404248523876575,7.952715859995821,7.971855526132177,0.012303854835255939,0.0008741564262260291,0.013178011261481968,0.006356166443893405,0.0008692610455560476,0.007225427489449452,0.005952583772032516,96.2620882278562
2007-09-14,4.536379517478348,4.479700330696253,7.952715859995821,7.971855526132177,-0.011569509093177993,0.0008444039998661346,-0.010725105093311859,-0.003130984387958602,0.0008539278562283957,-0.0022770565317302063,-0.008448048561581652,95.44886143186801
2007-09-21,4.6268252491598165,4.548195745837048,7.952715859995821,8.000191905306798,-0.0071928920481213856,0.000872380676438144,-0.0063205113716832415,-0.005479764657600172,0.0008614808328262024,-0.0046182838247739695,-0.001702227546909272,95.28638575061755
2007-09-28,4.6095923581315486,4.5164954948577165,7.952715859995821,8.000191905306798,0.0013704828579408639,0.0008897740863768878,0.0022602569443177516,0.0025360809128104076,0.0008746530280455861,0.003410733940855994,-0.0011504769965382422,95.1767609557282
2007-10-05,4.478959723873477,4.542981114381126,7.952715859995821,8.002194161592888,0.010388842222971966,0.0008864600688714517,0.011275302291843418,-0.0021194306991639852,0.0008685568259341763,-0.0012508738732298088,0.012526176165073228,96.36896183028072
2007-10-12,4.65367904640223,4.569023067484478,7.952715859995821,8.002194161592888,-0.013894931273221365,0.0008613384084372072,-0.013033592864784158,-0.0020839276508011918,0.0008736502143040627,-0.001210277436497129,-0.011823315428287028,95.22956119706475
2007-10-19,4.598165901550291,4.424523066456918,7.952715859995821,8.002194161592888,0.004414802675022591,0.0008949382781542751,0.005309740953176867,0.011563170645729077,0.0008786582822085536,0.012441828927937632,-0.007132087974760765,94.55037558880942
2007-10-26,4.771580658789049,4.437703433429562,7.952715859995821,7.973857782418268,-0.013791182902499966,0.000884262673375056,-0.01290692022912491,-0.0010509837175994975,0.0008508698204724842,-0.00020011389712701333,-0.012706806331997897,93.34894227758475
2007-11-02,4.732608051345353,4.314065887204123,7.952715859995821,7.973857782418268,0.00309938073322876,0.0009176116651517403,0.0040169923983805,0.009858682101688195,0.000853404506428762,0.010712086608116957,-0.006695094209736457,92.72396231465707
2007-11-09,4.691326023286541,4.296562915124708,7.939707498731959,7.973857782418268,0.003277672277414126,0.0009101169329510295,0.004187789210365156,0.0013956621013089014,0.0008296280552315621,0.0022252901565404633,0.0019624990538246925,92.90593300296646
2007-11-16,4.730345113871001,4.253702958012952,7.939707498731959,7.973857782418268,-0.0030980016610714276,0.0009021780814012578,-0.00219582357967017,0.0034175920256968918,0.0008262620990624439,0.004243854124759336,-0.006439677704429506,92.30764873759803
2007-11-23,4.739069353814583,4.191705711051234,7.939707498731959,7.973857782418268,-0.0006926791330079014,0.0009096817526675002,0.0002170026196595988,0.004943572301742063,0.0008180197996178755,0.005761592101359939,-0.00554458948170034,91.79584071932706
2007-11-30,4.738393288301822,4.177553213929072,7.939707498731959,7.973857782418268,5.3677624213017275e-05,0.0009113594911181889,0.0009650371153312061,0.0011284999931819866,0.0008060972521252372,0.001934597245307224,-0.0009695601299760177,91.70683913206797
2007-12-07,4.824694239885118,4.281074297945966,7.900454702923374,7.971855526132177,-0.006818167588030149,0.0009112294785195811,-0.005906938109510568,-0.008252551256912669,0.0008033756180632831,-0.0074491756388493854,0.0015422375293388177,91.84827286107448
2007-12-14,4.716584001517793,4.342566106599141,7.900454702923374,7.971855526132177,0.00854120041143299,0.0009278258153625227,0.009469026226795513,-0.0049020381462367415,0.0008232835188357626,-0.004078754627400979,0.013547780854196492,93.09261313363275
2007-12-21,4.750503321298666,4.316773578459644,7.900454702923374,7.971855526132177,-0.002679780494827593,0.0009070353849072679,-0.001772745109920325,0.002056143079817658,0.000835108866653681,0.002891251946471339,-0.0046639970563916635,92.65842946000569
2007-12-28,4.540445230613734,4.286606529794031,7.913463064187235,7.971855526132177,0.016622869419688994,0.0009135583310189742,0.01753642775070797,0.0024048735361206827,0.0008301487650883931,0.0032350223012090756,0.014301405449498893,93.98357522802702
2008-01-04,4.55880195479011,4.102570511076658,7.952715859995821,7.973857782418268,-0.0014598581149503074,0.000873162544348795,-0.0005866955706015124,0.01467477040094794,0.0008243474095757751,0.015499117810523716,-0.01608581338112523,92.47177297601804
2008-01-11,4.554771175392339,4.066985627848312,7.952715859995821,7.973857782418268,0.0003205564324479404,0.0008766926836134826,0.0011972491160614231,0.002837487980667962,0.000788955867514742,0.003626443848182704,-0.0024291947321212807,92.24714103223478
2008-01-18,4.639855984594612,3.9797404574340622,7.940895111509514,7.973857782418268,-0.006756495454580451,0.000875917533729296,-0.0058805779208511546,0.006956805810860723,0.0007821126207400599,0.007738918431600783,-0.013619496352451937,90.99078143142214
2008-01-25,4.54067431003477,3.9610765396326126,7.952715859995821,7.973857782418268,0.007887636762929955,0.0008922799970374253,0.008779916759967381,0.0014882342621150375,0.0007653347033527043,0.002253568965467742,0.00652634779449964,91.58461891713691
2008-02-01,4.434348623410118,3.9579743874299083,7.940895111509514,7.971855526132177,0.008443211251455935,0.0008732065980836096,0.009316417849539545,0.00024729909180032,0.000761745488390887,0.0010090445801912069,0.008307373269348339,92.34544653221258
2008-02-08,4.401434865102083,3.9719881936751285,7.940895111509514,7.971855526132177,0.00261364702449679,0.000852759350655792,0.003466406375152582,-0.0011171603875810422,0.0007611489206595978,-0.00035601146692144437,0.0038224178420740267,92.69842941467161
2008-02-15,4.392128746275999,4.029751354483089,7.940895111509514,7.971855526132177,0.0007389891349318157,0.0008464297817504007,0.0015854189166822166,-0.004604795726938034,0.0007638438833990632,-0.003840951843538971,0.005426370760221188,93.2014454615658
2008-02-22,4.270923362930049,4.039669993512595,7.940895111509514,7.971855526132177,0.009624792361004865,0.0008446401435146151,0.01046943250451948,-0.0007906995735907472,0.0007749521835544402,-1.5747390036307055e-05,0.010485179894555788,94.17867938366294
2008-02-29,4.2507608004129915,3.907914584893951,7.940895111509514,7.971855526132177,0.0016010879412720954,0.0008213314159480864,0.0024224193572201817,0.010503350822943392,0.0007768596141370375,0.01128021043708043,-0.008857791079860247,93.34446431750531
2008-03-07,4.345074257121021,3.879102228633789,7.940895111509514,7.971855526132177,-0.007489332673223537,0.0008174540000794214,-0.006671878673144116,0.0022968794147346224,0.0007515220355565291,0.0030484014502911517,-0.009720280123435267,92.43712997636715
2008-03-14,4.304697510654139,3.8302318916547553,7.940895111509514,7.971855526132177,0.0032062750863751746,0.0008355912032925039,0.004041866289667679,0.0038958726591025016,0.0007459811978141901,0.004641853856916692,-0.0005999875672490131,92.38166884762916
2008-03-21,4.338377243509642,3.7855148024564955,7.940895111509514,7.971855526132177,-0.0026744722598920807,0.0008278264443565653,-0.0018466458155355155,0.003564781746376927,0.000736583056087453,0.00430136480246438,-0.006148010617999895,91.81370536664538
2008-03-28,4.347690518325688,3.86689580971641,7.940895111509514,7.971855526132177,-0.0007395573845888472,0.0008343033160595465,9.474593147069932e-05,-0.006487576324471511,0.0007279836158570183,-0.005759592708614493,0.005854338640085192,92.35121388966272
2008-04-04,4.200931004209527,3.982164484977205,7.940895111509514,7.971855526132177,0.011654019082125384,0.0008360943304472478,0.012490113412572633,-0.009189052258677055,0.0007436338095608481,-0.008445418449116207,0.02093553186168884,94.2846356705154
2008-04-11,4.270187173291012,3.986066635394245,7.940895111509514,7.962938252475426,-0.005499559745010407,0.0008078713469633705,-0.004691688398047037,-0.00031072582822759033,0.0007658008624956163,0.000455075034268026,-0.005146763432315063,93.79937495541724
2008-04-18,4.217118180058321,4.13569338613025,7.940895111509514,7.962938252475426,0.004214153089342029,0.0008211898410175022,0.0050353429303595315,-0.01191468577029343,0.0007665512760373547,-0.011148134494256074,0.016183477424615605,95.31737502245129
2008-04-25,4.2833380742345515,4.221327355021777,7.940895111509514,7.958709310668532,-0.005258452339487037,0.000810984265395831,-0.004447468074091206,-0.006815358655264924,0.0007953256511788943,-0.006020033004086029,0.0015725649299948236,95.46726778363077
2008-05-02,4.262410204105072,4.257967864841464,7.940895111509514,7.958709310668532,0.001661860216054862,0.0008237188604297215,0.0024855790764845833,-0.002916111666495858,0.0008117937221195725,-0.0021043179443762856,0.004589897020860869,95.90545271162058
2008-05-09,4.281877620475302,4.214571289404122,7.940895111509514,7.958709310668532,-0.0015458871148807593,0.0008196942700202062,-0.0007261928448605531,0.003453807289843012,0.0008188399740079738,0.004272647263850986,-0.004998840108711539,95.4260366879616
2008-05-16,4.327868015522018,4.245719359714706,7.940895111509514,7.958709310668532,-0.003652049032028583,0.0008234380039375581,-0.002828611028091025,-0.0024789843719020275,0.000810494478731562,-0.0016684898931704655,-0.0011601211349205596,95.31533092597819
2008-05-23,4.334459305193713,4.255876252358993,7.940895111509514,7.958709310668532,-0.0005234073993250491,0.0008322823106773111,0.000308874911352262,-0.000808357560555458,0.0008164844922528282,8.126931697370198e-06,0.0003007479796548918,95.34399681918431
2008-05-30,4.39183905680042,4.3615089906982005,7.909401858019707,7.958709310668532,-0.0045383951397080236,0.0008335498663834064,-0.0037048452733246173,-0.008407002581316634,0.0008184377408382679,-0.0075885648404783665,0.003883719567153749,95.71428616524162
2008-06-06,4.459199836702425,4.3927286295180785,7.870149062211121,7.858744438703398,-0.005301393787755679,0.0008445844340000808,-0.0044568093537555985,-0.002453471629540449,0.0008387517289804232,-0.0016147199005600256,-0.002842089453195573,95.44225760201125
2008-06-13,4.5482693309771,4.592038158007028,7.870149062211121,7.858744438703398,-0.007009901968374578,0.0008575384301350817,-0.0061523635382394965,-0.015663226485931315,0.0008447555056765536,-0.014818470980254761,0.008666107442015264,96.26937046089878
2008-06-20,4.486832983555341,4.528600918530359,7.862801318243505,7.858744438703398,0.004830617934958758,0.0008746671790340577,0.005705285113992815,0.004985370529439691,0.0008830842611551979,0.0058684547905948885,-0.00016316967660207331,96.25366221885399
2008-06-27,4.790342168974297,4.448477833105803,7.862801318243505,7.858744438703398,-0.023864324232111777,0.0008628524968375656,-0.023001471735274212,0.006296668519919923,0.0008708847920250692,0.0071675533119449925,-0.030169025047219203,93.3497830724868
2008-07-04,4.878792271821467,4.447942261442057,7.862801318243505,7.858744438703398,-0.006954655852655073,0.0009212196478796725,-0.0060334362047754,4.208920833989813e-05,0.0008554765063665005,0.0008975657147063986,-0.006931001919481799,92.70277554682819
2008-07-11,4.88006740565012,4.4140469384215795,7.862801318243505,7.858744438703398,-0.00010026123948867662,0.0009382292830425899,0.0008379680435539132,0.0026637468128523096,0.0008553735118157802,0.00351912032466809,-0.0026811522811141767,92.45422528870519
2008-07-18,4.782636990025583,4.470714576011197,7.862801318243505,7.858744438703398,0.0076607600040961964,0.0009384745010865616,0.008599234505182757,-0.004453364817618668,0.0008488551804656883,-0.0036045096371529793,0.012203744142335736,93.58251299900641
2008-07-25,4.74331840674633,4.456558494839425,7.862801318243505,7.867661712360149,0.0030915420843957817,0.0009197378826972276,0.004011279967093009,0.001113752578322149,0.0008597528030790763,0.0019735053814012252,0.002037774585691784,93.77321306566098
2008-08-01,4.852693147704708,4.264540968727054,7.875809679507366,7.966283040790006,-0.008614146435336048,0.0009121766166819866,-0.0077019698186540616,0.015296659618034288,0.0008570304797768125,0.0161536900978111,-0.023855659916465162,91.53619118549233
2008-08-08,4.739984911224773,4.251190068755613,7.875809679507366,7.966283040790006,0.008876686198288826,0.0009332102207124439,0.00980989641900127,0.0010635704802177694,0.0008201040324475104,0.0018836745126652797,0.00792622190633599,92.26172734928934
2008-08-15,4.65823294047503,4.202335904391908,7.875809679507366,7.966283040790006,0.006438629625496251,0.0009115355598509178,0.007350165185347169,0.0038918610104255267,0.0008175365516837717,0.004709397562109298,0.0026407676232378706,92.50536913173735
2008-08-22,4.61015674432636,4.217592691451222,7.862801318243505,7.960711566954623,0.0037801357845390084,0.0008958140270144289,0.004675949811553438,-0.0012145488121764892,0.000808141520075367,-0.0004064072921011223,0.00508235710365456,92.97551445167021
2008-08-29,4.538126903269059,4.189661377102873,7.875809679507366,7.960711566954623,0.005672933194124668,0.0008865686046781461,0.006559501798802814,0.0022235313721315326,0.0008110755175867735,0.003034606889718306,0.0035248949090845084,93.3032433692304
2008-09-05,4.431450051766188,4.103342085397246,7.875809679507366,7.956195272911701,0.008401665796456822,0.0008727167121671266,0.009274382508623948,0.006867731406293907,0.0008057041109813216,0.007673435517275228,0.00160094699134872,93.45261691598546
2008-09-12,4.258670101767914,4.142380784709404,7.875809679507366,7.964940508761517,0.013607820026212056,0.0008522019330319592,0.014460021959244016,-0.003109409175607683,0.0007891042471917781,-0.002320304928415905,0.01678032688765992,95.02078237634294
2008-09-19,4.113742984389509,4.170841264585482,7.875809679507366,7.961594708940149,0.011414183938719407,0.0008189750195707526,0.01223315895829016,-0.00226590805995276,0.0007966116893671931,-0.0014692963705855667,0.013702455328875728,96.3228004021696
2008-09-26,4.04443037909641,4.199413079613952,7.875809679507366,7.961594708940149,0.005458928876792645,0.0007911044200749056,0.00625003329686755,-0.0022747721135548296,0.0008020848585741311,-0.0014726872549806985,0.007722720551848248,97.066674472447
2008-10-03,4.025603294301715,4.061273111766167,7.875809679507366,7.964940508761517,0.0014827853666296285,0.0007777750729031556,0.0022605604395327843,0.011002766257898347,0.0008075794383872985,0.011810345696285645,-0.00954978525675286,96.13970857564802
2008-10-10,3.4856565680729434,4.256110872878778,7.875809679507366,7.957365767133255,0.042525176528508714,0.0007741544796734067,0.04329933100818212,-0.015503953304223765,0.0007810140599550322,-0.014722939244268733,0.05802227025245085,101.71795272861613
2008-10-17,3.560161153652998,4.302085113298309,7.894294571733312,7.957365767133255,-0.00588161145513863,0.0006703185707832584,-0.005211292884355371,-0.003658338468843346,0.0008184828601689958,-0.00283985560867435,-0.002371437275681021,101.47673498390952
2008-10-24,3.567340140594957,4.302697355032544,7.894294571733312,7.957365767133255,-0.000566730376464544,0.0006846463757024996,0.00011791599923795563,-4.8718314172093895e-05,0.0008273240602496749,0.0007786057460775809,-0.0006606897468396253,101.4096903455629
2008-10-31,3.4709430105397847,4.399874335854271,7.894294571733312,7.957365767133255,0.007609873405252181,0.0006860269501144148,0.008295900355366596,-0.007732727805441761,0.00082744179904472,-0.006905286006397041,0.015201186361763637,102.95123794739453
2008-11-07,3.538021859847019,4.217212684704967,7.882473823247006,7.968742298652231,-0.005287472737578049,0.0006674890404884202,-0.0046199836970896285,0.014555836258551148,0.0008461296799719751,0.015401965938523124,-0.020021949635612754,100.88995344628782
2008-11-14,3.3627826608394047,4.143449006460201,8.328274106257874,7.968742298652231,0.014594400834964848,0.0006803888192013497,0.015274789654166197,0.005878037429332449,0.0008110024393663399,0.006689039868698789,0.008585749785467408,101.75616934244509
2008-11-21,3.4554041888893314,3.9048129763057053,7.894294571733312,7.968742298652231,-0.0073118162611018125,0.0006466889732383471,-0.0066651272878634656,0.019016290274745766,0.0007968171166269617,0.01981310739137273,-0.026478234679236195,99.06184561053574
2008-11-28,3.7107779931949954,3.7322824820100933,7.882473823247006,8.22196544364821,-0.020129773275823992,0.0006645008055556407,-0.01946527247026835,0.014185397620740671,0.0007509255723664818,0.014936323193107153,-0.0344015956633755,95.65396005217436
2008-12-05,3.2630087085274506,3.360025068912386,8.374031082698393,8.242024943864166,0.037496339076836444,0.0007136111525374992,0.03820995022937394,0.03068154884289652,0.0007177466311557873,0.031399295474052305,0.006810654755321638,96.30542615006905
2008-12-12,3.3482207555373824,3.3235337649934866,7.9400515481738285,8.246649756814659,-0.0067658804578427,0.0006275016747168174,-0.006138378783125883,0.0030093100258863996,0.0006461586670985358,0.0036554686929849353,-0.009793847476110819,95.36222549523342
2008-12-19,3.1943095293868877,3.023808797544453,8.393199575152314,8.265247783183527,0.012918076379375037,0.0006438886068341119,0.013561964986209148,0.024773011227728802,0.0006391411086525936,0.025412152336381395,-0.011850187350172247,94.23216525698554
2008-12-26,3.085894875826597,3.022561101820709,8.393199575152314,8.265247783183527,0.00909945824202516,0.000614290294112863,0.009713748536138022,0.00010312514314764059,0.0005815016918354717,0.0006846268349831123,0.00902912170115491,95.08299894525419
2009-01-02,3.0838098924605695,3.1895900415591885,8.393199575152314,8.26306447249113,0.00017499681501943274,0.0005934413222743456,0.0007684381372937783,-0.013801708978308931,0.0005812617503501363,-0.013220447227958796,0.013988885365252574,96.41310411768377
2009-01-09,3.258944259920958,3.1627364739064676,8.386695394520382,8.248695387929157,-0.014687985930022822,0.0005930403639347249,-0.014094945566088096,0.0022150689964644207,0.0006133827002998439,0.0028284516967642644,-0.01692339726285236,94.78146685535546
2009-01-16,3.3184871719685036,3.1323215246088396,7.959380003735459,8.25414719883438,-0.004739246635154125,0.0006267200499847996,-0.004112526585169326,0.0025104946854770586,0.0006082185526743207,0.003118713238151379,-0.007231239823320705,94.09607933771827
2009-01-23,3.3598716716057537,3.264396583714218,7.959380003735459,8.250953534950618,-0.003293949588773259,0.000638170609993943,-0.002655778978779316,-0.010897451758043328,0.0006023695239632383,-0.010295082234080091,0.007639303255300775,94.81490782291394
2009-01-30,3.404324500698774,3.3901885125622897,7.940895111509514,8.26306447249113,-0.0035299525323753177,0.0006461291676164912,-0.0028838233647588266,-0.01039426818190634,0.0006277685737911958,-0.009766499608115145,0.0068826762433563185,95.46748813650272
2009-02-06,3.372052573323482,3.488066659825082,7.901642315700928,7.998293486969906,0.002550012269578331,0.000654677788595918,0.003204690058174249,-0.00782858147768673,0.0006519593293389018,-0.007176622148347828,0.010381312206522077,96.4585659364202
2009-02-13,3.478700577409592,3.4476511396028044,7.920127207926874,8.251516631965885,-0.00844665758833496,0.0006484716487160543,-0.007798185939618906,0.0033348933730367692,0.000670782049966362,0.004005675423003131,-0.011803861362622037,95.31998239686936
2009-02-20,3.451212396949483,3.396716598165822,7.920127207926874,8.247287690158991,0.002177098859585134,0.0006689808802710754,0.0028460797398562098,0.004200718165971198,0.0006630098345390008,0.004863728000510199,-0.002017648260653989,95.12766020018076
2009-02-27,3.41465404028557,3.490112600555805,7.901642315700928,7.9940645451630115,0.002888710580080615,0.0006636946917210544,0.0035524052718016695,-0.007466136713657241,0.0006532147304165042,-0.006812921983240737,0.010365327255042406,96.11368952916209
2009-03-06,3.548187102763045,3.377814992241643,7.959380003735459,8.247287690158991,-0.010628403873207732,0.0006566642385164559,-0.009971739634691276,0.009261506826836845,0.0006711755001068856,0.00993268232694373,-0.019904421961635006,94.20060209648408
2009-03-13,3.4695818139777836,3.397342591060296,7.940895111509514,8.247287690158991,0.006241963534536768,0.000682343673608278,0.006924307208145046,-0.001610497253554398,0.0006495798062003159,-0.0009609174473540821,0.007885224655499127,94.94339500669815
2009-03-20,3.4182751179321955,3.2596970089441504,7.940895111509514,8.247287690158991,0.004074210918161153,0.0006672272719188046,0.004741438190079958,0.011352027149912555,0.0006533351136654414,0.012005362263577997,-0.007263924073498039,94.25373339408935
2009-03-27,3.499717878624317,3.322686797263907,7.940895111509514,8.247287690158991,-0.006467284202479053,0.0006573605996023454,-0.005809923602876708,-0.005194949058152488,0.0006268648094123366,-0.004568084248740152,-0.0012418393541365558,94.13668539868628
2009-04-03,3.463739087244978,3.4175492253882602,7.940895111509514,8.244040927633886,0.002857038085822138,0.0006730226689662148,0.003530060754788353,-0.007820497399518964,0.000638978230243059,-0.007181519169275905,0.010711579924064258,95.1450380281208
2009-04-10,3.458096802170413,3.4506805956486435,7.940895111509514,8.244040927633886,0.0004480479396635446,0.0006661036706240342,0.0011141516102875788,-0.0027313637241519182,0.0006572210048823578,-0.0020741427192695603,0.003188294329557139,95.44838841335135
2009-04-17,3.4414636389140565,3.4626040058679437,7.940895111509514,8.252958201290637,0.001320822047913414,0.0006650186158020025,0.0019858406637154164,-0.0009840340615672627,0.0006635924222401237,-0.00032044163932713906,0.0023062823030425552,95.66851934240302
2009-04-24,3.442996173385502,3.487120601981092,7.940895111509514,7.990817782637907,-0.00012169695492520692,0.0006618199305603955,0.0005401229756351885,-0.001959076521906975,0.0006658853857438354,-0.0012931911361631393,0.001833314111798328,95.84390978896829
2009-05-01,3.4424378669527136,3.6430971665779612,7.940895111509514,7.9728973408242005,4.433452822853034e-05,0.0006621146487279812,0.0007064491769565115,-0.012435851371052723,0.0006706001157655946,-0.011765251255287127,0.012471700432243639,97.03924632011129
2009-05-08,3.3967716562387267,3.675378241359928,7.940895111509514,7.971674471725872,0.0036263058941986208,0.0006620072821062911,0.004288313176304912,-0.0025733421975927717,0.0007005956089573002,-0.0018727465886354715,0.006161059764940384,97.63711091623428
2009-05-15,3.3442318649195224,3.5822521928686557,7.940895111509514,7.971674471725872,0.004172129720463992,0.0006532253185074474,0.00482535503897144,0.007423705434105798,0.0007068035079538323,0.00813050894205963,-0.00330515390308819,97.31440523800323
2009-05-22,3.326874252204415,3.730146204656585,7.940895111509514,8.000010850900493,0.0013783498195687337,0.0006431215124845235,0.0020214713320532572,-0.011831536990866396,0.0006888946524747415,-0.011142642338391654,0.013164113670444911,98.59546313032806
2009-05-29,3.36984143756012,3.7377031812735604,7.940895111509514,8.000010850900493,-0.003411979121464409,0.0006397835100393106,-0.002772195611425099,-0.0006045589493580457,0.0007173358085878048,0.00011277685922975915,-0.002884972470654858,98.31101793346558
2009-06-05,3.4210163917156033,3.9649609577946867,7.901642315700928,7.971674471725872,-0.004043661832590239,0.000648046430300023,-0.003395615402290216,-0.01811625015594646,0.0007187890733218386,-0.017397461082624622,0.014001845680334406,99.68755363524654
2009-06-12,3.426920956850737,3.96692299847148,7.901642315700928,7.967445529918978,-0.0004665576172758314,0.000657887767637616,0.00019133015036178463,-0.00015632452219835875,0.0007624924918835936,0.0006061679696852348,-0.00041483781932345016,99.64619946788281
2009-06-19,3.420248242069397,3.9416987054092423,7.901642315700928,7.995781909093598,0.0005272540547683846,0.000659023260932834,0.0011862773157012185,0.0020168794613671555,0.0007628698073983616,0.002779749268765517,-0.0015934719530642984,99.48741604380129
2009-06-26,3.5838531983409236,3.8179400449843577,7.901642315700928,7.967445529918978,-0.012927478455334955,0.0006577400465518072,-0.012269738408783147,0.009860403857910075,0.0007580189818094697,0.010618422839719545,-0.02288816124850269,97.21033202319389
2009-07-03,3.5959765856981867,3.790980887361785,7.901642315700928,7.967445529918978,-0.0009579467055178327,0.0006892025381424853,-0.00026874416737534743,0.0021479561989034644,0.0007342192394200688,0.002882175438323533,-0.0031509196056988807,96.90403008214551
2009-07-10,3.593058516136969,3.6612906522720787,7.901642315700928,7.995781909093598,0.00023057541925077985,0.0006915339587881127,0.0009221093780388926,0.010369748355163706,0.0007290347860311126,0.011098783141194819,-0.010176673763155926,95.91786938166447
2009-07-17,3.7105524166433708,3.86913448063524,7.901642315700928,7.967445529918978,-0.009283947760781404,0.0006909727915648018,-0.008592974969216603,-0.016559843812133157,0.0007040943562061689,-0.01585574945592699,0.007262774486710387,96.61449923622925
2009-07-24,3.7772007900732425,3.8743226766866954,7.901642315700928,7.967445529918978,-0.005266316077661119,0.0007135677724314175,-0.0045527483052297014,-0.00041336669438512294,0.0007440643231990846,0.00033069762881396164,-0.004883445934043663,96.14268755276441
2009-07-31,3.8210741367899432,3.7806978299863316,7.901642315700928,7.967445529918978,-0.003466714929481009,0.0007263847673217774,-0.002740330162159232,0.007459508663321627,0.0007450620532089799,0.008204570716530607,-0.010944900878689838,95.09041536728856
2009-08-07,3.7860102578936528,3.9295357278895615,7.901642315700928,7.973857782418268,0.002770622292395416,0.0007348219493826814,0.0035054442417780975,-0.011868122305144451,0.0007270572749973716,-0.01114106503014708,0.014646509271925177,96.48315801763677
2009-08-14,3.8275074418934047,3.7321019505796773,7.901642315700928,8.002194161592888,-0.003278959050748679,0.0007280788957487795,-0.0025508801549998994,0.015799034200903856,0.0007556799476710695,0.016554714148574925,-0.019105594303574825,94.6397899434241
2009-08-21,3.8273168734806875,3.740560442674884,7.901642315700928,7.973857782418268,1.505803433962592e-05,0.0007360591234410394,0.0007511171577806653,-0.000674468130208888,0.000717711913573015,4.324378336412703e-05,0.0007078733744165383,94.70678293088542
2009-08-28,3.8191414574318303,3.6869961519826546,7.901642315700928,7.973857782418268,0.0006459921340011043,0.0007360224756693631,0.0013820146096704673,0.004271140361959491,0.0007193385466682469,0.004990478908627738,-0.0036084642989572704,94.36503688581024
2009-09-04,3.8120428278769674,3.686661681057695,7.901642315700928,7.9696288406113736,0.0005609083167419038,0.000734450280275352,0.0012953585970172559,2.6656091299034248e-05,0.000709037721535126,0.0007356938128341602,0.0005596647841830957,94.41784967381336
2009-09-11,3.7021465637737148,3.6319894101307666,7.901642315700928,7.973857782418268,0.008683609707757056,0.000733085159207109,0.009416694866964165,0.004359489130131689,0.0007089734002034029,0.005068462530335091,0.004348232336629074,94.82840042092
2009-09-18,3.716778677001564,3.7040854453398877,7.901642315700928,7.973857782418268,-0.0011561772504929955,0.0007119512622641758,-0.00044422598822881965,-0.005748835314337518,0.0006984595019482244,-0.005050375812389293,0.004606149824160474,95.26519424084425
2009-09-25,3.752890052777914,3.6270525837180116,7.901642315700928,7.9696288406113736,-0.0028533917491258497,0.0007147651301926083,-0.0021386266189332413,0.006139233156565285,0.0007123241241038246,0.00685155728066911,-0.008990183899602351,94.40874262538772
2009-10-02,3.798876189859037,3.555596400138085,7.901642315700928,8.003417030691217,-0.003633660066958249,0.0007217096255342141,-0.0029119504414240353,0.005718936366117841,0.0006975101122534637,0.0064164464783713045,-0.00932839691979534,93.5280604014793
2009-10-09,3.812818296079638,3.658781800633748,7.901642315700928,7.9793095933234905,-0.0011016553648270056,0.0007305531134344302,-0.0003711022513925754,-0.008233482560659715,0.0006837685384880933,-0.007549714022171622,0.007178611770779047,94.1994620367755
2009-10-16,3.8409025069754312,3.6582191379101237,7.901642315700928,7.973857782418268,-0.0022191138921726743,0.0007332342877076227,-0.0014858796044650516,4.486592537648875e-05,0.0007036118847372592,0.0007484778101137479,-0.0022343574145787994,93.98898677032429
2009-10-23,4.060638320560896,3.7099132173901754,7.901642315700928,7.9793095933234905,-0.017362738029018793,0.0007386350974952753,-0.01662410293152352,-0.004124830643132042,0.0007035036803673314,-0.0034213269627647105,-0.01320277596875881,92.74807123446506
2009-10-30,3.9750724044618306,3.6813153809264882,7.901642315700928,7.9793095933234905,0.006761112634300904,0.0007808919847232493,0.007542004619024153,0.002281909908429955,0.0007134448494981107,0.0029953547579280653,0.0045466498610960875,93.16976423966015
2009-11-06,3.970157374762932,3.708971749743453,7.901642315700928,7.9793095933234905,0.00038836806651742817,0.0007644370008580443,0.0011528050673754724,-0.0022067872901770044,0.0007079452655627863,-0.001498842024614218,0.00265164709198969,93.41681757406762
2009-11-13,3.956833213047191,3.676333319816116,7.901642315700928,7.9793095933234905,0.0010528276003434242,0.0007634918028390254,0.0018163194031824495,0.0026043213703021845,0.0007132637980275872,0.0033175851683297716,-0.0015012657651473221,93.27657410395467
2009-11-20,3.9589315704699133,3.6404743113685916,7.901642315700928,7.9793095933234905,-0.000165804698048472,0.0007609294640475368,0.0005951247659990648,0.002861301301123989,0.0007069871768877145,0.0035682884780117038,-0.002973163712012639,92.99924757864794
2009-11-27,3.9901981924207663,3.5423286676695507,7.901642315700928,7.982655393144857,-0.00247057663075884,0.0007613329943211371,-0.001709243636437703,0.007834628519878224,0.0007000912137247292,0.008534719733602952,-0.010243963370040656,92.04656669301092
2009-12-04,3.860257375735438,3.679767221782853,7.940895111509514,7.981311849609582,0.010318463960020766,0.0007673458062347628,0.011085809766255528,-0.010969399605377074,0.0006812170514749135,-0.01028818255390216,0.021373992320157686,94.01396930260421
2009-12-11,3.8813407168398206,3.743122385210331,7.940895111509514,7.981311849609582,-0.0016742060031007843,0.0007423571876414304,-0.0009318488154593539,-0.0050565731659768035,0.0007076475426505487,-0.004348925623326255,0.003417076807866901,94.33522225672365
2009-12-18,3.918369864434099,3.7427255206457155,7.940895111509514,7.975860038704359,-0.0029404457711477085,0.0007464116763153501,-0.002194034094832358,3.1653362216929414e-05,0.0007198312279250637,0.0007514845901419931,-0.0029455186849743514,94.05735609691527
2009-12-25,3.8721647994907027,3.882759760777206,7.940895111509514,7.975860038704359,0.003669095743359968,0.0007535326662373268,0.004422628409597295,-0.011168934999150868,0.0007197549078164837,-0.010449180091334385,0.01487180850093168,95.45615908489252
2010-01-01,3.8789194436623866,3.930419210558561,7.940895111509514,7.9696288406113736,-0.0005363792088291107,0.0007446470768251352,0.0002082678679960245,-0.00379828125505154,0.0007466845693802319,-0.003051596685671308,0.003259864553667333,95.76733323432258
2010-01-08,3.8709290912925525,3.918128094493528,7.940895111509514,7.973857782418268,0.000634505500728544,0.0007459460468581513,0.0013804515475866952,0.0009800761148976934,0.0007558498481843387,0.0017359259630820322,-0.0003554744154953371,95.73329039751756
2010-01-15,3.9529940369081653,3.8516457897524417,7.940895111509514,7.9696288406113736,-0.006516691254653141,0.0007444094406331832,-0.005772281814019958,0.005298392932548756,0.0007534861720179862,0.006051879104566742,-0.0118241609185867,94.60132456659153
2010-01-22,3.849449285152658,3.810740299512013,7.940895111509514,7.9696288406113736,0.008222380130377755,0.0007601911609438779,0.008982571291321633,0.0032600157475946735,0.0007407011134139311,0.004000716861008604,0.004981854430313029,95.07261459449708
2010-01-29,3.8431964301488177,3.816664345112325,7.940895111509514,7.9696288406113736,0.0004965326573297163,0.0007402787086832034,0.0012368113660129196,-0.00047212444669345293,0.0007328346729830794,0.0002607102262896265,0.0009761011397232931,95.16541508195925
2010-02-05,3.7874683083274263,3.7864875919625893,7.940895111509514,7.981311849609582,0.004425311701450938,0.0007390762365670803,0.005164387938018018,0.0024085007749673035,0.000733973912521601,0.0031424746874889045,0.0020219132505291133,95.35783129570555
2010-02-12,3.828342456498744,3.8366418815379197,7.940895111509514,7.9770829078026875,-0.003245773234007308,0.0007283592900629665,-0.0025174139439443416,-0.0040008492612435475,0.0007281706907620364,-0.003272678570481511,0.0007552646265371697,95.42985169254649
2010-02-19,3.824283020139327,3.8825771803084126,7.940895111509514,7.9770829078026875,0.00032235558341977297,0.0007362197031728353,0.0010585752865926081,-0.003664296866869083,0.0007378157464495999,-0.0029264811204194833,0.003985056407012091,95.81014503445408
2010-02-26,3.797706171648102,3.795234555654674,7.940895111509514,7.975860038704359,0.002110439662632958,0.0007354390423344859,0.002845878704967444,0.0069663254965130735,0.0007466494577516179,0.007712974954264692,-0.004867096249297247,95.34382783691227
2010-03-05,3.6203199834157944,3.8259481002757196,7.952715859995821,7.9770829078026875,0.014107019524992782,0.0007303281099323273,0.01483734763492511,-0.002450044918345779,0.0007298527991643604,-0.0017201921191814186,0.016557539754106527,96.92248705663063
2010-03-12,3.795697675588873,3.5567769626347747,7.940895111509514,8.063902819860438,-0.013926558584450197,0.0006962153814261142,-0.013230343203024082,0.021705698958478577,0.000735759250053023,0.0224414582085316,-0.03567180141155568,93.46508734603242
2010-03-19,3.6989535792457575,3.547960151217475,7.945368116028204,8.063902819860438,0.007686674584985501,0.0007299418606901679,0.008416616445675668,0.0007109791045013922,0.0006839955697374567,0.001394974674238849,0.007021641771436819,94.12136570751231
2010-03-26,3.6975701286308738,3.631505188328443,7.952715859995821,8.063902819860438,0.00011002189646507075,0.0007113372267780303,0.0008213591232431011,-0.006736990603444766,0.0006823000290802837,-0.006054690574364483,0.006876049697607584,94.76854889572387
2010-04-02,3.728408697118266,3.6790446900094973,7.952715859995821,8.063902819860438,-0.00245250372709253,0.0007110711785828604,-0.0017414325485096693,-0.0038335392166061522,0.0006983663823708543,-0.003135172834235298,0.0013937402857256286,94.9006316401396
2010-04-09,3.724141064999204,3.647310407360487,7.952715859995821,8.058292019179651,0.0003393926563789197,0.0007170016725227435,0.0010563943289016633,0.002557241166049096,0.0007075085942325957,0.0032647497602816917,-0.0022083554313800284,94.69105731481571
2010-04-16,3.7254598310345117,3.5852399001611612,7.952715859995821,8.068255089222239,-0.00010487771564614252,0.0007161809740383085,0.0006113032583921661,0.005008006856015671,0.0007014058475693244,0.0057094127035849955,-0.00509810944519283,94.20831194114375
2010-04-23,3.730064328427349,3.609914876589823,7.952715859995821,8.063902819860438,-0.0003661825944332575,0.0007164345828912523,0.00035025198845799475,-0.0019897661200307384,0.0006894692115694541,-0.0013002969084612843,0.001650548896919279,94.36380736649882
2010-04-30,3.5968183880821405,3.5314996453629472,7.952715859995821,8.063902819860438,0.01059667103063396,0.0007173200631591056,0.011313991093793066,0.006323328042104099,0.0006942143993441968,0.007017542441448296,0.00429644865234477,94.76923661948872
2010-05-07,3.56966486327626,3.3473107860004765,7.940895111509514,8.085583532955427,0.0021562329239126713,0.00069169584386195,0.0028479287677746212,0.014892744082150366,0.0006791345471851822,0.015571878629335548,-0.012723949861560927,93.56339760432395
2010-05-14,3.534206986145367,3.3335348625923484,7.952715859995821,8.085583532955427,0.002819864218206384,0.0006864740121685116,0.0035063382303748957,0.0011138637946001542,0.0006437136126923993,0.0017575774072925536,0.0017487608230823421,93.72701760852887
2010-05-21,3.473459471873368,3.209472169045305,7.940895111509514,8.087372049430517,0.004823896391188702,0.0006796551896433398,0.005503551580832042,0.010033411601694214,0.0006410643966523748,0.010674475998346589,-0.005170924417514547,93.24236228459611
2010-05-28,3.4760605738199226,3.2662647012026063,7.952715859995821,8.087372049430517,-0.00020685824703830824,0.000667972975360263,0.00046111472832195477,-0.004593023371853405,0.0006172061863548664,-0.003975817185498538,0.004436931913820493,93.65607229753664
2010-06-04,3.57100199091413,3.4501233445656285,7.952715859995821,8.009121265375212,-0.007550421134955828,0.000668473187273062,-0.006881947947682766,-0.014725461703818186,0.0006281278271543474,-0.014097333876663839,0.007215385928981073,94.33183700375591
2010-06-11,3.553324806058312,3.4644176101410786,7.952715859995821,8.004892323568319,0.0014058162836294295,0.0006867311520988711,0.002092547435728301,-0.001144240567759674,0.0006634852585703131,-0.000480755309189361,0.002573302744917662,94.57458137885081
2010-06-18,3.574951649684627,3.455236392750592,7.952715859995821,8.007383428981122,-0.0017199214230864443,0.0006833316934727522,-0.001036589729613692,0.0007351752799045752,0.0006662341557963613,0.0014014094357009364,-0.0024379991653146285,94.34400862838919
2010-06-25,3.666010172817209,3.4008726139228647,7.940895111509514,8.009121265375212,-0.007230861812047964,0.0006874907018624282,-0.006543371110185536,0.004354060970753041,0.0006644685370674214,0.005018529507820463,-0.011561900618005999,93.25321257672346
2010-07-02,3.474171022886472,3.302005957067405,7.940895111509514,8.034759729141271,0.015233745678811304,0.0007050019563110018,0.015938747635122305,0.007943698330570745,0.0006540139642159354,0.00859771229478668,0.007341035340335625,93.937787705849
2010-07-09,3.470504401715846,3.3369225528991415,7.952715859995821,8.034759729141271,0.0002915959633623379,0.0006681098120935523,0.0009597057754558902,-0.002805464580675371,0.0006350011455898857,-0.0021704634350854855,0.0031301692105413755,94.23182887663224
2010-07-16,3.4290230100200856,3.2792201378266848,7.940895111509514,8.28798287413725,0.003293993805354749,0.0006674046926376626,0.003961398497992412,0.0047823662791688076,0.0006417158755575273,0.005424082154726334,-0.0014626836567339227,94.09399752059022
2010-07-23,3.4540348955522546,3.308080061009154,7.940895111509514,8.034759729141271,-0.001986167595520367,0.0006594275019269394,-0.0013267400935934276,-0.0023188254857261516,0.0006306192572743624,-0.0016882062284517892,0.00036146613485836163,94.12800931418735
2010-07-30,3.5057679685659244,3.2589481393385706,7.971200752221766,8.28798287413725,-0.004123747105213083,0.0006642374799138951,-0.003459509625299188,0.004072045253792483,0.0006361692425017604,0.004708214496294244,-0.008167724121593431,93.3591977019943
2010-08-06,3.4924050396782023,3.126649616902678,7.940895111509514,8.326598714788489,0.0010611361667996224,0.0006741861478011394,0.0017353223146007618,0.01101596706883121,0.0006267207960266482,0.011642687864857858,-0.009907365550257096,92.43425400288191
2010-08-13,3.4638205804555033,3.029051772866582,7.971200752221766,8.346017820306358,0.0022785246285783006,0.0006716163537842697,0.00295014098236257,0.008145533455487382,0.0006012787724812841,0.008746812227968666,-0.005796671245606096,91.89844302059437
2010-08-20,3.4169351393788534,2.9852037002015526,7.971200752221766,8.359559906913603,0.003737332631784413,0.000666119342395289,0.004403451974179702,0.0036655059024601248,0.0005825099563204965,0.004248015858780621,0.00015543611539908103,91.91272735758871
2010-08-27,3.543784668655463,3.003345435649674,7.916371506905264,8.35064263325685,-0.010041879992296977,0.0006571029114190104,-0.009384777080877966,-0.0015149514947435027,0.0005740776346541447,-0.0009408738600893581,-0.008443903220788609,91.1366251830225
2010-09-03,3.5249202516425644,3.019955184140758,7.922795628957684,8.339266101737874,0.0014945892065262839,0.0006814970516645121,0.002176086258190796,-0.0013851311255008941,0.0005775664299326296,-0.0008075646955682645,0.0029836509537590605,91.40854506167221
2010-09-10,3.568026158826802,3.0715869620807092,7.916371506905264,8.339266101737874,-0.003412423754126021,0.0006778692791620316,-0.0027345544749639893,-0.004305711355470916,0.0005807606123347612,-0.003724950743136155,0.0009903962681721656,91.49907574358032
2010-09-17,3.5310331736253042,3.042187996594697,7.916371506905264,8.343558562444134,0.0029285021400450566,0.000686158876697462,0.0036146610167425187,0.0024529199020781552,0.0005906898004001364,0.0030436097024782918,0.000571051314264227,91.55132641103766
2010-09-24,3.651654260416775,2.970031591234354,7.916371506905264,8.348183375394626,-0.00954881334607946,0.0006790448410817894,-0.00886976850499767,0.006023749036574526,0.0005850361531912879,0.006608785189765813,-0.015478553694763484,90.1342442893576
2010-10-01,3.6066177269535666,2.9339224009995957,7.916371506905264,8.348183375394626,0.0035652593027792803,0.0007022412039263029,0.004267500506705583,0.0030144614161677153,0.0005711599213912219,0.003585621337558937,0.0006818791691466462,90.1957049529653
2010-10-08,3.624475585649874,2.8589155926049274,7.934628872514442,8.348183375394626,-0.0014169548121300208,0.0006935803321064551,-0.0007233744800235656,0.006261705908817793,0.0005642158463460761,0.006825921755163869,-0.007549296235187435,89.5147908571338
2010-10-15,3.707015374435147,2.9385246405799803,7.941052994566862,8.348183375394626,-0.006554528369042103,0.0006970145357018988,-0.005857513833340204,-0.006645909308363295,0.0005497914601163322,-0.006096117848246963,0.00023860401490675889,89.53614944562585
2010-10-22,3.674694399093995,2.959961454872883,7.916371506905264,8.315222183269514,0.0025586484826608485,0.0007128875720067591,0.0032715360546676075,-0.0017825187374697514,0.000565100892419227,-0.0012174178450505245,0.004488953899718132,89.93807309284554
2010-10-29,3.9155076635291426,2.976314849945215,7.934628872514442,8.348183375394626,-0.01910763880871578,0.0007066719998257682,-0.018400966808890012,-0.0013652114087410073,0.0005692233567063238,-0.0007959880520346835,-0.01760497875685533,88.3547152266135
2010-11-05,3.907188159796573,3.0773133772409564,7.934628872514442,8.27370318628604,0.0006601217452143859,0.0007529822429863736,0.0014131039882007595,-0.008356318370969736,0.0005723682403740798,-0.007783950130595655,0.009197054118796415,89.1673183242035
2010-11-12,4.071496375763498,3.1777524358321405,7.916371506905264,8.27370318628604,-0.013007248792310043,0.0007513823384224179,-0.012255866453887624,-0.0083100295909345,0.0005917910340847994,-0.0077182385568497,-0.004537627897037925,88.76271021307154
2010-11-19,4.124041127924279,3.243241805568799,7.916371506905264,8.27370318628604,-0.0041596377884300486,0.0007829800722622111,-0.0033766577161678376,-0.005418396070580563,0.000611106237660027,-0.004807289832920536,0.001430632116752698,88.88969699707238
2010-11-26,4.17432582996625,3.2434948589876162,7.916371506905264,8.269078373335548,-0.003980723824782784,0.0007930848322931307,-0.0031876389924896534,-2.0925185528399827e-05,0.0006237003472247692,0.0006027751616963693,-0.0037904141541860227,88.55276823141337
2010-12-03,4.1805732492843095,3.4251772915781253,7.916371506905264,7.986504743710669,-0.0004945689228117574,0.000802754967301202,0.0003081860444894446,-0.014510076097329948,0.0006237490113437723,-0.013886327085986175,0.01419451313047562,89.80973166281414
2010-12-10,4.1445118834840855,3.572369243651476,7.916371506905264,7.986504743710669,0.0028547516872098134,0.0008039563940931365,0.0036587080813029497,-0.011755492234698487,0.0006586879406881011,-0.011096804294010386,0.014755512375313334,91.13492026978837
2010-12-17,4.118770763081731,3.584943139543128,7.916371506905264,7.986504743710669,0.0020377627210901904,0.0007970215160546317,0.002834784237144822,-0.0010042147918560393,0.0006869940853175915,-0.00031722070653844776,0.0031520049436832695,91.42217798902092
2010-12-24,4.10685220949794,3.6196979310958692,7.916371506905264,7.986504743710669,0.0009435169799424592,0.0007920713005926405,0.0017355882805350996,-0.0027756930760264214,0.0006894121422198323,-0.002086280933806589,0.003821869214341689,91.77158159658522
2010-12-31,4.192048997564886,3.56612057500934,7.916371506905264,7.986504743710669,-0.006744494255330157,0.0007897792710572961,-0.005954714984272861,0.004278958085405424,0.0006960957559799749,0.004975053841385399,-0.01092976882565826,90.76853942496952
2011-01-07,4.173020900326115,3.6292351324623304,7.916371506905264,7.964309155914553,0.0015063348681162484,0.000806163268762478,0.0023124981368787263,-0.005026638477943477,0.0006857924182710269,-0.00434084605967245,0.006653344196551177,91.37245375998208
2011-01-14,4.185180133449651,3.6476878328187055,7.916371506905264,7.955391882257802,-0.0009625700664497958,0.0008025040192934837,-0.0001600660471563121,-0.0014679846262084155,0.0006979298331658327,-0.0007700547930425828,0.0006099887458862707,91.42818992845969
2011-01-21,4.2751644386203305,3.7146696549998826,7.916371506905264,7.955391882257802,-0.007123491895218332,0.0008048423333557023,-0.006318649561862629,-0.005328666444389718,0.0007014784293882125,-0.004627188015001505,-0.001691461546861124,91.27354266089658
2011-01-28,4.293274415977252,3.6680277077590646,7.916371506905264,7.955391882257802,-0.0014336530873903324,0.0008221470074269866,-0.0006115060799633458,0.003710549684522997,0.000714359549038439,0.004424909233561436,-0.0050364153135247815,90.81385119291959
2011-02-04,4.290062967899148,3.874406856367118,7.916371506905264,7.955391882257802,0.00025423016061406646,0.0008256296953802408,0.0010798598559943074,-0.016418270035037853,0.0007053899437998201,-0.015712880091238033,0.016792739947232342,92.33886457960892
2011-02-11,4.37810515614662,3.854527358499791,7.916371506905264,7.946594271531212,-0.006969746704478734,0.0008250121092113747,-0.006144734595267359,0.0015797430387342042,0.0007450782416090611,0.0023248212803432654,-0.008469555875610624,91.55679540656149
2011-02-18,4.411613645967523,3.8187137472791934,7.916371506905264,7.946594271531212,-0.0026526565405762367,0.0008419432992589653,-0.0018107132413172715,0.0028459623776844476,0.0007412552612499598,0.0035872176389344073,-0.005397930880251679,91.06257815333953
2011-02-25,4.214973453262352,3.731787026341649,7.916371506905264,7.946594271531212,0.015566768186435787,0.000848387239609139,0.016415155426044926,0.006907713826452825,0.0007343680283229218,0.007642081854775747,0.008773073571269179,91.86147685106822
2011-03-04,4.162829596039238,3.763211449837099,7.953331840568531,7.946594271531212,0.004147173999426509,0.0008105718179350676,0.004957745817361576,-0.0024971714373511504,0.0007176513512195479,-0.0017795200861316024,0.006737265903493179,92.48037204690146
2011-03-11,4.117654975282091,3.715356122293816,7.953331840568531,7.946594271531212,0.003592887496534276,0.0008005441530844689,0.004393431649618745,0.0038028687171770543,0.0007236945095840576,0.0045265632267611116,-0.00013313157714236676,92.46805998911614
2011-03-18,4.057824476422966,3.6578615742639564,7.953331840568531,7.946594271531212,0.00475851811613374,0.0007918567260157866,0.0055503748421495275,0.00456885846018357,0.0007144915619795799,0.005283350022163151,0.0002670248199863768,92.49275125618922
2011-03-25,4.113954135997309,3.73677405428915,7.953331840568531,7.946594271531212,-0.004464178086928946,0.0007803508608505704,-0.0036838272260783754,-0.006270854617205253,0.0007034349181276839,-0.005567419699077569,0.0018835924729991935,92.66696990626237
2011-04-01,4.091740855430147,3.755860461823543,7.916371506905264,7.941460502120193,0.001758485813567753,0.0007911450261533286,0.0025496308397210815,-0.001515739515617517,0.0007186103950556058,-0.0007971291205619113,0.003346759960282993,92.9771040107854
2011-04-08,4.261327150524438,3.8179069394336866,7.916371506905264,7.9503777757769445,-0.013425081144460733,0.0007868732414288744,-0.01263820790303186,-0.004932929366569265,0.000722280858042989,-0.004210648508526277,-0.008427559394505582,92.19353394440539
2011-04-15,4.391942774890575,3.735982829101277,7.916371506905264,7.9503777757769445,-0.010340018070887292,0.0008194859904854689,-0.009520532080401822,0.006513276260870889,0.0007342128729680166,0.007247489133838906,-0.01676802121424073,90.64763081140977
2011-04-22,4.209925210151228,3.729709260745002,7.909114204759293,7.9503777757769445,0.01439597706795663,0.0008446043797866491,0.01524058144774328,0.0004987723843454374,0.0007184582363656301,0.0012172306207110675,0.014023350827032212,91.91881433991746
2011-04-29,4.189267098403172,3.6786355851744634,7.916371506905264,7.9503777757769445,0.0016353728722877706,0.0008096010019521592,0.00244497387423993,0.004060550151832533,0.0007172517809125005,0.004777801932745034,-0.002332828058505104,91.70438355072078
2011-05-06,4.219209212702436,3.5479820235211363,7.909114204759293,7.952380032063036,-0.0023681560152483848,0.0008056282881544561,-0.0015625277270939287,0.01039006774809835,0.0007074299202258583,0.011097497668324208,-0.012660025395418138,90.5434037260975
2011-05-13,4.144334586418131,3.5430630486302435,7.909114204759293,7.952380032063036,0.005921919703212452,0.0008113863870581608,0.006733306090270613,0.0003911755770055599,0.0006823042352925262,0.001073479812298086,0.005659826277972527,91.05586366180354
2011-05-20,4.333924329422907,3.5230725037281623,7.909114204759293,7.952380032063036,-0.014994869294757424,0.0007969874204650252,-0.0141978818742924,0.0015897241010936992,0.0006813582785827391,0.0022710823796764385,-0.016468964253968838,89.55626789804305
2011-05-27,4.1540439051891305,3.485481901055137,7.909114204759293,7.952380032063036,0.01422694818465492,0.0008334469864274822,0.015060395171082402,0.002989347580901798,0.0006775139430246466,0.0036668615239264443,0.011393533647155958,90.5766302496531
2011-06-03,4.192321386900433,3.4201420793236834,7.909114204759293,8.248608034144743,-0.0030274097432527857,0.0007988545971517558,-0.00222855514610103,0.005389625784836551,0.0006702849809721418,0.0060599107658086925,-0.008288465911909723,89.82588893741321
2011-06-10,4.164647213651732,3.412869979562086,7.909114204759293,8.248608034144743,0.0021887819674627005,0.0008062156513270064,0.002994997618789707,0.0005998470051861599,0.0006577196306391699,0.0012575666358253298,0.0017374309829643773,89.98195521992538
2011-06-17,4.2080113750234,3.3915425921645674,7.909114204759293,8.248608034144743,-0.0034297210468212996,0.0008008936949330254,-0.002628827351888274,0.0017592125903448748,0.0006563211499157858,0.0024155337402606606,-0.005044361092148935,89.5280537460185
2011-06-24,4.232060184861655,3.361650246172562,7.916371506905264,8.248608034144743,-0.001903793129785429,0.0008092329567352691,-0.0010945601730501598,0.0024657024530909113,0.0006522197292624168,0.003117922182353328,-0.004212482355403488,89.15091839929978
2011-07-01,4.179771345219721,3.555653946665899,7.916371506905264,7.948612108054899,0.00413937880270542,0.0008138577278580105,0.004953236530563431,-0.015420601627487951,0.0006464712011870313,-0.01477413042630092,0.01972736695686435,90.90963128110423
2011-07-08,4.155010014833262,3.4558614687091316,7.916371506905264,7.948612108054899,0.001960198903444342,0.0008038021817730232,0.0027640010852173656,0.007932116985799627,0.0006837796051280575,0.008615896590927685,-0.005851895505710319,90.37763761838455
2011-07-15,4.219762129068914,3.41434777399434,7.916371506905264,8.201835253050877,-0.005126017921469935,0.0007990403874679349,-0.004326977534002,0.003404884847961697,0.0006645887439825254,0.0040694735919442225,-0.008396451125946221,89.61878620124331
2011-07-22,4.398435726223601,3.43924208353389,7.916371506905264,8.2072870639561,-0.014144465735516363,0.0008114927171286372,-0.013332973018387727,-0.0020431474465006914,0.0006566053411527576,-0.0013865421053479337,-0.011946430913039794,88.54816156337967
2011-07-29,4.366052185926404,3.3561304863548136,7.916371506905264,8.20357308944497,0.0025636013570145256,0.0008458530242737694,0.003409454381288295,0.00681812062039063,0.000661392708371902,0.007479513328762532,-0.004070058947474238,88.18776532612624
2011-08-05,4.250437250713714,3.070683174502118,7.934628872514442,8.292647768519778,0.00917361603032499,0.0008396254203704623,0.010013241450695452,0.02367114013665226,0.0006454097089143873,0.024316549845566648,-0.014303308394871195,86.92638852201213
2011-08-12,4.131273501876948,2.894899798672619,7.934628872514442,8.288022955569286,0.00945520122077258,0.0008173917789834064,0.010272592999755987,0.014568966540823515,0.0005905159950965611,0.015159482535920076,-0.004886889536164089,86.50158886352737
2011-08-19,4.152575875195873,2.7890894957739603,7.934628872514442,8.320984147694398,-0.001690264263894204,0.0007944756734378747,-0.0008957885904563292,0.008804458530824805,0.0005567114997447344,0.00936117003056954,-0.01025695862102587,85.6143456459012
2011-08-26,4.183343989180954,2.847221141105357,7.934628872514442,8.320984147694398,-0.0024413356557883956,0.000798572283691514,-0.0016427633720968817,-0.00483712499281945,0.0005363633645719154,-0.004300761628247534,0.0026579982561506523,85.84190842732949
2011-09-02,4.217749459913013,2.7032656762398535,7.934628872514442,8.344432251933618,-0.0027299464144304696,0.0008044892286886449,-0.0019254571857418247,0.012012266238658042,0.0005475425271356456,0.012559808765793688,-0.014485265951535512,84.59846555397226
2011-09-09,4.287119043609826,2.640216918087745,7.934628872514442,8.5976553969296,-0.00550421901675037,0.0008111056653678871,-0.004693113351382483,0.005420714957961841,0.0005198587838922795,0.005940573741854121,-0.010633687093236604,83.69887194270336
2011-09-16,4.265495131317922,2.735321360200407,7.934628872514442,8.344432251933618,0.0017157771880805587,0.0008244459699249666,0.002540223158005525,-0.007935925740670516,0.0005077340227091818,-0.007428191717961334,0.00996841487596686,84.53321702287865
2011-09-23,4.340716222236159,2.624371910209887,7.934628872514442,8.593030583979107,-0.005968514398218731,0.0008202875252534466,-0.005148226872965284,0.009533920170442,0.0005260233385000784,0.01005994350894208,-0.015208170381907363,83.24762145546396
2011-09-30,4.105149438189926,2.6496755080629475,7.934628872514442,8.593030583979107,0.018691350060986132,0.0008347531196607998,0.01952610318064693,-0.0021743459023605667,0.0005046869058095936,-0.0016696589965509731,0.021195762177197906,85.01211824165136
2011-10-07,4.145132213235892,2.7949928522628444,7.934628872514442,8.317611851187014,-0.003172484812829738,0.0007894518150365243,-0.0023830329977932137,-0.012086932643000852,0.0005095529823197976,-0.011577379660681054,0.009194346662887841,85.79374912731153
2011-10-14,4.126733286835015,2.8749810572079335,7.934628872514442,8.317611851187014,0.001459886526436689,0.0007971408102376716,0.0022570273366743607,-0.006653108414064485,0.0005374986254351624,-0.006115609788629323,0.008372637125303683,86.51206905637385
2011-10-21,4.038863853115725,2.85986709197999,7.934628872514442,8.322236664137506,0.006972113458005744,0.0007936025551605799,0.007765716013166324,0.0012578199556049264,0.0005528809725399872,0.0018107009281449135,0.00595501508502141,87.02724973264095
2011-10-28,4.088717848557308,2.910830195437374,7.934628872514442,8.322236664137506,-0.003955729516409885,0.0007767045871376394,-0.003179024929272246,-0.004241270081112766,0.0005499744407653827,-0.0036912956403473834,0.0005122707110751376,87.07183124374441
2011-11-04,4.023390934181846,2.835241756730556,7.934628872514442,8.31593293664353,0.005183448209558214,0.0007862918939533284,0.0059697401035115425,0.006285883870714901,0.0005597750375841104,0.006845658908299012,-0.0008759188047874691,86.99556338939074
2011-11-11,3.9065850865795215,2.821098891378409,7.934628872514442,8.31593293664353,0.00926811050863923,0.000773729025804201,0.01004183953444343,0.0011761111980043324,0.0005452387993712608,0.0017213499973755932,0.008320489537067838,87.7194090643435
2011-11-18,3.8879379141783184,2.8053220421861718,7.934628872514442,8.31593293664353,0.0014795839252534115,0.000751266362803754,0.0022308502880571653,0.0013119921983418329,0.0005425190175727709,0.0018545112159146038,0.0003763390721425615,87.75242130535965
2011-11-25,3.854757610733162,2.7950548831648,7.934628872514442,8.56453126868902,0.0026327339371472777,0.000747680368111215,0.003380414305258493,0.0008793340447914198,0.0005394850081127253,0.001418819052904145,0.001961595252354348,87.92455603837485
2011-12-02,3.814714273651604,2.764480341845803,7.934628872514442,8.329012376543744,0.003177290185591587,0.0007412995405256082,0.003918589726117195,0.002546557330530728,0.0005375105544547693,0.003084067884985497,0.0008345218411316981,87.99793100076067
2011-12-09,3.850187478847935,2.77305197091639,7.934628872514442,8.329012376543744,-0.002814667181514383,0.0007335988987791545,-0.002081068282735228,-0.0007139320461606178,0.0005316308349703467,-0.00018230121119027106,-0.001898767071544957,87.83084342701235
2011-12-16,3.8004579947347326,2.6698947597920824,7.934628872514442,8.577610708589233,0.003945850004598652,0.0007404206690092182,0.00468627067360787,0.008848423988080627,0.0005332792251762288,0.009381703213256857,-0.004695432539648986,87.41843962680034
2011-12-23,3.819308078806666,2.7542085543730397,7.934628872514442,8.329012376543744,-0.0014956842132648775,0.0007308573066797561,-0.0007648269065851213,-0.007022506385781605,0.0005134412999600158,-0.006509065085821589,0.005744238179236468,87.92059196527389
2011-12-30,3.8178340235689863,2.6752144082128284,7.934628872514442,8.582235521539726,0.00011696081248574794,0.0007344823228474357,0.0008514431353331836,0.006779463671698661,0.0005296554912255846,0.007309119162924246,-0.006457676027591063,87.35282926620812
2012-01-06,3.8074364077823013,2.7068363076618303,7.927371570368471,8.57979401928163,0.000824257637869808,0.0007341988506863435,0.0015584564885561514,-0.002713093837708711,0.0005144643092716978,-0.0021986295284370135,0.003757086016993165,87.68102135958897
2012-01-13,3.711029147111441,2.6576779645604,7.927371570368471,8.57979401928163,0.007642561774192791,0.0007321993091889041,0.008374761083381695,0.004217684581394451,0.0005205454437811212,0.004738230025175572,0.0036365310582061232,87.99987611697834
2012-01-20,3.7729977402418107,2.7310499580234358,7.927371570368471,8.331195687236141,-0.004912480634374222,0.0007136594513675849,-0.004198821183006637,-0.006112764355031613,0.0005110919162616154,-0.005601672438769998,0.0014028512557633611,88.12332685369607
2012-01-27,3.6838451230872424,2.66979914477841,7.927371570368471,8.584418832232123,0.007067459226550687,0.0007255764885080405,0.007793035715058728,0.0052580263471013215,0.0005252019150045069,0.005783228262105828,0.0020098074529528998,88.30043777278563
2012-02-03,3.7318989598132903,2.6229074634155993,7.927371570368471,8.571818499804671,-0.0038094061910920046,0.0007084317544398544,-0.0031009744366521505,0.004019469817926861,0.0005134229124573865,0.004532892730384248,-0.0076338671670363985,87.62636396003703
2012-02-10,3.7769285292994668,2.612979010204744,7.934628872514442,8.571818499804671,-0.0035729292216191075,0.0007176728768871712,-0.002855256344731936,0.0008510489890725581,0.0005044052814260768,0.0013554542704986349,-0.004210710615230571,87.25739469913644
2012-02-17,3.792031562394952,2.635546847295354,7.934628872514442,8.31859535480869,-0.0011983696246197907,0.0007263324094806667,-0.000472037215139124,-0.0018773270479002897,0.0005024959635009123,-0.0013748310843993772,0.0009027938692602532,87.33617014011844
2012-02-24,3.773242166474304,2.630185497989063,7.934628872514442,8.571818499804671,0.0014908688336908037,0.0007292368389221061,0.00222010567261291,0.0004595651316758163,0.0005068359321721835,0.0009664010638479998,0.00125370460876491,87.44566389913497
2012-03-02,3.718917421899746,2.6211301612225872,7.972325586913734,8.597456963570728,0.004330945511743004,0.0007256234935527508,0.005056569005295755,0.0007785286814041395,0.0005058049034594352,0.0012843335848635746,0.00377223542043218,87.7755295298585
2012-03-09,3.699472620646642,2.645466509745307,7.972325586913734,8.344233818574747,0.001550202865625723,0.0007151764272884126,0.0022653792929141357,-0.0020306818236390124,0.0005040634925428053,-0.001526618331096207,0.0037919976240103426,88.10837412928197
2012-03-16,3.7036325586103143,2.799345102106608,7.972325586913734,8.344233818574747,-0.0003316437986775681,0.0007114370424320465,0.00037979324375447837,-0.012839989543358424,0.0005087435595664052,-0.012331245983792018,0.012711039227546496,89.22832312911461
2012-03-23,3.7257197980757084,2.7684132913623025,7.972325586913734,8.344233818574747,-0.001760866643342526,0.0007122370305019834,-0.0010486296128405426,0.002581022612823859,0.0005383355965589631,0.003119358209382822,-0.004167987822223365,88.85642056491506
2012-03-30,3.7199051099536278,2.753493665012358,7.972325586913734,8.344233818574747,0.00046356586895586824,0.0007164845765530209,0.001180050445508889,0.0012449285074970751,0.0005323871714158274,0.0017773156789129027,-0.0005972652334040136,88.8033497141469
2012-04-06,3.7071750849120084,2.6770443337048224,7.972325586913734,8.344233818574747,0.0010148790436135455,0.0007153663672987746,0.00173024541091232,0.00637911095703762,0.0005295180125023765,0.006908628969539996,-0.005178383558627676,88.34349190803611
2012-04-13,3.700040195502509,2.6442291350469693,7.972325586913734,8.344233818574747,0.0005688166139915332,0.0007129182855600016,0.001281734899551535,0.0027381769040410644,0.0005148162180201581,0.0032529931220612223,-0.0019712582225096874,88.16934407320718
2012-04-20,3.6751458453638843,2.6261902564942856,7.972325586913734,8.597456963570728,0.001984658645797456,0.0007115461914427902,0.0026962048372402465,0.0015508848202777723,0.000508505602893648,0.00205939042317142,0.0006368144140688264,88.225491582392
2012-04-27,3.6979272056174683,2.609775247609344,7.972325586913734,8.597456963570728,-0.001816204212543474,0.0007067588164161316,-0.0011094453961273424,0.0014112733244491583,0.0005050365877873627,0.0019163099122365209,-0.0030257553083638633,87.95854283290356
2012-05-04,3.8162155940407336,2.5095791200816233,7.934628872514442,8.649585669066283,-0.009385744620664438,0.0007111398472341285,-0.00867460477343031,0.008666549887597113,0.0005018798553094892,0.009168429742906603,-0.01784303451633691,86.38909551712936
2012-05-11,3.804968826716802,2.4793895923587437,7.934628872514442,8.649585669066283,0.0008923892473092138,0.0007338876142386027,0.0016262768615478164,0.00261126906347699,0.00048261136924646606,0.0030938804327234563,-0.0014676035711756398,86.26231057203779
2012-05-18,3.7251373171160713,2.409437594952321,7.934628872514442,8.649585669066283,0.006334334010143701,0.0007317247743686157,0.007066058784512316,0.006050557942891572,0.0004768056908382199,0.006527363633729792,0.0005386951507825241,86.30877966043823
2012-05-25,3.735642356994218,2.4374843833283077,7.934628872514442,8.649585669066283,-0.0008335359272405897,0.0007163725609838599,-0.0001171633662567298,-0.002425930988002716,0.00046335338364467707,-0.001962577604358039,0.0018454142381013092,86.46805511129676
2012-06-01,3.6346678877768337,2.266724023997685,7.934628872514442,8.656533378319763,0.00801194938839079,0.0007183927609604266,0.008730342149351217,0.014781927502394113,0.00046874699679390537,0.015250674499188018,-0.0065203323498368,85.90425465432709
2012-06-08,3.612335457273713,2.361813209003241,7.934628872514442,8.656533378319763,0.0017719954786348394,0.0006989745938032373,0.0024709700724380767,-0.008231427039178183,0.000435908466153401,-0.007795518573024782,0.010266488645462857,86.78618970933269
2012-06-15,3.682086665838908,2.335212785402881,7.934628872514442,8.656533378319763,-0.00553449953374173,0.0006946798956295602,-0.004839819638112169,0.0023026745477396373,0.0004541948478852387,0.002756869395624876,-0.0075966890337370455,86.126902013688
2012-06-22,3.7727613136245095,2.368755528398694,7.934628872514442,8.656533378319763,-0.007194696783247115,0.0007080935895844054,-0.00648660319366271,-0.0029036387434365715,0.0004490793818082463,-0.002454559361628325,-0.004032043832034385,85.77963456965148
2012-06-29,3.6636087132756265,2.3491001677729386,7.934628872514442,8.656533378319763,0.008660853742382768,0.0007255310218508671,0.009386384764233634,0.001701472853197622,0.0004555299093074411,0.0021570027625050633,0.007229382001728571,86.39976831592418
2012-07-06,3.590398672353738,2.2594969629651245,7.934628872514442,8.67121680183549,0.005808945044567806,0.0007045401371683896,0.006513485181736196,0.007769688150278246,0.0004517500322640267,0.008221438182542272,-0.0017079530008060765,86.25220157236004
2012-07-13,3.5427232932345287,2.2246049723613748,7.934628872514442,8.67121680183549,0.0037828643966735004,0.0006904612831449496,0.00447332567981845,0.0030255601517272046,0.0004345186467240624,0.003460078798451267,0.001013246881367183,86.3395963466143
2012-07-20,3.5378304213977483,2.19292175228949,7.934628872514442,8.67121680183549,0.00038823122145630875,0.0006812929410066401,0.001069524162462949,0.0027473207022357927,0.0004278086485310336,0.0031751293507668262,-0.0021056051883038772,86.15779924459082
2012-07-27,3.5422324015388877,2.2456931909388156,7.934628872514442,8.67121680183549,-0.00034928078724120364,0.0006803520041149516,0.00033107121687374797,-0.004575925854730633,0.00042171572159413267,-0.0041542101331365,0.004485281350010248,86.5442412147005
2012-08-03,3.5514466693606117,2.2437853124787033,7.934628872514442,8.668389387600033,-0.0007311179549733173,0.0006811985387574783,-4.991941621583897e-05,0.0001653823339646825,0.00043186407518054144,0.000597246409145224,-0.0006471658253610629,86.48823273940455
2012-08-10,3.585240403455539,2.2786755141245623,7.934628872514442,8.668389387600033,-0.0026814073825968546,0.0006829705133385792,-0.0019984368692582753,-0.0030244185367818924,0.0004314971754766737,-0.0025929213613052186,0.0005944844920469433,86.53964865251267
2012-08-17,3.634674890580732,2.363393982512988,7.934628872514442,8.668389387600033,-0.003922443088414985,0.0006894693083568345,-0.00323297378005815,-0.007343726723119599,0.0004382068296393389,-0.00690551989348026,0.00367254611342211,86.85746950282838
2012-08-24,3.6077510795308365,2.3001517380610332,7.934628872514442,8.668389387600033,0.0021363044851462243,0.0006989759404962946,0.002835280425642519,0.005482084006553332,0.00045449884279095927,0.005936582849344291,-0.0031013024237017722,86.58809822214265
2012-08-31,3.6938413849385965,2.2380592820780927,7.934628872514442,8.668389387600033,-0.006830946229319985,0.000693798284525161,-0.006137147944794824,0.005382415864925441,0.00044233687270404487,0.005824752737629486,-0.011961900682424309,85.55233999092938
2012-09-07,3.6177176551561327,2.2600726497533428,7.934628872514442,8.668498034388906,0.006040135442154243,0.0007103541124881917,0.0067504895546424346,-0.0019082283442318562,0.0004303960157842486,-0.0014778323284476078,0.008228321883090042,86.25629218222632
2012-09-14,3.824911579250417,2.372910853899509,7.934628872514442,8.668498034388906,-0.016440068923280746,0.0006957149336838717,-0.015744353989596872,-0.009781377508450156,0.0004346293557217967,-0.00934674815272836,-0.006397605836868513,85.70445842389466
2012-09-21,3.778115432824041,2.3175207837955942,7.934628872514442,8.668498034388906,0.0037131005455713633,0.0007355599190866188,0.004448660464657982,0.004801487138204485,0.0004563290103652902,0.005257816148569776,-0.0008091556839117933,85.63511017422438
2012-09-28,3.75563360072172,2.249997096872232,7.934628872514442,8.668498034388906,0.0017838499410610018,0.0007265606601584695,0.002510410601219471,0.00585328947369857,0.0004456770738068451,0.006298966547505416,-0.0037885559462859444,85.31067676836298
2012-10-05,3.719467481769377,2.269010275426625,7.934628872514442,8.712648976778176,0.0028696473164605083,0.0007222372309080231,0.0035918845473685316,-0.0016565515067723097,0.0004326917493985061,-0.0012238597573738035,0.004815744304742335,85.72151117414394
2012-10-12,3.744552937400546,2.236758478821726,7.934628872514442,8.712648976778176,-0.0019904378053125387,0.0007152822080325725,-0.0012751555972799662,0.002809985826889308,0.0004363481298897355,0.0032463339567790437,-0.00452148955405901,85.3339222568119
2012-10-19,3.743952615702045,2.2822347249334687,7.934628872514442,8.708420034971281,4.763329881723778e-05,0.0007201063341154897,0.0007677396329327275,-0.003960262527547861,0.00043014586131187035,-0.003530116666235991,0.0042978562991687185,85.70067519211611
2012-10-26,3.800728071448292,2.2690729393548117,7.934628872514442,8.708420034971281,-0.004504921704143373,0.0007199908876350087,-0.0037849308165083645,0.0011461835722917262,0.0004388912932564363,0.0015850748655481626,-0.005370005682056527,85.24046207937836
2012-11-02,3.8415310941607204,2.227418292608991,7.934628872514442,8.710021443001319,-0.003237568420998962,0.0007309092445092869,-0.002506659176489675,0.003628128663567439,0.0004363601806451561,0.004064488844212595,-0.0065711480207022695,84.68033438570171
2012-11-09,3.7940612197289427,2.159486159501705,7.934628872514442,8.710021443001319,0.0037665583624101793,0.0007387559796462924,0.0045053143420564715,0.0059169033603328055,0.0004283496716555752,0.006345253031988381,-0.0018399386899319095,84.5245277621891
2012-11-16,3.832994213981355,2.145322865905781,7.934628872514442,8.710021443001319,-0.0030891886028863,0.0007296271576401812,-0.0023595614452461187,0.001233625909240208,0.00041528579990417403,0.001648911709144382,-0.004008473154390501,84.18571346176684
2012-11-23,3.7366794511203767,2.205457448336802,7.934628872514442,8.710021443001319,0.0076422189824610085,0.0007371142719194913,0.0083793332543805,-0.005237735024401222,0.0004125620895972656,-0.004825172934803956,0.013204506189184458,85.29734423621365
2012-11-30,3.8119534313705272,2.1634771565929274,7.934628872514442,8.710021443001319,-0.005972710970419263,0.000718592202138534,-0.005254118768280729,0.0036564924127259826,0.00042412643237246193,0.004080618845098445,-0.009334737613379173,84.5011159086505
2012-12-07,3.830299973307105,2.138326408474016,7.934628872514442,8.717381897933143,-0.0014557300136076555,0.0007330679675712552,-0.0007226620460364003,0.0021924867637127315,0.0004160532993447937,0.0026085400630575253,-0.0033312021090939254,84.21962561311483
2012-12-14,3.7421897232163013,2.1803993102353125,7.934628872514442,8.717381897933143,0.006991221343349579,0.0007365961487129047,0.007727817492062484,-0.0036676555220744476,0.00041121661701423387,-0.003256438905060214,0.010984256397122697,85.14471557451895
2012-12-21,3.845730717509152,2.2061111734793886,7.934628872514442,8.717381897933143,-0.008215593628049078,0.0007196518698492887,-0.007495941758199789,-0.0022414013120604097,0.00041930755966063706,-0.0018220937523997726,-0.005673848005800017,84.66161739985206
2012-12-28,3.765655969574603,2.1799353768973,7.934628872514442,8.717381897933143,0.0063536340692079,0.0007395635995209907,0.007093197668728891,0.0022818441528867912,0.0004242521487460363,0.0027060963016328275,0.004387101367096063,85.03303649728751
2013-01-04,3.8396513930504255,2.303814491383123,7.934628872514442,8.689426455962703,-0.005871262235451937,0.0007241646095335775,-0.0051470976259183595,-0.01076438454754344,0.00041921834171101925,-0.01034516620583242,0.0051980685799140605,85.47504405255873
2013-01-11,3.8218761762918425,2.286621382028041,7.934628872514442,8.689426455962703,0.001410397481078549,0.0007383944986635434,0.0021487919797420923,0.0014939825929031038,0.0004430412483429083,0.001937023841246012,0.00021176813849608025,85.49314494352562
2013-01-18,3.7840671273268622,2.2815886206774256,7.934628872514442,8.689426455962703,0.0030000077155984475,0.0007349761877484313,0.003734983903346879,0.00043731809626583755,0.0004397348811592386,0.0008770529774250761,0.0028579309259218026,85.73747844641404
2013-01-25,3.805251726816203,2.337670038542154,7.934628872514442,8.689426455962703,-0.0016809193476077747,0.0007277052167936274,-0.0009532141308141474,-0.0048731535608167054,0.0004387670424379665,-0.004434386518378739,0.0034811723875645914,86.0359453889611
2013-02-01,3.7946447385279707,2.389273629062756,7.934628872514442,8.434950794523617,0.000841625155222302,0.0007317791782338851,0.0015734043334561872,-0.004352737468620217,0.0004495519304888758,-0.003903185538131341,0.005476589871587528,86.50712897607075
2013-02-08,3.7916655007753297,2.3671229417066417,7.934628872514442,8.691519739340965,0.00023639145890190104,0.0007297393727938405,0.0009661308316957415,0.0019252313639563636,0.0004594756978966838,0.0023847070618530477,-0.0014185762301573061,86.38441201916615
2013-02-15,3.796040730577313,2.3716051618335077,7.934628872514442,8.438296594344985,-0.00034715824710701847,0.0007291664424567942,0.0003820081953497758,-0.0003782230283163744,0.0004552159503282003,7.699292201182595e-05,0.00030501527333794983,86.41076058421031
2013-02-22,3.7859937527338814,2.350791803658349,7.934628872514442,8.691519739340965,0.0007971904047800494,0.0007300078328033294,0.0015271982375833788,0.0018089971342136666,0.000456077915737213,0.0022650750499508794,-0.0007378768123675007,86.34700008763619
2013-03-01,3.8646784721911267,2.230484687400702,7.934628872514442,8.742495330417936,-0.006243340468311575,0.0007280757216795926,-0.0055152647466319826,0.010517844020985267,0.00045207534685737477,0.010969919367842642,-0.016485184114474624,84.92355389345894
2013-03-08,3.8488514115472294,2.3310363240365657,7.934628872514442,8.489272185421957,0.0012558185235210433,0.0007432073984982937,0.001999025922019337,-0.008536102120914945,0.00042893936296167345,-0.00810716275795327,0.010106188679972608,85.78180735248007
2013-03-15,3.835548632285932,2.3131818967320315,7.934628872514442,8.489272185421957,0.0010555261641137857,0.0007401637329898518,0.0017956898971036375,0.0015157109310302082,0.00044827621616087804,0.001963987147191086,-0.00016829725008744856,85.76737051019512
2013-03-22,3.6231172594934273,2.278774418061177,7.934628872514442,8.742495330417936,0.016855641039872846,0.000737605506208833,0.01759324654608168,0.00300807221611399,0.0004448426724484676,0.0034529148885624576,0.014140331657519222,86.98014957460262
2013-03-29,3.669879285109301,2.254534323303568,7.934628872514442,8.742495330417936,-0.003710393185889707,0.0006967533191333514,-0.0030136398667563557,0.0021191891522728615,0.00043822584962714944,0.002557415001900011,-0.005571054868656366,86.49557838883857
2013-04-05,3.7311097713394177,2.1049618161163846,7.934628872514442,8.768133794183996,-0.004858411839195822,0.0007057460163671733,-0.004152665822828649,0.013114717549487714,0.00043356429294299386,0.013548281842430707,-0.017700947665259356,84.96452468250139
2013-04-12,3.709868912215851,2.1229497129684027,7.934628872514442,8.768133794183996,0.0016853833407886381,0.0007175211098729649,0.002402904450661603,-0.0015772028627447654,0.0004048003492531509,-0.0011724025134916146,0.0035753069641532177,85.26829893930471
2013-04-19,3.5782281217097864,2.10856730057293,7.934628872514442,8.768133794183996,0.010445208171500452,0.0007134363292722791,0.011158644500772731,0.0012610691616663566,0.0004082595601862313,0.001669328721852588,0.009489315778920144,86.07743675387115
2013-04-26,3.703877721742762,2.0927922767323905,7.934628872514442,8.768133794183996,-0.009969829442415383,0.0006881207926364974,-0.009281708649778887,0.0013831751964029184,0.00040549371164864034,0.0017886689080515586,-0.011070377557830444,85.12452702979553
2013-05-03,3.6431332677265154,2.1644256958698493,7.98507376338806,8.768133794183996,0.004850489460364624,0.0007122841772582235,0.005562773637622848,-0.00628091403132099,0.00040246005321776737,-0.005878453978103223,0.01144122761572607,86.09845611922444
2013-05-10,3.6673371953905645,2.2304937492796464,7.98507376338806,8.764787994362628,-0.0019327014776114098,0.0007006025514858683,-0.0012320989261255415,-0.0057907248133709805,0.00041623571074420176,-0.005374489102626779,0.004142390176501237,86.45510951806463
2013-05-17,3.6191965543465323,2.2598500836620805,7.98507376338806,8.764787994362628,0.003844065697533835,0.0007052571529597239,0.004549322850493559,-0.0025730204715365343,0.00042894110563070125,-0.002144079365905833,0.0066934022163993925,87.0337883397319
2013-05-24,3.672109360095094,2.3057127330875966,7.98507376338806,8.511564849366648,-0.004225126569300891,0.0006959993373743331,-0.003529127231926558,-0.0039036291474904834,0.0004345865545504001,-0.003469042592940083,-6.008463898647502e-05,87.02855894597988
2013-05-31,3.6523849238639405,2.4030338650308734,7.973398513987053,8.511564849366648,0.001572707905347117,0.0007061748769413642,0.0022788827822884813,-0.00828355125748968,0.0004434062948245378,-0.007840144962665142,0.010119027744953624,87.90920334855758
2013-06-07,3.766741105404397,2.5101684361540197,7.934628872514442,8.434553661656917,-0.00907373859801408,0.0007023817161276809,-0.008371356881886399,-0.009036322891567777,0.0004621218971213218,-0.008574200994446456,0.0002028441125600574,87.92703521289668
2013-06-14,3.7691842841139778,2.5092723983194754,7.916371506905264,8.434553661656917,-0.00019341110322803682,0.0007243732895008455,0.0005309621862728088,7.557679198339555e-05,0.0004827246992603884,0.0005583014912437839,-2.7339304970975154e-05,87.9246313488658
2013-06-21,3.8998448920179207,2.735559955310754,7.916371506905264,8.434553661656917,-0.010343579134856949,0.0007248431315603804,-0.009618736003296569,-0.019086345424081868,0.00048255238429220675,-0.01860379303978966,0.008985057036493093,88.71463917644799
2013-06-28,3.8832693201391684,2.72509929553187,7.916371506905264,8.432815825262827,0.0013121838493161534,0.0007499701715419078,0.002062154020858061,0.0008821281732606424,0.000526069222175145,0.0014081973954357873,0.0006539566254222737,88.77265470250937
2013-07-05,3.8912675772960115,2.861050281876642,7.916371506905264,8.434553661656917,-0.0006331717506133384,0.0007467825615652246,0.00011361081095188626,-0.011466858896801688,0.0005240575568330519,-0.010942801339968637,0.011056412150920522,89.75416176063166
2013-07-12,3.885225839487173,2.795440517351675,7.916371506905264,8.434553661656917,0.00047828641042082566,0.0007483206879415407,0.0012266070983623662,0.005533890796145097,0.0005502019772839696,0.006084092773429067,-0.0048574856750667,89.31818220560177
2013-07-19,3.9798298367450062,2.7255673323640295,7.928046756306271,8.434553661656917,-0.007500249135935735,0.0007471588152859947,-0.006753090320649741,0.0058934912828917645,0.0005375847148753222,0.0064310759977670865,-0.013184166318416828,88.14059643614446
2013-07-26,3.981408874717014,2.7757068855348153,7.928046756306271,8.434553661656917,-0.00012518686872060536,0.0007653518916817319,0.0006401650229611265,-0.004229047517904929,0.0005241475639161595,-0.0037048999539887693,0.004345064976949896,88.52357305476663
2013-08-02,3.8703932140271555,2.829320187568226,7.928046756306271,8.434553661656917,0.0088013734863143,0.0007656555528301951,0.009567029039144496,-0.004522042729794219,0.0005337897856797721,-0.0039882529441144475,0.013555281983258944,89.7235350496896
2013-08-09,4.071185478037297,2.8008052758229525,7.928046756306271,8.434553661656917,-0.01591890457376992,0.0007443063873129145,-0.015174598186457007,0.0024051055327291983,0.0005441000360708127,0.002949205568800011,-0.018123803755257017,88.09740330822112
2013-08-16,4.17149659939412,2.9653331668594296,7.928046756306271,8.419273738655582,-0.007952712602944112,0.0007829202842379417,-0.00716979231870617,-0.01385205352279799,0.0005386163991967217,-0.013313437123601269,0.006143644804895099,88.63864246238042
2013-08-23,4.275382154177571,2.9595395657134698,7.928046756306271,8.419273738655582,-0.008236095356280107,0.0008022108844988694,-0.007433884471781237,0.00048777913980424536,0.000570256378242198,0.0010580355180464433,-0.00849191998982768,87.88593020258294
2013-08-30,4.273902831300164,2.947966558458331,7.916371506905264,8.419273738655582,0.00011710869476212937,0.000822188875803379,0.0009392975705655083,0.0009743631606045847,0.0005691422241756673,0.001543505384780252,-0.0006042078142147437,87.832828836795
2013-09-06,4.3161147555147314,3.061066018596621,7.916371506905264,8.41726452608793,-0.0033416527410384334,0.000821904390634647,-0.0025197483504037863,-0.00951988073741722,0.0005669166458573714,-0.008952964091559849,0.006433215741156063,88.39787637385813
2013-09-13,4.359919984129783,3.033473602380169,7.916371506905264,8.421889339038422,-0.003467784636616625,0.0008300220683682176,-0.0026377625682484076,0.0023238027597164636,0.0005886665420378117,0.002912469301754275,-0.005550231870002683,87.90724766316738
2013-09-20,4.263150105848589,2.9353434810243897,7.928046756306271,8.430806612695175,0.007671961196153701,0.0008384461507941891,0.00851040734694789,0.008273160760308856,0.0005833603081500325,0.008856521068458889,-0.00034611372151099884,87.8768217585309
2013-09-27,4.268957642969693,2.8899113371423875,7.916371506905264,8.421889339038422,-0.0004597462139080181,0.0008198365588170364,0.00036009034490901826,0.0038262448820949426,0.0005644891309662288,0.004390734013061171,-0.004030643668152153,87.52262160333254
2013-10-04,4.257669462526298,2.838039548456446,7.916371506905264,8.423898551606074,0.0008936143002689628,0.0008209533928787871,0.0017145676931477499,0.0043696268558072035,0.0005557521802196899,0.004925379036026894,-0.003210811342879144,87.24160297713004
2013-10-11,4.258190785519806,2.8514698270418477,7.916371506905264,8.423898551606074,-4.1269864916972455e-05,0.0008187825889473649,0.0007775127240303924,-0.0011313530432323323,0.0005457768362416242,-0.0005855762069907081,0.0013630889310211006,87.36052104047269
2013-10-18,4.294282730676456,2.7999103480087264,7.928046756306271,8.432815825262827,-0.002861386287279676,0.0008188828433691933,-0.0020425034439104824,0.004347915907328122,0.0005483595821234322,0.004896275489451554,-0.006938778933362037,86.75434569746953
2013-10-25,4.34007060505531,2.750111719238825,7.928046756306271,8.434553661656917,-0.00363008408947429,0.0008258236020531646,-0.0028042604874211254,0.004200292066366661,0.0005384442976939858,0.0047387363640606465,-0.007542996851481772,86.09995794102116
2013-11-01,4.251565135376978,2.8156950542646975,7.928046756306271,8.436547907738914,0.007016755017986582,0.0008346289625106365,0.007851383980497218,-0.005532969478950653,0.0005288676383151587,-0.005004101840635494,0.012855485821132712,87.20681472953208
2013-11-08,4.446696377422537,2.89599882023725,7.916371506905264,8.408211528564294,-0.01544731404636495,0.0008176086798801882,-0.014629705366484762,-0.00675211050837547,0.0005414798181278264,-0.006210630690247644,-0.008419074676237119,86.47261404404738
2013-11-15,4.593420165780085,2.8637118530074144,7.916371506905264,8.399294254907542,-0.011615200175388902,0.0008551339187351033,-0.0107600662566538,0.0027118773836194805,0.0005569228500456251,0.0032688002336651056,-0.014028866490318904,85.25950128655455
2013-11-22,4.818252435032584,2.8958403970810926,7.916371506905264,8.399294254907542,-0.017798557701433397,0.0008833500318807855,-0.016915207669552613,-0.002698570956565896,0.0005507138178860412,-0.0021478571386798545,-0.014767350530872757,84.0004443449686
2013-11-29,4.547285757236808,2.9091788100845175,7.916371506905264,8.39466944195705,0.02145072887423264,0.0009265870067370354,0.022377315880969674,-0.0011197156804405326,0.0005568923840540563,-0.0005628232963864763,0.02294013917735615,85.92742622920193
2013-12-06,4.622011131981497,3.0175312467377595,7.916371506905264,8.390937359480962,-0.005915538274716777,0.0008744780302378477,-0.005041060244478929,-0.009091785087044826,0.0005594574634777918,-0.008532327623567034,0.003491267379088105,86.22742184936494
2013-12-13,4.778154817582463,3.008802686016674,7.916371506905264,8.395562172431454,-0.012360914236746567,0.0008888482946118264,-0.011472065942134742,0.0007328117420971755,0.0005802944705264922,0.0013131062126236677,-0.01278517215475841,85.12498941655984
2013-12-20,4.772567623688334,3.0241530990459244,7.916371506905264,8.395562172431454,0.00044230302547034237,0.0009188759264581659,0.0013611789519285082,-0.001288753469595749,0.0005786159011570527,-0.0007101375684386962,0.0020713165203672043,85.30131021343446
2013-12-27,4.770960638628537,3.0892225863053495,7.916371506905264,8.142339027435474,0.00012721490739399908,0.0009178014660939104,0.0010450163734879096,-0.005298178256076321,0.0005815679036626777,-0.004716610352413644,0.005761626725901553,85.7927845221146
2014-01-03,4.721781552054553,3.04906772942428,7.916371506905264,8.142339027435474,0.003893199196899147,0.0009174924305054879,0.004810691627404635,0.0032695445832381775,0.0005940812665971826,0.00386362584983536,0.000947065777569275,85.87403593229786
2014-01-10,4.747384982516251,2.9845621943332827,7.916371506905264,8.395562172431454,-0.002026862673860137,0.0009080349138566449,-0.001118827760003492,0.005415602303224269,0.0005863591787354385,0.0060019614819597075,-0.007120789241963199,85.26254502106718
2014-01-17,4.70434463827139,2.955173171011281,7.916371506905264,8.392675195875052,0.003407233548274083,0.0009129586504838944,0.004320192198757978,0.0024665252706555767,0.0005739542681410159,0.003040479538796593,0.0012797126599613847,85.37165657935117
2014-01-24,4.701786612653263,2.9201432632545035,7.916371506905264,8.392675195875052,0.00020250281117279687,0.0009046816612060366,0.0011071844723788335,0.002939946379440976,0.0005683025328867849,0.003508248912327761,-0.0024010644399489276,85.16667373055895
2014-01-31,4.713942848127961,2.892518349614971,7.916371506905264,8.392675195875052,-0.000962332761431339,0.0009041897332025504,-5.814302822878853e-05,0.002318469274906935,0.0005615660121643276,0.0028800352870712626,-0.0029381783153000513,84.91643885661759
2014-02-07,4.707645762037092,2.8593669407960265,7.916371506905264,8.402510290578624,0.0004985007290628206,0.0009065274707938387,0.0014050281998566592,0.002785550537483612,0.0005562535287721098,0.0033418040662557217,-0.0019367758663990625,84.75197474717953
2014-02-14,4.662976742363,2.8762873376089084,7.916371506905264,8.402510290578624,0.0035361655458937594,0.0009053164926994408,0.0044414820385932,-0.001421738083409142,0.0005498782578453897,-0.0008718598255637523,0.005313341864156952,85.20229096267369
2014-02-21,4.699710930071128,2.853281406938017,7.916371506905264,8.402510290578624,-0.0029080147690193564,0.0008967262966082692,-0.002011288472411087,0.0019330756920650342,0.0005531321803094054,0.00248620787237444,-0.004497496344785527,84.8190939705017
2014-02-28,4.590677142016076,2.814027208994469,7.916371506905264,8.402510290578624,0.00863151973048965,0.000903790563475217,0.009535310293964868,0.0032983380216907144,0.0005487079628726956,0.00384704598456341,0.005688264309401458,85.30156739548987
2014-03-07,4.663752805833116,2.8573417225090307,7.916371506905264,8.402510290578624,-0.005784941028894087,0.0008828225273107838,-0.004902118501583303,-0.003639506455375108,0.0005411590786527826,-0.0030983473767223256,-0.0018037711248609775,85.14770289131651
2014-03-14,4.635950230961176,2.7800983576609695,7.916371506905264,8.402510290578624,0.0022009551153483087,0.0008968755395832916,0.0030978306549316005,0.00649038168014754,0.0005494887927901982,0.007039870472937738,-0.003942039818006137,84.81204725610719
2014-03-21,4.640691757153749,2.8403815724751946,7.916371506905264,8.402510290578624,-0.0003753568285013129,0.0008915288905694569,0.000516172062068144,-0.005065303328256886,0.0005346342995501865,-0.0045306690287066995,0.005046841090774843,85.24008018119206
2014-03-28,4.6734087602662235,2.8140224032833063,7.916371506905264,8.411427564235376,-0.0025899995123092484,0.0008924407225295671,-0.0016975587897796814,0.002217182423109932,0.0005462272254759989,0.0027634096485859307,-0.004460968438365612,84.85982687382
2014-04-04,4.694383458583916,2.7902998129496788,7.916371506905264,8.414513465663573,-0.001660435041281138,0.0008987324538973507,-0.0007617025873837874,0.001996140558027296,0.0005411581544775589,0.002537298712504855,-0.0032990012998886423,84.57987419465493
2014-04-11,4.687097941206431,2.7272190797425893,7.916371506905264,8.414513465663573,0.0005767486218018767,0.0009027660497276761,0.0014795146715295528,0.00530793678994986,0.0005365961178749382,0.005844532907824798,-0.0043650182362952455,84.21068150137171
2014-04-18,4.5721311413621635,2.78125692653187,7.916371506905264,8.414513465663573,0.009101198985272372,0.0009013649886935443,0.010002563973965916,-0.004547021894638666,0.0005244652076428056,-0.00402255668699586,0.014025120660961777,85.39174647037028
2014-04-25,4.51671765010134,2.7520367053917885,7.928046756306271,8.414513465663573,0.004393207496459795,0.0008792559887234931,0.0052724634851832874,0.002458739442528822,0.0005348571012561288,0.0029935965437849505,0.002278866941398337,85.58634289846985
2014-05-02,4.481484015508782,2.6623633869716192,7.928046756306271,8.457576294925556,0.0027933390244440914,0.0008685995480964115,0.003661938572540503,0.0075841893215773445,0.0005292378279599593,0.008113427149537304,-0.004451488576996801,85.20535627071038
2014-05-09,4.300244563582372,2.6675929731168435,7.928046756306271,8.453283834219297,0.014368748489598994,0.0008618238491363042,0.015230572338735298,-0.0004420717602108166,0.0005119929590330037,6.992119882218709e-05,0.015160651139913111,86.49712495238265
2014-05-16,4.360190019195856,2.6183915783647924,7.928046756306271,8.462201107876048,-0.0047525037493178135,0.0008269701083812254,-0.003925533640936588,0.004163520971798535,0.0005129986486763161,0.004676519620474852,-0.00860205326141144,85.7530720765833
2014-05-23,4.303843514637759,2.625152319671689,7.928046756306271,8.45600973967191,0.004467177226910181,0.0008384980806145877,0.005305675307524769,-0.0005716889433852013,0.0005035368419932293,-6.8152101391972e-05,0.005373827408916741,86.21389428570725
2014-05-30,4.328804371163063,2.589742649644966,7.928046756306271,8.451384926721417,-0.0019789083761006347,0.0008276622143534152,-0.0011512461617472197,0.0029926075152402606,0.0005048369845522479,0.0034974444997925083,-0.004648690661539728,85.81311256044631
2014-06-06,4.278689166044881,2.6183575528544174,7.928046756306271,8.47173902082286,0.003973156893788255,0.0008324623790698198,0.004805619272858074,-0.0024241799209657844,0.0004980274326240319,-0.0019261524883417524,0.006731771761199826,86.39078684832138
2014-06-13,4.26061345413871,2.6138020398173083,7.928046756306271,8.50007539999748,0.0014330508914564537,0.0008228248396240155,0.0022558757310804692,0.00038722204301098903,0.0005035302986258495,0.0008907523416368385,0.0013651233894436308,86.50872093208048
2014-06-20,4.25255139761939,2.6353261943412254,7.928046756306271,8.47173902082286,0.0006391636103715024,0.0008193487411805212,0.0014585123515520235,-0.0018234701977048933,0.0005026542384264054,-0.0013208159592784877,0.0027793283108305112,86.74915706930075
2014-06-27,4.2568225805048225,2.5939036149143297,7.928046756306271,8.47173902082286,-0.0003386213762044215,0.0008177983456960366,0.0004791769694916151,0.00350921282473966,0.0005067934989117742,0.0040160063236514346,-0.0035368293541598195,86.44234010412943
2014-07-04,4.301219681095121,2.6079085688283574,7.928046756306271,8.47173902082286,-0.0035198228932432143,0.0008186197270201582,-0.0027012031662230563,-0.001186463145582941,0.0004988276182527557,-0.0006876355273301852,-0.002013567638892871,86.2682826054656
2014-07-11,4.299203497603981,2.5477762095114094,7.928046756306271,8.47173902082286,0.00015984396987056627,0.000827157630979831,0.0009870016008503974,0.005094256548395298,0.000501520878620838,0.005595777427016136,-0.004608775826165738,85.8706914300287
2014-07-18,4.400852791737423,2.5208345933510117,7.928046756306271,8.504700212947972,-0.008058803566354581,0.0008267699033853808,-0.0072320336629692,0.002291303686964968,0.0004899569633675788,0.002781260650332547,-0.010013294313301748,85.0108429238531
2014-07-25,4.445198508898992,2.5072926801530224,7.928046756306271,8.504700212947972,-0.003515749190988532,0.0008463178445648889,-0.002669431346423643,0.0011516991205866214,0.00048477588333673303,0.0016364750039233543,-0.004305906350346998,84.64479419545893
2014-08-01,4.439463172961962,2.486906265649505,7.928046756306271,8.47173902082286,0.00045470011471895856,0.0008548458670959599,0.0013095459818149185,0.001727083832441185,0.0004821716692601966,0.0022092555017013816,-0.0008997095198864631,84.56863846831244
2014-08-08,4.421843104792728,2.447645716741415,7.928046756306271,8.47173902082286,0.0013969272429498927,0.0008537429178773003,0.002250670160827193,0.00332605124163588,0.0004782512049325971,0.0038043024465684774,-0.0015536322857412845,84.43724990122689
2014-08-15,4.372980531452402,2.3840949700907528,7.935304058452242,8.50007539999748,0.0038773937653390975,0.0008503544432293708,0.004727748208568468,0.005401861382567677,0.0004707010993733491,0.005872562481941027,-0.0011448142733725582,84.34058493233564
2014-08-22,4.408901897923417,2.413647074977266,7.935304058452242,8.504700212947972,-0.0028504696514259176,0.0008409577945100773,-0.0020095118569158402,-0.0025133179272138835,0.00045847980194052936,-0.002054838125273354,4.5326268357513775e-05,84.34440777632172
2014-08-29,4.390565545388157,2.3713137549252337,7.928046756306271,8.504700212947972,0.0014537146023965105,0.0008478657496006571,0.0023015803519971676,0.0036003219606131256,0.0004641628990340896,0.0040644848596472155,-0.001762904507650048,84.19571663965777
2014-09-05,4.423187500034469,2.4039634964619823,7.935304058452242,8.514709141950922,-0.002588651290995247,0.000844339527959261,-0.001744311763035986,-0.00278003052745288,0.0004560218759471603,-0.00232400865150572,0.0005796968884697338,84.24452463461625
2014-09-12,4.437911846876144,2.5077699235911735,7.935304058452242,8.50579186829417,-0.001168421692507995,0.0008506129807758594,-0.0003178087117321355,-0.008829558637521457,0.00046230067239653506,-0.008367257965124922,0.008049449253392786,84.92264666053879
2014-09-19,4.294417992746275,2.4850737923909136,7.935304058452242,8.50579186829417,0.011386673630397064,0.0008534445859377201,0.012240118216334785,0.0019304856820490754,0.00048226344684445643,0.0024127491288935318,0.009827369087441253,85.75721285315427
2014-09-26,4.193900523982897,2.468098209391368,7.935304058452242,8.50579186829417,0.007976366778233752,0.0008258496139896682,0.00880221639222342,0.0014439077583708678,0.0004778988062290219,0.0019218065645998897,0.006880409827623531,86.34725762325873
2014-10-03,4.204404688108031,2.389244168718129,7.935304058452242,8.477528371566368,-0.0008335373621282424,0.0008065193315351725,-2.7018030593069925e-05,0.006684873670200337,0.0004746342710368016,0.007159507941237138,-0.007186525971830208,85.72672081375285
2014-10-10,4.214165927439163,2.2982997343565708,7.935304058452242,8.510489563691479,-0.0007745840207985486,0.0008085393630976983,3.3955342299149755e-05,0.007739816595098657,0.000459470032445794,0.00819928662754445,-0.008165331285245301,85.02673373831082
2014-10-17,4.033454100726466,2.247941231472491,7.935304058452242,8.510489563691479,0.01434003291923583,0.0008104165245075314,0.015150449443743361,0.004285755132380886,0.00044198071814549437,0.0047277358505263805,0.01042271359321698,85.91294303183194
2014-10-24,4.011548420148043,2.2966432266100285,7.935304058452242,8.48215318451686,0.0017382823599712035,0.0007756642501397051,0.0025139466101109084,-0.004130977831481891,0.00043229639066778673,-0.0036986814408141045,0.006212628050925013,86.44668819164903
2014-10-31,3.9836608867837433,2.3271310115305175,7.935304058452242,8.48215318451686,0.00221296056685949,0.000771451619259239,0.0029844121861187286,-0.0025860206195219074,0.00044166215896346706,-0.00214435846055844,0.005128770646677169,86.89005342854881
2014-11-07,3.8464201559868654,2.2943871326584495,7.935304058452242,8.491070458173612,0.01089046928077417,0.0007660886320737969,0.011656557912847967,0.002780305825766315,0.00044752519452509953,0.0032278310202914144,0.008428726892556552,87.6224259585777
2014-11-14,3.8321544919995048,2.3019743155209818,7.935304058452242,8.491070458173612,0.0011320238133541872,0.000739696183843628,0.0018717199971978152,-0.0006442330426480858,0.00044122829474200955,-0.00020300474790607627,0.0020747247451038914,87.80421837393997
2014-11-21,3.8789135663785785,2.2797752267520894,7.935304058452242,8.491070458173612,-0.0037104747268973445,0.0007369527869229817,-0.002973521939974363,0.0018849402684391516,0.00044268736836941953,0.0023276276368085712,-0.005301149576782934,87.33875507886721
2014-11-28,3.7661180244684473,2.1947995503606026,7.935304058452242,8.519406837348232,0.00895066921494784,0.0007459449166112651,0.009696614131559105,0.0072394235845792375,0.0004384183128369403,0.007677841897416178,0.0020187722341429267,87.51507213258503
2014-12-05,3.8822414756130987,2.199320674140597,7.935304058452242,8.574238460344633,-0.009214748931496328,0.0007242534662439322,-0.008490495465252396,-0.0003876519339840542,0.0004220768366078082,3.442490262375403e-05,-0.00852492036787615,86.76901311166581
2014-12-12,3.93871191403742,2.112824746120019,7.941728180504661,8.56532118668788,-0.004484728721998859,0.0007465848991563653,-0.003738143822842493,0.00740865404836886,0.0004229462834885763,0.007831600331857437,-0.01156974415469993,85.76511782940804
2014-12-19,3.962968857712972,2.147186890395897,7.935304058452242,8.56532118668788,-0.001924862235942533,0.0007574445988533501,-0.0011674176370891829,-0.002943228023862047,0.0004063124511769267,-0.00253691557268512,0.0013694979355959372,85.88257298122157
2014-12-26,3.841994245320428,2.1819218934400495,7.935304058452242,8.574238460344633,0.009599703326882389,0.000762109395714033,0.010361812722596422,-0.002978261990213598,0.00041292055584536485,-0.0025653414343682333,0.012927154156964655,86.99279024154659
2015-01-02,3.8395843612481055,2.0196223086308915,7.941728180504661,8.574238460344633,0.0001913864424891345,0.0007388450471770054,0.0009302314896661399,0.013915953421686476,0.00041960036412308645,0.014335553785809562,-0.013405322296143423,85.82662385091785
2015-01-09,3.841446008086467,1.9397270968039781,7.941728180504661,8.827461605340615,-0.00014784693158362378,0.000738381607932328,0.0005905346763487042,0.007052719148526334,0.00038838890550594066,0.007441108054032275,-0.006850573377683571,85.2386622664683
2015-01-16,3.7401943245555342,1.8535290785855947,7.959985546113839,8.830187510793227,0.008059619374259173,0.0007387396169397051,0.008798358991198877,0.007611446639270967,0.0003730244416930727,0.00798447108096404,0.0008138879102348381,85.30803698317158
2015-01-23,3.6601877958089806,1.8282283644659159,7.965823170814342,8.858523889967847,0.006373178605057209,0.0007192681393376027,0.007092446744394812,0.002241269804624217,0.00035644789972799894,0.0025977177043522157,0.004494729040042596,85.69147349434886
2015-01-30,3.6868489887906466,1.7657526067030018,7.965823170814342,8.858523889967847,-0.0021237834881490795,0.0007038822684248039,-0.0014199012197242756,0.0055344299268661815,0.0003515823777819069,0.005886012304648088,-0.007305913524372364,85.0654189992231
2015-02-06,3.600698427579368,1.909635574056495,7.965823170814342,8.830187510793227,0.006862601366754634,0.0007090094209212782,0.007571610787675912,-0.012705135813406848,0.00033956780898134647,-0.012365568004425502,0.019937178792101412,86.76138346683562
2015-02-13,3.577599846108085,1.9529848366666946,7.947565805205164,8.576964365797245,0.0018357749624991232,0.0006924420053037246,0.002528216967802848,-0.0037180508069126943,0.0003672376103954798,-0.0033508131965172146,0.005879030164320063,87.2714562573353
2015-02-20,3.5429758270031058,2.017527240758194,7.941728180504661,8.576964365797245,0.0027497454824834643,0.000687999970405401,0.003437745452888865,-0.005535778999756773,0.00037557400705128744,-0.005160204992705485,0.00859795044559435,88.02181191355074
2015-02-27,3.5504030253546626,1.9339768971035474,7.947565805205164,8.576964365797245,-0.0005902814764730905,0.000681341505192905,9.106002871981452e-05,0.007166083202760192,0.00038798600783811427,0.007554069210598306,-0.007463009181878492,87.36490432303432
2015-03-06,3.677523155526036,2.0633991648790935,7.947565805205164,8.57853012235971,-0.010102955997032361,0.0006827698125682044,-0.009420186184464156,-0.011102528226166268,0.0003719186340583745,-0.010730609592107894,0.001310423407643738,87.47938933866578
2015-03-13,3.672784749031262,2.0224005398554996,7.941728180504661,8.57853012235971,0.0003763113639023277,0.0007072159914473145,0.0010835273553496422,0.0035170793974023053,0.00039680753170751796,0.003913886929109823,-0.002830359573760181,87.23179121154439
2015-03-20,3.741431651720366,1.9076342875651866,7.941728180504661,8.831753267355692,-0.005451750415904194,0.0007063047594290888,-0.004745445656475105,0.010135872236471397,0.00038892318074144227,0.010524795417212839,-0.015270241073687945,85.8997407304545
2015-03-27,3.813639149264419,1.9224738926632687,7.923350986983504,8.831753267355692,-0.005721253469332794,0.0007195060868693011,-0.005001747382463493,-0.0013105973081125504,0.0003668527476086897,-0.0009437445605038606,-0.004058002821959632,85.5511593401647
2015-04-03,3.817958367650902,1.8453073195263991,7.923350986983504,8.831753267355692,-0.0003422268326553978,0.0007333921440893113,0.00039116531143391345,0.0068151613443219,0.0003697065178198594,0.007184867862141759,-0.006793702550707846,84.96995021073941
2015-04-10,3.9404679849085014,1.889990124750562,7.923350986983504,8.831753267355692,-0.009706866968129701,0.0007342227630097888,-0.008972644205119912,-0.003946275110331177,0.00035486679221661524,-0.003591408318114562,-0.005381235887005351,84.51270686534832
2015-04-17,3.822481005503016,1.849004200752217,7.923350986983504,8.831753267355692,0.009348522497236543,0.0007577823047900964,0.01010630480202664,0.0036197756818797553,0.0003634596393751081,0.003983235321254864,0.006123069480771776,85.03018404149294
2015-04-24,3.7122407349868976,1.8811599596200625,7.923350986983504,8.8271284544052,0.00873472356199216,0.0007350925010582723,0.009469816063050432,-0.002838430140753523,0.00035557773091388783,-0.002482852409839635,0.011952668472890067,86.04652164152974
2015-05-01,3.684441762709441,2.1121523406776745,7.923350986983504,8.549008923826804,0.002202610144317123,0.0007138924490359418,0.002916502593353065,-0.019747559269975266,0.0003617615306961659,-0.0193857977392791,0.022302300332632165,87.96555700975746
2015-05-08,3.7205192143944545,2.137348193604185,7.923350986983504,8.53546683721956,-0.002858543124163016,0.0007085464928287386,-0.0021499966313342773,-0.002150583670896908,0.0004061831424380143,-0.0017444005284588937,-0.0004055961028753836,87.92987852264704
2015-05-15,3.685118325114445,2.1206268594892457,7.923350986983504,8.540091650170053,0.0028049367101685885,0.000715484464306626,0.0035204211744752144,0.0014280172585469642,0.00041102849877003555,0.0018390457573169998,0.0016813754171582146,88.07772165882874
2015-05-22,3.7182605792473966,2.152135232372796,7.923350986983504,8.53546683721956,-0.0026259771199518174,0.0007086766009835471,-0.0019173005189682703,-0.002689386718422921,0.00040781285759408566,-0.0022815738608288356,0.0003642733418605653,88.10980602484085
2015-05-29,3.8462890058684382,2.1047572040450087,7.923350986983504,8.53546683721956,-0.010144141604297753,0.0007150501113937301,-0.009429091492904024,0.00404393589604678,0.00041387216007169155,0.004457808056118472,-0.013886899549022495,86.88623399929003
2015-06-05,3.8937379682438786,2.3551323838688725,7.916987665065391,8.496805325936483,-0.0037565284984651336,0.0007396709626670074,-0.0030168575357981263,-0.02127389161409711,0.00040476100077788634,-0.020869130613319225,0.0178522730775211,88.43735077532274
2015-06-12,3.926423506323343,2.3487974606829995,7.916987665065391,8.496805325936483,-0.0025877100180114474,0.0007487957631238228,-0.0018389142548876245,0.0005382660906512355,0.00045291007382093705,0.0009911761644721725,-0.0028300904193597973,88.18706507617993
2015-06-19,3.881592061449796,2.2809489997704784,7.923350986983504,8.496805325936483,0.0035521527298671657,0.0007550814435237197,0.004307234173390885,0.005764951640381032,0.00045169181936211526,0.006216643459743147,-0.0019094092863522621,88.01867987518732
2015-06-26,3.915675809450235,2.3971161444804423,7.923350986983504,8.496805325936483,-0.002700574983593772,0.0007464600118172684,-0.0019541149717765033,-0.009870496138704556,0.00043864403841739966,-0.009431852100287156,0.007477737128510653,88.67686042569251
2015-07-03,3.926322445005003,2.312487156299665,7.923350986983504,8.496805325936483,-0.0008435703033092358,0.0007530145787404298,-9.055572456880597e-05,0.007190760375030428,0.0004609838739385466,0.007651744248968974,-0.00774229997353778,87.99029757156525
2015-07-10,3.7701003891619096,2.3272321732349717,7.923350986983504,8.496805325936483,0.012378021803529657,0.0007550620086548083,0.013133083812184466,-0.0012528553842693592,0.00044470906851916636,-0.0008081463157501927,0.013941230127934658,89.21699055903589
2015-07-17,3.834446063544345,2.2837395771279736,7.923350986983504,8.496805325936483,-0.005098333626261898,0.0007250193056080595,-0.004373314320653839,0.0036954812224074558,0.00044754464869903304,0.004143025871106489,-0.008516340191760327,88.45718831655007
2015-07-24,3.7852634812037755,2.2613677262281677,7.923350986983504,8.496805325936483,0.0038969086233054963,0.0007373934737585279,0.004634302097064024,0.001900892618765274,0.0004391806879092257,0.0023400733066745,0.0022942287903895244,88.66012934470281
2015-07-31,3.7670283276421026,2.2252300841470607,7.923350986983504,8.496805325936483,0.00144483521970677,0.0007279352848468799,0.00217277050455365,0.0030705450970153663,0.00043487840889003227,0.0035054235059053984,-0.0013326530013517486,88.54197615723135
2015-08-07,3.7811066341682458,2.1897136896360707,7.923350986983504,8.560696373737388,-0.0011154736390897278,0.0007244285245465582,-0.0003910451145431697,0.0030404506969845834,0.00042792886233597324,0.0034683795593205566,-0.0038594246738637263,88.20025506977748
2015-08-14,3.822960637393323,2.1941069034922407,7.923350986983504,8.560696373737388,-0.0033162395776262757,0.0007271358911862011,-0.0025891036864400746,-0.0003760896992756715,0.0004210987864684751,4.5009087192803584e-05,-0.0026341127736328783,87.96792565126049
2015-08-21,3.8040898562070944,2.1321494979413464,7.923350986983504,8.560696373737388,0.0014951982273705537,0.0007351847379602545,0.0022303829653308083,0.00530398537025717,0.00042194363528696933,0.005725929005544139,-0.003495546040213331,87.66042971708445
2015-08-28,3.7059359475489875,2.2006504533258004,7.923350986983504,8.560696373737388,0.007777078690425002,0.0007315557415782873,0.008508634432003288,-0.005864158803572419,0.0004100287496041051,-0.005454130053968314,0.013962764485971602,88.88441165196318
2015-09-04,3.637584787328676,2.211384608721443,7.923350986983504,8.549812557405675,0.005415702327930728,0.0007126799899132668,0.006128382317843995,-0.0009177501659480707,0.0004232020102549616,-0.000494548155693109,0.0066229304735371045,89.47308693051538
2015-09-11,3.677962650775605,2.252009196057409,7.916987665065391,8.549812557405675,-0.0031967104685103128,0.0006995355360247454,-0.0024971749324855675,-0.003473326069444682,0.0004252662709079698,-0.003048059798536712,0.0005508848660511446,89.52237630002428
2015-09-18,3.6471493348874224,2.230178080265137,7.923350986983504,8.549812557405675,0.0024414471685486514,0.0007073005097645394,0.0031487476783131907,0.0018665194794294385,0.00043307869154950173,0.00229959817097894,0.0008491495073342506,89.59839418175483
2015-09-25,3.6457447452618,2.2558111803341387,7.923350986983504,8.549812557405675,0.00011129056596482904,0.0007013748720937351,0.0008126654380585641,-0.002191582008551857,0.0004288804000509879,-0.0017627016085008688,0.002575367046559433,89.82914293355515
2015-10-02,3.5647462928854567,2.096013739346588,7.923350986983504,8.813919518733371,0.006417791675802351,0.0007011047587041924,0.007118896434506543,0.014084417841638169,0.00043380984237194976,0.01451822768401012,-0.007399331249503576,89.16446734913077
2015-10-09,3.5533780674649287,2.167033470460118,7.923350986983504,8.560696373737388,0.0009007444010599201,0.0006855281332472032,0.0015862725343071234,-0.006079783546073996,0.00040307956525895925,-0.005676703980815037,0.00726297651512216,89.81206678147089
2015-10-16,3.418494223651456,2.1292726702296463,7.923350986983504,8.560696373737388,0.01068732037007608,0.0006833419360509479,0.011370662306127027,0.0032325874560242083,0.00041673720585771497,0.003649324661881923,0.0077213376442451034,90.50553607361812
2015-10-23,3.388206227554547,2.1594337961868124,7.932815336167734,8.560696373737388,0.0024026907993934745,0.0006574027353175877,0.003060093534711062,-0.0025820024160934873,0.0004094755135057012,-0.002172526902587786,0.0052326204372988485,90.97911719136562
2015-10-30,3.4013077419017645,2.1941603879137315,7.932815336167734,8.560696373737388,-0.001039318939406287,0.0006515781206835668,-0.0003877408187227202,-0.002972838078688947,0.0004152757300359255,-0.0025575623486530216,0.0021698215299303016,91.1765256386215
2015-11-06,3.4675810918821126,2.292120910389871,7.932815336167734,8.560696373737388,-0.005257342471033167,0.0006540976426734162,-0.004603244828359751,-0.008386102895309094,0.00042195392075264067,-0.007964148974556454,0.003360904146196703,91.48296120167613
2015-11-13,3.5060791805770672,2.260788479303601,7.932815336167734,8.55735057391602,-0.003053982284124818,0.000666842517669637,-0.002387139766455181,0.00268122597138278,0.0004407924827672829,0.003122018454150063,-0.005509158220605244,90.97896709392661
2015-11-20,3.4701729607793776,2.241616537486048,7.932815336167734,8.55735057391602,0.0028483741107492157,0.0006742459962648206,0.0035226201070140363,0.0016406102731552072,0.0004347670152506925,0.0020753772884058996,0.0014472428186081366,91.11063575069768
2015-11-27,3.3970766052577557,2.2352677053135945,7.932815336167734,8.55735057391602,0.005798598900998918,0.0006673409539960341,0.006465939854994952,0.000543291826346426,0.00043108010336270156,0.0009743719297091275,0.005491567925285825,91.61097599563861
2015-12-04,3.382012274590712,2.2567619750065395,7.932815336167734,8.55735057391602,0.0011950255334462628,0.0006532839625495684,0.0018483094959958312,-0.0018393400109282853,0.00042985917409876816,-0.001409480836829517,0.003257790332825348,91.90942534761788
2015-12-11,3.347298108254455,2.199674447082631,7.932815336167734,8.55735057391602,0.0027538107109453644,0.0006503869758828293,0.0034041976868281936,0.00488517989843107,0.0004339926875012576,0.0053191725859323274,-0.0019149748991041339,91.73342110508612
2015-12-18,3.329679863195687,2.23337678427526,7.932815336167734,8.55735057391602,0.0013976228459855681,0.0006437111746643183,0.0020413340206498864,-0.002884027145176573,0.00042301431674665976,-0.002461012828429913,0.0045023468490797995,92.14643678455393
2015-12-25,3.1788935124035094,2.2739507031346418,8.368961081883608,8.55735057391602,0.01261925101458984,0.0006403230506145552,0.013259574065204395,-0.0034720524783735172,0.00042949553543755004,-0.0030425569429359672,0.01630213100814036,93.64862006894906
2016-01-01,3.214600370784596,2.2351571869201363,8.368961081883608,8.55735057391602,-0.00298829308147642,0.0006113256754622133,-0.002376967406014207,0.0033196971824241855,0.0004372982121412773,0.0037569953945654627,-0.00613396280057967,93.0741829171205
2016-01-08,3.2310775772849993,2.153925881765562,8.368961081883608,8.55735057391602,-0.0013789709994003665,0.0006181923789970376,-0.0007607786204033289,0.00695124755784444,0.0004298379205615647,0.007381085478406005,-0.008141864098809334,92.31638556870158
2016-01-15,3.1415390792020803,2.106806455958455,8.368961081883608,8.560076479368632,0.0074934420578625935,0.0006213610725548075,0.008114803130417401,0.004033458885727704,0.0004142165157241465,0.004447675401451851,0.0036671277289655503,92.65492154605843
2016-01-22,3.1685532671007004,2.134700561162985,8.368961081883608,8.560076479368632,-0.0022608068718224265,0.0006041421306157847,-0.0016566647412066418,-0.0023877567387433005,0.00040515508768431834,-0.001982601651058982,0.00032593690985234015,92.68512120486976
2016-01-29,3.2417024686656215,2.044429261326977,8.368961081883608,8.813299624364616,-0.0061218282106768425,0.0006093371667501347,-0.005512491043926707,0.00795588012935595,0.0004105193386851894,0.008366399468041139,-0.013878890511967846,91.3987545555789
2016-02-05,3.2134054716962255,1.9336023541898324,8.368961081883608,8.807036172404842,0.0023681646637105373,0.0006234043208972349,0.002991568984607772,0.00976056580032585,0.000393159473332111,0.01015372527365796,-0.007162156289050188,90.7441423908273
2016-02-12,3.202998092848929,1.8719719918199127,8.368961081883608,8.815953446061593,0.0008709894853744291,0.0006179625907108126,0.0014889520760852418,0.0054333040551711835,0.0003718466065749678,0.005805150661746151,-0.004316198585660909,90.35247265178302
2016-02-19,3.180272130877672,1.8708557471385974,8.368961081883608,8.807036172404842,0.0019019269128581842,0.0006159611717017171,0.0025178880845599014,9.830807285598591e-05,0.00035999461381152167,0.0004583026866675076,0.002059585397892394,90.5385612851201
2016-02-26,3.2260227525458163,1.8804595782156324,8.368961081883608,8.807036172404842,-0.0038288517221268204,0.0006115907943995523,-0.0032172609277272683,-0.0008458128768911297,0.00035977995137280715,-0.0004860329255183226,-0.0027312280022089457,90.29127983125848
2016-03-04,3.2324441658013123,1.890827684765319,8.375324403801722,8.822216898021367,-0.0005378141914565198,0.0006203889908741954,8.257479941767569e-05,-0.0009146968480313079,0.00036162684196454467,-0.0005530700060667633,0.000635644805484439,90.34867301426375
2016-03-11,3.2123440215243804,1.932715031851557,8.375324403801722,8.822216898021367,0.0016834522888252378,0.000621623878038714,0.002305076166863952,-0.0036953926127749476,0.00036362070860871515,-0.003331771904166232,0.005636848071030184,90.85795475746436
2016-03-18,3.197462863277313,1.8731089019603084,8.375324403801722,8.825562697842734,0.001246345278234986,0.0006177584656777655,0.0018641037439127515,0.005260576365309713,0.00037167596766376094,0.005632252332973474,-0.0037681485890607228,90.51558848344007
2016-03-25,3.2150850839887966,1.890740817535957,8.39340897532759,8.822216898021367,-0.0014791050548496987,0.0006148967044764063,-0.0008642083503732923,-0.0015555258353597305,0.0003602132503769824,-0.001195312584982748,0.0003311042346094557,90.5455585780851
2016-04-01,3.199339322388064,1.8178498260667697,8.39340897532759,8.82399694128027,0.0013216061674295753,0.0006182855930747685,0.001939891760504344,0.006431898857709952,0.00036360400337229947,0.006795502861082252,-0.004855611100577908,90.10590455874534
2016-04-08,3.2407595634118684,1.7827872948489176,8.39340897532759,8.820651141458903,-0.003476570227694326,0.0006152575619977046,-0.0028613126656966215,0.0030927435600918538,0.00034958650501284034,0.003442330065104694,-0.006303642730801315,89.53790912847131
2016-04-15,3.2596667600326903,1.7772075626512247,8.39340897532759,8.82399694128027,-0.0015869583381548963,0.0006232229929638209,-0.0009637353451910754,0.0004923553984560538,0.0003428437105478688,0.0008351991090039227,-0.001798934454194998,89.37683629878353
2016-04-22,3.2772794684882767,1.842911903747179,8.39340897532759,8.82399694128027,-0.0014783066523094686,0.0006268589923139789,-0.0008514476599954897,-0.005797749048595369,0.0003417706851252355,-0.0054559783634701335,0.004604530703474644,89.78837468570069
2016-04-29,3.2649954700632824,1.8013121997064654,8.375324403801722,8.820651141458903,0.001028824717851165,0.0006302460516323609,0.0016590707694835258,0.003669364769310736,0.00035440613533599597,0.004023770904646732,-0.002364700135163206,89.57605210394533
2016-05-06,3.244989974986305,1.78424546947735,8.39340897532759,8.815953446061593,0.0016791430193497457,0.000627883744242939,0.0023070267635926845,0.0015045949917637368,0.0003464061922512433,0.00185100118401498,0.0004560255795777045,89.61690107502231
2016-05-13,3.2413466194761877,1.73419980429531,8.39340897532759,8.819299245882961,0.0003058017283892682,0.0006240365336512125,0.0009298382620404808,0.004413676971996766,0.00034312412874564424,0.004756801100742411,-0.0038269628387019297,89.27394052488859
2016-05-20,3.3071470799835603,1.81476702866215,8.368961081883608,8.815953446061593,-0.005506814931562201,0.0006233358883608053,-0.004883479043201396,-0.0071027689929646105,0.0003334999623644827,-0.006769269030600128,0.001885789987398732,89.44229242806605
2016-05-27,3.288657104661608,1.8285701128522835,8.368961081883608,8.815953446061593,0.0015474188387440703,0.0006359898230737617,0.002183408661817832,-0.001216873476322861,0.00034899365935810574,-0.0008678798169647552,0.003051288478782587,89.7152066644677
2016-06-03,3.3548522565254517,1.6868902924360394,7.932815336167734,8.819299245882961,-0.0052511391588545165,0.0006324340585887708,-0.004618705100265746,0.012495167333538155,0.0003516480986254392,0.012846815432163594,-0.017465520532429342,88.14828388039831
2016-06-10,3.336038277896085,1.6484341659126658,7.932815336167734,8.819299245882961,0.0014924781820537156,0.0006451638954856637,0.0021376420775393794,0.0033915608764716857,0.000324401979314623,0.0037159628557863087,-0.0015783207782469294,88.00915761238306
2016-06-17,3.284494750171079,1.6422259120363292,8.368961081883608,8.815953446061593,0.004313657775535642,0.000641545822672324,0.004955203598207966,0.0005473167715511498,0.00031700657036782035,0.0008643233419189702,0.004090880256288996,88.36919253763217
2016-06-24,3.2815329959681003,1.609516675771333,8.387045653409476,8.815953446061593,0.00024840367714559986,0.0006316336058021306,0.0008800372829477305,0.0028836310416843532,0.00031581267539160175,0.0031994437170759548,-0.0023194064341282242,88.16422846388167
2016-07-01,3.188546213387099,1.4734917256846047,8.39340897532759,8.829685207039757,0.0078047609550221005,0.0006310640376861732,0.008435824992708273,0.012010574895691064,0.00030952243764833327,0.012320097333339398,-0.003884272340631125,87.82177458982633
2016-07-08,3.1541015507392944,1.4226599478599753,8.39340897532759,8.829685207039757,0.0028910814062021555,0.0006131819641129037,0.003504263370315059,0.004488285967056622,0.00028336379340088554,0.004771649760457508,-0.0012673863901424488,87.71047046795304
2016-07-15,3.184030131942378,1.5363112952153433,8.39340897532759,8.858021586214377,-0.002512028220887808,0.0006065579905267874,-0.0019054702303610204,-0.01006726088176198,0.00027358845151153374,-0.009793672430250446,0.007888202199889425,88.40234839405167
2016-07-22,3.1412467145273295,1.5143887264071951,8.387045653409476,8.858021586214377,0.003588264750688843,0.0006123134869119958,0.004200578237600839,0.001941905877278462,0.0002954444798491045,0.0022373503571275666,0.0019632278804732725,88.5759023491182
2016-07-29,3.1471483368546997,1.453281623797704,8.387045653409476,8.858021586214377,-0.0004949717588883487,0.000604085906639871,0.00010911414775152228,0.0054128803398588955,0.0002912286012321529,0.005704108941091048,-0.005594994793339526,88.08032063665952
2016-08-05,3.124004937751429,1.5116683840562517,8.392828028791406,8.859587342776841,0.0019423856867543511,0.0006052208340105192,0.0025476065207648705,-0.005172826021723753,0.0002794772353457123,-0.004893348786378041,0.007440955307142912,88.73572236595571
2016-08-12,3.052306257477063,1.4713193929393624,8.392828028791406,8.859587342776841,0.006017546934340543,0.0006007701803368133,0.0066183171146773564,0.0035747541099300745,0.0002907054584723561,0.0038654595684024305,0.002752857546274926,88.97999916889499
2016-08-19,3.059016807608025,1.503464835880092,8.392828028791406,8.859587342776841,-0.0005632049322774865,0.0005869819725917429,2.377704031425638e-05,-0.002847953594056424,0.00028294603710372353,-0.0025650075569527008,0.002588784597266957,89.21034922020826
2016-08-26,3.0974943134144484,1.5412248690317312,8.392828028791406,8.831250963602221,-0.0032293508921013344,0.0005882724630015433,-0.002641078429099791,-0.0033346832915606573,0.00028912785305386385,-0.0030455554385067935,0.0004044770094070024,89.246432755469
2016-09-02,3.1311335185197775,1.5437122945151993,8.392828028791406,8.82399694128027,-0.002823280634742694,0.0005956719833489324,-0.0022276086513937613,-0.00021949034857785481,0.00029638939789071754,7.689904931286272e-05,-0.002304507700706624,89.04076366392341
2016-09-09,3.1376562347652945,1.582762786991845,8.392828028791406,8.82399694128027,-0.0005474403572922841,0.0006021410612538034,5.470070396151926e-05,-0.0034458142616941,0.0002968677489452306,-0.0031489465127488695,0.003203647216710389,89.3260188586091
2016-09-16,3.1312059727189463,1.5992622901954472,8.392828028791406,8.82399694128027,0.0005413594009564095,0.0006033954297625567,0.0011447548307189663,-0.0014559156580122952,0.0003043774590368933,-0.0011515381989754018,0.002296293029694368,89.53113757308448
2016-09-23,3.1106496838011766,1.5448950984835774,8.392828028791406,8.85233332045489,0.0017252539779699194,0.0006021549947536435,0.0023274089727235627,0.004812765027305437,0.0003075504404222014,0.005120315467727638,-0.0027929064950040754,89.28108547745151
2016-09-30,3.0969056635093075,1.5304339144463475,8.392828028791406,8.85233332045489,0.0011535119873387642,0.000598201862269457,0.0017517138496082212,0.0012801522130600114,0.00029709521124684184,0.0015772474243068533,0.00017446642530136798,89.29666202928178
2016-10-07,3.102470796521503,1.6417642775321488,8.392828028791406,8.847635625057581,-0.0004670720432870506,0.0005955587814440975,0.0001284867381570469,-0.009850104865885315,0.00029431421431660526,-0.00955579065156871,0.009684277389725757,90.16143567434993
2016-10-14,3.0746932151532165,1.6772780675739367,8.392828028791406,8.847635625057581,0.0023313246347978754,0.0005966289993310582,0.0029279536341289335,-0.0031421307395453776,0.0003157238995254132,-0.0028264068400199642,0.005754360474148897,90.68025707608692
2016-10-21,3.003800166713135,1.6409855336295518,8.392828028791406,8.847635625057581,0.005949931639943837,0.0005912871567602339,0.0065412187967040705,0.003211031162499515,0.0003225534745334494,0.0035335846370329648,0.0030076341596711057,90.95299011487673
2016-10-28,3.062571005012586,1.7109513019335383,8.392828028791406,8.847635625057581,-0.004932535389552013,0.0005776538782140644,-0.004354881511337949,-0.006190316241808754,0.0003155741410826061,-0.0058747421007261475,0.0015198605893881985,91.09122598003935
2016-11-04,3.0843105667032815,1.785277495573861,8.387045653409476,8.847635625057581,-0.0018233069638497457,0.0005889559625024204,-0.0012343510013473253,-0.00657611078727048,0.00032902909652568046,-0.0062470816907448,0.005012730689397475,91.54784176404432
2016-11-11,3.208201933130679,1.99263763725953,8.368961081883608,8.563350195434367,-0.010368420240122694,0.0005931366474429387,-0.009775283592679755,-0.017756975098292715,0.00034332259530266563,-0.01741365250299005,0.0076383689103102954,92.2471179523808
2016-11-18,3.273963928198276,2.0965792790374382,8.368961081883608,8.563350195434367,-0.005503595773877444,0.0006169619102174383,-0.004886633863660006,-0.008900886784326193,0.0003831995456268327,-0.00851768723869936,0.003631053375039354,92.58207216135946
2016-11-25,3.216999119803596,2.112011464434852,8.368961081883608,8.554432921777614,0.004767362644920363,0.0006296084477304378,0.005396971092650801,-0.001320135948186139,0.00040318832289181503,-0.000916947625294324,0.006313918717945124,93.16662783972521
2016-12-02,3.3973971786973483,2.159720227444376,7.932815336167734,8.554432921777614,-0.014310644882072489,0.0006186536768853069,-0.013691991205187182,-0.004081214129459551,0.0004061560508528562,-0.003675058078606695,-0.010016933126580488,92.23338395902567
2016-12-09,3.454166273468151,2.1759562529820085,7.932815336167734,8.591686574608987,-0.0045033874561818425,0.0006533456112879516,-0.0038500418448938908,-0.001394948426366866,0.0004153308129700723,-0.0009796176133967938,-0.002870424231497097,91.9686350187567
2016-12-16,3.666096956669717,2.252912721609521,7.932815336167734,8.55020397997072,-0.01681206973905886,0.0006642627448977214,-0.01614780699416114,-0.006579935043434481,0.00041845312557346314,-0.006161481917861018,-0.009986325076300121,91.0502063326358
2016-12-23,3.566981264794491,2.20882099653942,7.932815336167734,8.587457632802092,0.007862664805626673,0.0007050186455134071,0.00856768345114008,0.0037863582099664788,0.0004332524464633694,0.004219610656429848,0.004348072794710231,91.44609925774348
2016-12-30,3.433949471500346,2.1551908654252365,7.932815336167734,8.591686574608987,0.01055316650041689,0.0006859579355374021,0.011239124435954291,0.004607732774882508,0.0004247732685652731,0.005032506043447781,0.0062066183925065105,92.01367029931957
2017-01-06,3.588912132560032,2.1518155196285913,7.932815336167734,8.591686574608987,-0.01229290174187639,0.0006603748983654511,-0.011632526843510939,0.00028999913165699643,0.00041445978181254547,0.0007044589134695419,-0.01233698575698048,90.87849895938936
2017-01-13,3.5753720542923553,2.13054557112172,7.932815336167734,8.591686574608987,0.0010741094053473693,0.0006901754101076985,0.0017642848154550677,0.001827447310291121,0.00041381067685165217,0.0022412579871427733,-0.0004769731716877056,90.8351523535025
2017-01-20,3.6350298537437395,2.170128578784861,7.932815336167734,8.591686574608987,-0.004732543064099602,0.0006875715489023761,-0.004044971515197226,-0.0034008479552205453,0.00040972030213879226,-0.002991127653081753,-0.0010538438621154728,90.73942628573043
2017-01-27,3.7073316985989684,2.1714797099732297,7.932815336167734,8.591686574608987,-0.005735571837007796,0.0006990442026430268,-0.005036527634364769,-0.00011608495691642976,0.0004173324189970887,0.00030124746208065893,-0.0053377750964454275,90.25507963583671
2017-02-03,3.7346399331631543,2.1882822945866294,7.932815336167734,8.571332480507545,-0.0021663118195444017,0.0007129484035767246,-0.001453363415967677,-0.0014402053925330893,0.0004175922519179288,-0.0010226131406151605,-0.00043075027535251654,90.21620223543161
2017-02-10,3.7573432179597956,2.135624529471674,7.932815336167734,8.571332480507545,-0.0018010096581617986,0.0007181999871467605,-0.0010828096710150381,0.004513472124807539,0.0004208235181897364,0.004934295642997275,-0.006017105314012314,89.67336184555079
2017-02-17,3.736167683720219,2.144769864264128,7.932815336167734,8.571332480507545,0.001679816027672576,0.0007225660034538069,0.002402382031126383,-0.0007838770515167619,0.00041069702489839884,-0.00037318002661836303,0.002775562057744746,89.92225582627971
2017-02-24,3.6970891124970606,2.082712036811713,7.932815336167734,8.571332480507545,0.003100030891145948,0.0007184937853308114,0.0038185246764767594,0.005319182721126161,0.0004124557431277169,0.005731638464253878,-0.0019131137877771189,89.75022431883043
2017-03-03,3.7406783754390625,2.1792465135844123,7.932815336167734,8.571332480507545,-0.0034578557355856,0.000710978675480204,-0.002746877060105396,-0.008274290962506379,0.0004005215455407141,-0.007873769416965664,0.005126892356860268,90.21036405791715
2017-03-10,3.766470495434018,2.2275716121723557,7.932815336167734,8.56710353870065,-0.0020460412504826023,0.0007193612260459736,-0.0013266800244366287,-0.00414006123120827,0.0004190858679970024,-0.0037209753632112675,0.002394295338774639,90.42635431209017
2017-03-17,3.667937573241747,2.1806703740115974,7.932815336167734,8.56710353870065,0.007816434762842665,0.0007243212491219264,0.00854075601196459,0.004018077634164744,0.00042837915618699145,0.004446456790351736,0.004094299221612855,90.79658686416346
2017-03-24,3.6417043397563904,2.124876234180577,7.932815336167734,8.56710353870065,0.0020810339690990718,0.0007053726102387975,0.0027864065793378693,0.004779941727850921,0.0004193596873099225,0.005199301415160844,-0.0024128948358229747,90.57750424860856
2017-03-31,3.645585772921787,2.1238311602080038,7.932815336167734,8.56710353870065,-0.00030790692540768905,0.0007003277576454597,0.0003924208322377706,8.9532569286372e-05,0.0004086300450347264,0.0004981626143210984,-0.00010574178208332775,90.56792642189265
2017-04-07,3.625663434443244,2.0664890277048453,7.932815336167734,8.56710353870065,0.0015804023221491197,0.0007010741871003436,0.002281476509249463,0.004912559862844503,0.00040842906927077,0.005320988932115273,-0.0030395124228658095,90.29264408442012
2017-04-14,3.6727379896448853,1.9970590748554837,7.932815336167734,8.56710353870065,-0.003734337534468554,0.0006972429681621622,-0.0030370945663063917,0.00594813594747585,0.0003974017360970856,0.006345537683572935,-0.009382632249879327,89.44546141010676
2017-04-21,3.7537389807356143,1.996811433537696,7.932815336167734,8.56710353870065,-0.006425659043693211,0.0007062957672394009,-0.005719363276453809,2.1215688099470702e-05,0.000384049822087593,0.0004052655101870637,-0.006124628786640873,88.89764116232004
2017-04-28,3.777597669231231,2.024865515424264,7.932815336167734,8.56710353870065,-0.0018926656999887664,0.0007218728809106951,-0.0011707928190780714,-0.0024034222420541256,0.00038400219875724925,-0.002019420043296876,0.0008486272242188048,88.97308212077921
2017-05-05,3.8656993878892907,2.060300593538035,7.932815336167734,8.56710353870065,-0.006988946649133911,0.0007264610902367752,-0.006262485558897136,-0.0030357598310262243,0.0003893972145046661,-0.002646362616521558,-0.003616122942375578,88.6513445172684
2017-05-12,3.9497030950256558,2.0410873515382923,7.932815336167734,8.56710353870065,-0.006663858962662998,0.0007434037284402481,-0.0059204552342227495,0.001646018335259069,0.00039621165260346827,0.002042229987862537,-0.007962685222085287,87.94544176636275
2017-05-19,3.917297160992402,2.0298127298195285,7.932815336167734,8.56710353870065,0.0025707029048183446,0.0007595582875049337,0.003330261192323278,0.0009659085162433264,0.00039251679837274853,0.0013584253146160749,0.0019718358777072033,88.11885574371847
2017-05-26,3.9702256989013263,2.0193476178004937,7.932815336167734,8.571332480507545,-0.004198723172448488,0.0007533263771139235,-0.0034453967953345646,0.0008969995456090358,0.0003903486018883709,0.0012873481474974067,-0.004732744942831971,87.70181167482926
2017-06-02,3.9438665388968746,1.9406773904123953,7.932815336167734,8.572898237070008,0.002091023487318137,0.0007635049420964089,0.002854528429414546,0.006744318536853252,0.0003883360803462488,0.007132654617199501,-0.004278126187784955,87.32661225758697
2017-06-09,3.9585253974347325,1.9723543291819001,7.932815336167734,8.572898237070008,-0.0011628601781983308,0.0007584358728647835,-0.0004044243053335473,-0.002715631725328626,0.00037320719046392216,-0.002342424534864704,0.0019380002295311565,87.49585125218636
2017-06-16,3.8575302274563215,1.934926851295472,7.932815336167734,8.572898237070008,0.008011760332836064,0.0007612548841220639,0.008773015216958127,0.003208619591905361,0.0003792989094580577,0.0035879185013634185,0.005185096715594709,87.94952570314221
2017-06-23,3.869663912877656,1.9388066561387292,7.950899907693603,8.572898237070008,-0.0009647371829647367,0.0007418327360492925,-0.00022290444691544422,-0.0003326117210093462,0.00037210131755682156,3.9489596547475346e-05,-0.00026239404346291957,87.92644827147232
2017-06-30,3.882745087115365,2.0140822326546775,7.932815336167734,8.572898237070008,-0.0010377053960797884,0.000744166137091857,-0.00029353925898793147,-0.006453298572080017,0.00037284743387283256,-0.006080451138207184,0.005786911879219253,88.43527087947207
2017-07-07,3.8887024983741254,2.124373680193119,7.932815336167734,8.571332480507545,-0.0004725904339735259,0.0007466817475221856,0.00027409131354865965,-0.009453446666084381,0.0003873235062797457,-0.009066123159804635,0.009340214473353295,89.26127527649544
2017-07-14,3.8747937678776982,2.0844161631136258,7.932815336167734,8.56710353870065,0.0011033539058868122,0.0007478274035334857,0.001851181309420298,0.0034232018596941824,0.0004085334000371383,0.003831735259731321,-0.001980553950311023,89.08448850513678
2017-07-21,3.878833429322629,2.027324758734476,7.932815336167734,8.574058385960157,-0.00032045888263273776,0.0007451526476687881,0.0004246937650360503,0.00489505034483293,0.00040084926213723574,0.005295899606970166,-0.004871205841934115,88.65053962430484
2017-07-28,3.9052844725628666,2.06006817549439,7.932815336167734,8.569829444153262,-0.0020983124147379104,0.0007459295056389671,-0.0013523829090989433,-0.0028060549705129327,0.0003898701459104761,-0.0024161848246024567,0.0010638019155035133,88.7448462381676
2017-08-04,3.90879847838365,1.9981770791622901,7.932815336167734,8.57562414252262,-0.0002787595926649346,0.0007510162447236282,0.00047225665205869355,0.0053075477991274805,0.0003961669568258442,0.005703714755953325,-0.005231458103894631,88.28058129313605
2017-08-11,3.9014730185045803,1.9643476260849757,7.932815336167734,8.57562414252262,0.0005811152047316587,0.0007516920150737789,0.0013328072198054376,0.002901086745381539,0.00038426482291582505,0.0032853515682973638,-0.0019525443484919261,88.10820954305055
2017-08-18,3.9053497019105983,1.9636905183693703,7.932815336167734,8.57562414252262,-0.0003075301357672647,0.0007502832727893424,0.00044275313702207765,5.635108790184019e-05,0.00037775915886249534,0.00043411024676433556,8.642890257742094e-06,88.10897105263643
2017-08-25,3.945582351880791,1.9527453865378654,7.932815336167734,8.57562414252262,-0.0031915818269821396,0.0007510287888289612,-0.0024405530381531784,0.0009386133677734544,0.00037763279199410965,0.001316246159767564,-0.003756799197920742,87.77796334085627
2017-09-01,3.9318877520650006,1.9593270507685032,7.932815336167734,8.560162958571139,0.0010863673144138242,0.0007587658369001522,0.0018451331513139762,-0.0005634011835285809,0.0003755279589495895,-0.00018787322457899144,0.0020330063758929678,87.95641649999112
2017-09-08,3.875128414444378,1.8971008439164867,7.950899907693603,8.560162958571139,0.00451287812248558,0.0007561322600125001,0.00526901038249808,0.005326664709470174,0.00037679366360932753,0.005703458373079501,-0.00043444799058142084,87.91820401158395
2017-09-15,3.857326401563749,1.9711499995905741,7.932815336167734,8.560162958571139,0.001412200807941101,0.0007452170027777651,0.002157417810718866,-0.006338728395147911,0.0003648270853685552,-0.005973901309779356,0.008131319120498222,88.63309498490321
2017-09-22,3.8825870282343997,1.9974553191887163,7.932815336167734,8.560162958571139,-0.0020038788665414607,0.0007417935387622593,-0.0012620853277792014,-0.002251778224373923,0.00037906730761357195,-0.0018727109167603509,0.0006106255889811495,88.68721662073158
2017-09-29,3.8759588704967536,2.036639196951086,7.932815336167734,8.560162958571139,0.0005257995135173808,0.0007466513515835383,0.0012724508651009191,-0.003354203789946179,0.000384126022920907,-0.0029700777670252716,0.0042425286321261906,89.06347467654861
2017-10-06,3.8780763279156885,2.074598755616643,7.932815336167734,8.560162958571139,-0.00016797398686608733,0.0007453767058647603,0.000577402718998673,-0.0032494000801260724,0.00039166138402905505,-0.002857738696097017,0.00343514141509569,89.36942030698233
2017-10-13,3.918159593560141,2.0305415596804757,7.932815336167734,8.560162958571139,-0.0031797314442800003,0.0007457839092145555,-0.0024339475350654447,0.003771367767112903,0.0003989612991570467,0.00417032906626995,-0.006604276601335395,88.77919993557403
2017-10-20,3.9686763962352862,2.0832088446252044,7.932815336167734,8.560162958571139,-0.0040074046699554965,0.0007534922295307964,-0.0032539124404247,-0.004508405417123782,0.0003904887614770145,-0.004117916655646767,0.000864004215222067,88.85590553854242
2017-10-27,4.060413875528697,2.1065535650537535,7.926664149145185,8.560162958571139,-0.007271721882480291,0.0007632069992760166,-0.0065085148832042744,-0.001998346110906647,0.000400617085504847,-0.0015977290254018,-0.004910785857802474,88.4195532142415
2017-11-03,4.135296966941002,2.0400323742768056,7.926664149145185,8.593315051379633,-0.005935731160750805,0.0007808488222170571,-0.005154882338533747,0.00571637549939242,0.0004051064548180295,0.006121481954210449,-0.011276364292744197,87.42250212159604
2017-11-10,4.154343166212061,2.0731343823748705,7.926664149145185,8.593315051379633,-0.0015097282493937584,0.0007952494167194236,-0.0007144788326743348,-0.002844559844199912,0.00039231391813015495,-0.0024522459260697574,0.0017377670933954226,87.57442206900524
2017-11-17,4.18344925920421,2.046517736696556,7.926664149145185,8.593315051379633,-0.002307142238425512,0.0007989121473484732,-0.0015082300910770386,0.0022872522192469926,0.0003986796889182443,0.002685931908165237,-0.004194161999242276,87.20712075585782
2017-11-24,4.212770714580645,2.0401890454846656,7.926664149145185,8.593315051379633,-0.002324213291331524,0.0008045094729238865,-0.0015197038184076375,0.0005438443744667076,0.00039356110321087616,0.0009374054776775838,-0.0024571092960852213,86.99284332876377
2017-12-01,4.170092342019947,2.052129519747865,7.926664149145185,8.593315051379633,0.0033829712572074865,0.0008101482143424317,0.004193119471549918,-0.0010260825720656288,0.00039234404720858956,-0.0006337385248570392,0.004826857996406957,87.4127454302154
2017-12-08,4.168796580390813,2.05291281617173,7.926664149145185,8.593315051379633,0.00010271067251492906,0.0008019408350038359,0.000904651507518765,-6.73111294888893e-05,0.0003946402922592048,0.0003273291627703155,0.0005773223447484495,87.46321076136807
2017-12-15,4.169764894905059,2.041770601952907,7.94462946707673,8.593315051379633,-7.69290002327734e-05,0.0008016916500751563,0.0007247626498423829,0.0009574855715230497,0.00039479092618687113,0.001352276497709921,-0.000627513847867538,87.40832638543635
2017-12-22,4.165694031337055,2.105573068336404,7.926664149145185,8.593315051379633,0.0003226836830056042,0.0008018778644048191,0.0011245615474104232,-0.005482746946884446,0.00039264819268325135,-0.005090098754201195,0.006214660301611618,87.95153944145423
2017-12-29,4.163627843021986,2.059428604125187,7.926664149145185,8.593315051379633,0.0001637798084243658,0.0008010950060263566,0.0009648748144507225,0.003965339188440997,0.0004049178977570007,0.004370257086197998,-0.003405382271747276,87.65203082826743
2018-01-05,4.1794979095578855,2.1412612253556342,7.926664149145185,8.577853867428152,-0.001257966874546598,0.0008006976621196128,-0.00045726921242698524,-0.0070194826650337655,0.0003960439623317667,-0.006623438702701999,0.006166169490275013,88.19250810652134
2018-01-12,4.20671855986642,2.1752742883665226,7.933805362350233,8.577853867428152,-0.002159633413845141,0.000803749597991901,-0.00135588381585324,-0.002917590840910261,0.00041178100487608354,-0.0025058098360341776,0.0011499260201809375,88.29392296637806
2018-01-19,4.282076821617984,2.223083094927789,7.933805362350233,8.577853867428152,-0.00597877781181951,0.00080898433843585,-0.00516979347338366,-0.004100969562586844,0.00041832197853202357,-0.00368264758405482,-0.0014871458893288402,88.16261702178589
2018-01-26,4.184970006510299,2.2288819596702676,7.933805362350233,8.577853867428152,0.007704265704221077,0.0008234763118496123,0.00852774201607069,-0.000497418143579618,0.0004275159797938056,-6.990216378581244e-05,0.008597644179856503,88.92060783290418
2018-02-02,4.167503089981869,2.366022658246272,7.933805362350233,8.555934016764244,0.0013857911601698025,0.0008048019243289036,0.002190593084498706,-0.01173366768029246,0.00042863114609043604,-0.011305036534202024,0.01349562961870073,90.1206474216868
2018-02-09,4.144206803571281,2.3679700808823347,7.933805362350233,8.555934016764244,0.001848282020471691,0.0008014429019195903,0.0026497249223912814,-0.00016662019576907744,0.00045500435735505224,0.0002883841615859748,0.0023613407608053067,90.3334529798338
2018-02-16,4.14187455165772,2.3853969453917903,7.933805362350233,8.555934016764244,0.00018503632738162828,0.0007969628468406311,0.0009819991742222593,-0.00149103102861992,0.0004553788617081413,-0.0010356521669117789,0.002017651341134038,90.51571439238782
2018-02-23,4.140358673574633,2.3890623794085553,7.933805362350233,8.555934016764244,0.00012026681664261812,0.0007965143368572538,0.0009167811534998719,-0.00031361211590244477,0.00045873018180611353,0.00014511806590366877,0.0007716630875962031,90.58556202803183
2018-03-02,4.1144036896039085,2.3365839601487126,7.933805362350233,8.577853867428152,0.0020592179100665177,0.0007962228218412756,0.0028554407319077934,0.0045015221160455724,0.00045943507296318373,0.004960957189008756,-0.0021055164571009625,90.39483263640606
2018-03-09,4.104869940285101,2.354713260616986,7.933805362350233,8.577853867428152,0.0007563891146885575,0.0007912314787699824,0.0015476205934585399,-0.001555104901355463,0.0004493430692593678,-0.0011057618320960952,0.002653382425554635,90.63468469668446
2018-03-16,4.105905556648929,2.324502506632818,7.933805362350233,8.577853867428152,-8.21637866067171e-05,0.0007893980654394425,0.0007072342788327253,0.002591434329010145,0.0004528294731955742,0.0030442638022057196,-0.0023370295233729943,90.4228687627067
2018-03-23,4.02175555152239,2.3112919154643694,7.933805362350233,8.582478680378644,0.006676297619147306,0.0007895972224324862,0.007465894841579792,0.0011337961705841025,0.0004470197128140035,0.001580815883398106,0.005885078958181686,90.95501448500053
2018-03-30,4.0356994793507734,2.265701341035139,7.933805362350233,8.582478680378644,-0.0011062840937705186,0.0007734145291389212,-0.0003328695646315974,0.00391280133065084,0.0004444792145123787,0.004357280545163218,-0.004690150109794815,90.52842181382732
2018-04-06,4.011375394520691,2.270092532945595,7.933805362350233,8.577853867428152,0.001929825546591707,0.0007760960537213026,0.0027059216003130094,-0.0003766700251172426,0.0004357117963529114,5.904177123566877e-05,0.0026468798290773406,90.76803966748454
2018-04-13,4.007280597628473,2.298408027467421,7.933805362350233,8.577853867428152,0.0003248732154121626,0.0007714183451001329,0.0010962915605122955,-0.002428861741921841,0.0004365562563356914,-0.0019923054855861496,0.003088597046098445,91.04838556668169
2018-04-20,3.8380389800620245,2.36974046953924,7.933805362350233,8.577853867428152,0.01342730052981514,0.0007706308841593217,0.014197931413974461,-0.0061187926409884815,0.00044200154374373485,-0.005676791097244747,0.019874722511219207,92.85794696491398
2018-04-27,3.9514105611516626,2.373476818928533,7.933805362350233,8.577853867428152,-0.00899468057987095,0.000738084419242697,-0.008256596160628252,-0.00032049859059009897,0.0004557193210652385,0.00013522073047513955,-0.00839181689110339,92.07870007710063
2018-05-04,3.946733959273379,2.3936365751410555,7.933805362350233,8.55749977332671,0.0003710324905950328,0.0007598866463753197,0.0011309191369703524,-0.001725171092189823,0.00045643784979394866,-0.0012687332423958744,0.0023996523793662267,92.2996569488296
2018-05-11,3.9961255947683267,2.414938944989257,7.933805362350233,8.55749977332671,-0.003918636225450645,0.0007589872998602652,-0.0031596489255903797,-0.0018229502514730462,0.00046031472598866455,-0.0013626355254843818,-0.001797013400105998,92.13379322846737
2018-05-18,4.011596333857274,2.4775342371962674,7.933805362350233,8.304276628330731,-0.001227418327434128,0.0007684856913016013,-0.00045893263613252676,-0.005198086221182104,0.0004644113355748571,-0.004733674885607247,0.00427474224947472,92.52764144698546
2018-05-25,3.9796583138026187,2.4253076494046635,7.933805362350233,8.55749977332671,0.0025339003477247517,0.0007714608334340912,0.003305361181158843,0.004469290131882782,0.00047644889176851296,0.0049457390236512955,-0.0016403778424924527,92.37586115413772
2018-06-01,3.9577808964181767,2.41180157820824,7.933805362350233,8.55749977332671,0.001735711713590605,0.0007653189065005035,0.0025010306200911087,0.00115578201201928,0.0004664053171932045,0.0016221873292124845,0.0008788432908786242,92.45704505995218
2018-06-08,3.9946312121258876,2.447087479124426,7.933805362350233,8.55749977332671,-0.002923632323661359,0.0007611117108496494,-0.0021625206128117096,-0.0030195908909189132,0.00046380799580927694,-0.002555782895109636,0.0003932622822979265,92.49340492850699
2018-06-15,3.9722460086406954,2.4603535126170986,7.933805362350233,8.52916339415209,0.0017759984744811844,0.0007681983100242091,0.0025441967845053932,-0.0011314816725129712,0.00047059374598546654,-0.0006608879265275047,0.003205084711032898,92.78985412651473
2018-06-22,3.941949673567882,2.4479774114666637,7.933805362350233,8.52916339415209,0.0024036522566024615,0.0007638934632001337,0.003167545719802595,0.0010555778889461255,0.00047314490627251894,0.0015287227952186446,0.0016388229245839505,92.94192026662607
2018-06-29,3.8969290733885615,2.411298727476708,7.922316872065867,8.55749977332671,0.003566674603911626,0.0007580672449169004,0.004324741848828527,0.0031387782992996663,0.00047076488682051224,0.0036095431861201785,0.0007151986627083481,93.0083922037103
2018-07-06,3.892786713068709,2.3680846641186117,7.922316872065867,8.554773867874097,0.0003281709105214354,0.000749409437190108,0.0010775803477115434,0.003696865399404987,0.0004637112937455208,0.0041605766931505075,-0.003082996345438964,92.7216476704511
2018-07-13,3.871632358283099,2.3745245806802537,7.933805362350233,8.554773867874097,0.001678345334351311,0.0007486128294362902,0.0024269581637876014,-0.0005509202991282459,0.0004554008969458869,-9.551940218235905e-05,0.0025224775659699605,92.95553594657959
2018-07-20,3.86397603619418,2.3973266850680948,7.933805362350233,8.554773867874097,0.0006074376924494592,0.0007445446842852114,0.0013519823767346706,-0.0019506684674963969,0.00045663934243851033,-0.0014940291250578866,0.002846011501792557,93.22008847103885
2018-07-27,3.9015511927415023,2.433741937896636,7.933805362350233,8.554773867874097,-0.002981139785062938,0.000743072314652727,-0.002238067470410211,-0.003115242532896315,0.00046102436251309515,-0.00265421817038322,0.0004161506999730089,93.25888207610761
2018-08-03,3.846357289216507,2.466116296484155,7.926664149145185,8.534419773772653,0.004375035363229584,0.0007502983062964428,0.005125333669526027,-0.0027629636609252982,0.00046802729574935305,-0.002294936365175945,0.007420270034701972,93.95088816424675
2018-08-10,3.9306428201520336,2.4441094945470367,7.933805362350233,8.534419773772653,-0.006687049973048174,0.0007396840940800976,-0.005947365878968076,0.001878152856096402,0.0004742531339392606,0.0023524059900356625,-0.008299771869003738,93.1711172255932
2018-08-17,4.003001610451726,2.4497446515442047,7.926664149145185,8.534419773772653,-0.005735638289440852,0.0007558928500292372,-0.0049797454394116146,-0.00048092795304943817,0.00047002105664366094,-1.0906896405777223e-05,-0.004968838543005837,92.70816498722778
2018-08-24,3.9858409677545557,2.42938778324532,7.926664149145185,8.506083394598033,0.0013602665124394927,0.0007698080020099473,0.00213007451444944,0.0017315721940316339,0.0004711047406815778,0.0022026769347132115,-7.260242026377144e-05,92.70143415007149
2018-08-31,3.959738825710085,2.45587278599154,7.926664149145185,8.497166120941282,0.002069029135598011,0.0007665078784143376,0.0028355370140123485,-0.0022504746804821937,0.0004671899583164077,-0.001783284722165786,0.0046188217361781345,93.12960554909874
2018-09-07,4.007253680797695,2.5178894642304543,7.926664149145185,8.517520215042724,-0.003766342983747877,0.0007614882357134779,-0.0030048547480343996,-0.00528228310569752,0.00047228322807529616,-0.004809999877622224,0.0018051451295878242,93.29771800297611
2018-09-14,4.028024887236629,2.5506883349595686,7.926664149145185,8.517520215042724,-0.0016464637741399385,0.0007706257078457106,-0.0008758380662942279,-0.0027936504446580373,0.00048420951235201047,-0.002309440932306027,0.0014336028660117991,93.43146987889754
2018-09-21,4.0643188385350335,2.567266542270507,7.926664149145185,8.292633449221366,-0.0028768996258788176,0.0007746201706224288,-0.002102279455256389,-0.001374769964748158,0.0004905169874922248,-0.0008842529772559332,-0.0012180264780004557,93.31766787470654
2018-09-28,4.016394699647307,2.556445217518946,7.926664149145185,8.292633449221366,0.0037987855359999452,0.0007815997766413526,0.004580385312641298,0.0008973727959968323,0.0004937051042827899,0.0013910779002796222,0.0031893074123616754,93.61528660456365
2018-10-05,4.036128050410741,2.6836901720078306,7.88851467292517,8.27101991162593,-0.0015566682704332706,0.0007723835960860206,-0.00078428467434725,-0.01052445552231499,0.0004916240802921051,-0.010032831442022884,0.009248546767675635,94.48109196089533
2018-10-12,3.9904268391944315,2.633092657510431,7.88851467292517,8.266790969819036,0.003605146752503102,0.0007761784712328347,0.004381325223735937,0.004182790759423906,0.0005160942638476597,0.004698885023271566,-0.0003175597995356289,94.45108856427231
2018-10-19,3.971078760200359,2.642355570278,7.88851467292517,8.266790969819036,0.0015262760503765647,0.0007673897767681599,0.0022936658271447245,-0.0007657456362116241,0.0005063639725981598,-0.00025938166361346435,0.002553047490758189,94.69222667893071
2018-10-26,3.9424990050075635,2.578544217648788,7.88851467292517,8.27101991162593,0.0022545181818697693,0.0007636689923462229,0.003018187174215992,0.005277849681839988,0.0005081453019765385,0.0057859949838165265,-0.0027678078096005343,94.4301367944203
2018-11-02,3.9716369282926696,2.6187875695499336,7.88851467292517,8.272279355119922,-0.0022985493537312756,0.0007581728855783775,-0.001540376468152898,-0.003329042491126745,0.0004958738880093823,-0.002833168603117363,0.001292792134964465,94.55221533257175
2018-11-09,3.9247844505267766,2.6068334950636576,7.88851467292517,8.272279355119922,0.0036959645831914694,0.000763776332363975,0.004459740915555444,0.000988874435823872,0.0005036129941442181,0.00149248742996809,0.002967253485587354,94.83277572308732
2018-11-16,3.8045023198038423,2.5419700468788315,7.88851467292517,8.272279355119922,0.009488473530985702,0.0007547662404859186,0.01024323977147162,0.005365685633212272,0.000501314133666088,0.00586699976687836,0.004376240004593261,95.24778670995332
2018-11-23,3.851227211054742,2.5160456520385615,7.88851467292517,8.281196628776675,-0.003685899902235537,0.0007316350615007389,-0.002954264840734798,0.002146850111543201,0.0004888403936305445,0.0026356905051737453,-0.005589955345908544,94.71535583544805
2018-11-30,3.832639611049506,2.496090265593004,7.88851467292517,8.281196628776675,0.0014662855537576696,0.0007406206175105273,0.002206906171268197,0.0016525447895888467,0.0004838549330843387,0.0021363997226731854,7.050644859501153e-05,94.72203387881544
2018-12-07,3.7551959868771787,2.350698875440552,7.88851467292517,8.550554289614654,0.006109151656079064,0.000737046079047982,0.006846197735127046,0.012431769747410877,0.0004800173587678854,0.012911787106178763,-0.006065589371051717,94.14748891691569
2018-12-14,3.8026358173703874,2.3620399904429235,7.88851467292517,8.550554289614654,-0.003742297989267594,0.0007221530743994574,-0.0030201449148681368,-0.0009697281953254031,0.00045205747604626,-0.0005176707192791431,-0.0025024741955889935,93.9118872553216
2018-12-21,3.7777165211731476,2.30279478352894,7.88851467292517,8.559471563271407,0.0019657623369089424,0.0007312761187250745,0.0026970384556340168,0.005071076638403723,0.00045423845970056216,0.005525315098104285,-0.0028282766424702686,93.64627845814707
2018-12-28,3.709110620421837,2.2621963542484385,7.88851467292517,8.559471563271407,0.005411986547259623,0.0007264839463794515,0.006138470493639074,0.0034750110093993785,0.0004428451506786423,0.003917856160078021,0.002220614333561053,93.85423072637587
2019-01-04,3.6076856970368905,2.210188949229184,7.88851467292517,8.566015473566136,0.008000919963224613,0.0007132905039272763,0.00871421046715189,0.004454962361349533,0.000435037760432392,0.004890000121781924,0.003824210345369966,94.21314904647643
2019-01-11,3.5781538812310902,2.5041082076559817,7.88851467292517,8.49337254687943,0.002329621623021785,0.0006937857109686329,0.0030234073339904174,-0.02496365760521323,0.00042503633639022774,-0.024538621268823002,0.02756202860281342,96.80985455525652
2019-01-18,3.5654987375024443,2.54466102479314,7.895655886130218,8.484917067307059,0.0009992066007090735,0.0006881065156213635,0.001687313116330437,-0.0034408729025445666,0.0004815592707030734,-0.002959313631841493,0.00464662674817193,97.25969381491961
2019-01-25,3.5975644423656035,2.5275230484151523,7.884167395845852,8.484917067307059,-0.002528113848069354,0.0006856728341350855,-0.0018424410139342687,0.001454143082686935,0.0004893578893832961,0.001943500972070231,-0.0037859419860044995,96.89147425655977
2019-02-01,3.5707460145591012,2.4663007952010667,7.895655886130218,8.49337254687943,0.0021174907736716767,0.0006918393158395392,0.002809330089511216,0.005199834047066154,0.0004860621246952216,0.005685896171761376,-0.0028765660822501603,96.61275952805414
2019-02-08,3.575110229219844,2.4359854560316534,7.895655886130218,8.49337254687943,-0.0003445833717442945,0.0006866819258767502,0.00034209855413245573,0.002574794694508337,0.00047428861446174354,0.0030490833089700806,-0.0027069847548376247,96.3512302608889
2019-02-15,3.521714049646051,2.4475184061393445,7.895655886130218,8.484917067307059,0.004215978595486843,0.000687521197926893,0.004903499793413736,-0.0009785612520514869,0.0004684587415445487,-0.0005101025105069382,0.005413602303920674,96.87283750301484
2019-02-22,3.5724128138623272,2.4474693163458796,7.895655886130218,8.49337254687943,-0.0040029999610376905,0.0006772527018550098,-0.003325747259182681,4.1693790414635125e-06,0.00047067661656525854,0.00047484599560672206,-0.003800593254789403,96.50466325022856
2019-03-01,3.5996715003248627,2.4630211875290517,7.895655886130218,8.501350977904533,-0.002152252082160964,0.0006870024642042937,-0.0014652496179566703,-0.001322119152913058,0.00047066717622036146,-0.0008514519766926965,-0.0006137976412639738,96.4454289155546
2019-03-08,3.553028641684324,2.3928362181628446,7.895655886130218,8.501350977904533,0.0036827596137110766,0.0006922445192932429,0.004375004133004319,0.005966670579556045,0.0004736579206786638,0.006440328500234709,-0.0020653243672303897,96.24623782110731
2019-03-15,3.551544328495137,2.3691135773846725,7.895655886130218,8.501350977904533,0.00011719626169065602,0.000683274738785447,0.000800471000476103,0.002016744953779913,0.00046016081118516243,0.0024769057649650754,-0.0016764347644889724,96.08488728207274
2019-03-22,3.5287564963410443,2.302298987516526,7.895655886130218,8.501350977904533,0.0017992488107961072,0.0006829892939413725,0.0024822381047374794,0.005680142789138592,0.0004555987648816678,0.00613574155402026,-0.003653503449282781,95.73384081496373
2019-03-29,3.47521785439894,2.273297905357534,7.895655886130218,8.501350977904533,0.0042272269338559515,0.0006786070185271239,0.004905833952383075,0.002465483781726335,0.00044274980529163956,0.0029082335870179742,0.001997600365365101,95.9250787703535
2019-04-05,3.641606730020434,2.310983492514944,7.895655886130218,8.501350977904533,-0.013137493051874375,0.00066831112584595,-0.012469181926028425,-0.0032037840323355395,0.0004371726741072181,-0.0027666113582283216,-0.009702570567800103,94.99435892436236
2019-04-12,3.6961913836567986,2.3447149239555958,7.895655886130218,8.501350977904533,-0.004309816417763427,0.0007003089865423911,-0.003609507431221036,-0.002867627376641032,0.00044441990240672003,-0.0024232074742343117,-0.0011862999569867243,94.88166712045641
2019-04-19,3.749522009657538,2.349447257297126,7.895655886130218,8.501350977904533,-0.004210802710937486,0.0007108060353186151,-0.003499996675618871,-0.00040231226680787266,0.0004509067161453069,4.8594449337434234e-05,-0.0035485911249563055,94.5449708785917
2019-04-26,3.797269822298898,2.321551613389415,7.887618843271505,8.501350977904533,-0.003766165467149865,0.0007210619249341419,-0.0030451035422157232,0.0023715065961409307,0.0004518167802494473,0.002823323376390378,-0.005868426918606101,93.99014062646894
2019-05-03,3.8080314230078676,2.306791693281198,7.887618843271505,8.501350977904533,-0.0008488340453583339,0.0007302441965959419,-0.00011858984876239197,0.0012547926124578644,0.0004464522333441183,0.0017012448458019827,-0.0018198346945643745,93.81909410760991
2019-05-10,3.7138724835373895,2.271529452756209,7.887618843271505,8.49289549833216,0.007426898252298036,0.0007323137351938207,0.008159211987491857,0.0029947852381578253,0.0004436137871694611,0.0034383990253272862,0.004720812962164571,94.26199650317166
2019-05-17,3.68448859960116,2.238586275845852,7.887618843271505,8.49289549833216,0.002317688766239083,0.0007142062468341134,0.0030318950130731963,0.002797829588827307,0.0004368325870685018,0.003234662175895809,-0.00020276716282261256,94.2428832655787
2019-05-24,3.7262317650748438,2.189602978297394,7.887618843271505,8.501350977904533,-0.0032925417856803003,0.0007085554999233001,-0.0025839862857570004,0.0041642420451457295,0.0004304973607395869,0.004594739405885316,-0.007178725691642317,93.56633945822564
2019-05-31,3.6948065693146193,2.082644003637563,7.878256765615773,8.49289549833216,0.0024757576110878885,0.0007165830317451623,0.003192340642833051,0.009083913943947038,0.0004210774958264219,0.00950499143977346,-0.006312650796940409,92.97568783087787
2019-06-07,3.640693737380327,1.9631994080134625,7.9162444988856775,8.49289549833216,0.004283704081189647,0.0007105397248681961,0.0049942438060578435,0.010144304684760273,0.0004005084622379929,0.010544813146998266,-0.005550569340940423,92.45961982855096
2019-06-14,3.6484621912605886,1.9494508084519342,7.934133648968805,8.528219916157267,-0.0006163595133184404,0.0007001334110346783,8.377389771623792e-05,0.0011725108059989669,0.0003775383476948966,0.0015500491536938636,-0.0014662752559776258,92.32404857581925
2019-06-21,3.623943712628715,1.9259002497008557,7.934133648968805,8.528219916157267,0.00194532886334672,0.0007016273444731901,0.00264695620781991,0.002008443441775793,0.00037489438624075663,0.0023833378280165496,0.0002636183798033604,92.34838689192169
2019-06-28,3.649413445883431,1.8872393524450772,7.9162444988856775,8.528219916157267,-0.0020162463576573306,0.000696912252428599,-0.0013193341052287317,0.003297086339532399,0.00037036543263477994,0.003667451772167179,-0.004986785877395911,91.88786526036876
2019-07-05,3.5656506349994577,1.8444298185735197,7.934133648968805,8.547519943667199,0.006645853363667439,0.0007018102780545059,0.0073476636417219455,0.0036591534454623424,0.0003629306447009764,0.004022084090163319,0.0033255795515586264,92.19344566611501
2019-07-12,3.569813411850575,1.8687164798835125,7.934133648968805,8.547519943667199,-0.00033028027887597474,0.0006857020451922034,0.0003554217663162287,-0.0020759072191225397,0.00035469804203336916,-0.0017212091770891706,0.0020766309434053993,92.38489742816444
2019-07-19,3.557036893329288,1.8279587872805163,7.940428208984096,8.551529883525204,0.001014510280790344,0.0006865025792020336,0.0017010128599923777,0.0034854062627805633,0.0003593685538237524,0.003844774816604316,-0.002143761956611938,92.18684619969244
2019-07-26,3.5477515144726284,1.848882449778468,7.940662127509505,8.551529883525204,0.000737320562266543,0.0006840455564094785,0.0014213661186760216,-0.00178929325124029,0.00035153053601548386,-0.0014377627152248062,0.0028591288339008276,92.45042026976836
2019-08-02,3.5098882050077593,1.6442128650266559,7.940662127509505,8.797039400784593,0.003006597474898578,0.0006822599066293515,0.0036888573815279297,0.018004864012039122,0.00035555431726508996,0.018360418329304212,-0.014671560947776283,91.09402829413293
2019-08-09,3.410405899554216,1.5879888098322414,7.940662127509505,8.797039400784593,0.007899553752722846,0.0006749785009630306,0.008574532253685877,0.004946052288171513,0.00031619478173589537,0.005262247069907408,0.003312285183778469,91.39575769438228
2019-08-16,3.3971106656972045,1.4976536612837599,7.940662127509505,8.797039400784593,0.0010557295996475229,0.0006558472883758108,0.0017115768880233337,0.007946818610567214,0.0003053824634292772,0.008252201073996492,-0.006540624185973158,90.79797239111107
2019-08-23,3.4394387476207045,1.4870863715215452,7.940662127509505,8.797039400784593,-0.003361129970600554,0.0006532905126340778,-0.002707839457966476,0.0009296086439771002,0.0002880103194776461,0.0012176189634547463,-0.003925458421421222,90.4415487257404
2019-08-30,3.428202117532938,1.4820467921838953,7.940662127509505,8.797039400784593,0.0008922628297876246,0.000661430528388597,0.0015536933581762216,0.00044333377996685815,0.0002859781483695279,0.0007293119283363861,0.0008243814298398355,90.51610705899587
2019-09-06,3.36816287678089,1.5102183497763257,7.940662127509505,8.7925849824278,0.004767513252042113,0.0006592696379871034,0.005426782890029217,-0.002477008142188033,0.00028500899849690295,-0.00219199914369113,0.007618782033720347,91.20572954921926
2019-09-13,3.431130135889182,1.6830300048707387,7.940662127509505,8.7925849824278,-0.005000017296742934,0.0006477236301501711,-0.004352293666592763,-0.015194611633716281,0.0002904266057262165,-0.014904185027990064,0.010551891361397302,92.1681224989596
2019-09-20,3.4455563668165166,1.604550591259139,7.940662127509505,8.7925849824278,-0.0011455382556739072,0.0006598327184402273,-0.00048570553723367986,0.0069003691355109245,0.00032365961632129593,0.00722402875183222,-0.0077097342890659,91.45753076457055
2019-09-27,3.477915397609111,1.5780464049400555,7.940662127509505,8.7925849824278,-0.002569521302976673,0.0006626069936185608,-0.001906914309358112,0.0023304031060064068,0.00030856742139598824,0.0026389705274023952,-0.004545884836760507,91.04177536226032
2019-10-04,3.4672650303499446,1.5195874703196899,7.940662127509505,8.797039400784593,0.0008457096793892855,0.0006688298841555983,0.0015145395635448838,0.0051426555118324726,0.0003034704624884722,0.005446125974320945,-0.003931586410776061,90.68383675543313
2019-10-11,3.4812539655268706,1.6315542340350284,7.940662127509505,8.797039400784593,-0.0011108140776360184,0.0006667817366057586,-0.0004440323410302598,-0.009849760319821719,0.00029222835967686344,-0.009557531960144855,0.009113499619114595,91.51028386716364
2019-10-18,3.5013970235395178,1.6253752549865788,7.940662127509505,8.797039400784593,-0.0015994921789325412,0.000669471916447475,-0.0009300202624850662,0.0005435672214583418,0.00031376042962212087,0.0008573276510804627,-0.001787347913565529,91.34672315222387
2019-10-25,3.552221056882594,1.6421343164461357,7.947202603686185,8.797039400784593,-0.004039088901139293,0.0006733455814499073,-0.0033657433196893857,-0.001474301239798932,0.00031257216442049594,-0.001161729075378436,-0.0022040142443109497,91.14539367322524
2019-11-01,3.577358910965728,1.6426274592427634,7.947202603686185,8.791639496864741,-0.001997756194205656,0.0006831194340158835,-0.0013146367601897728,-4.335533688426514e-05,0.00031579506085502605,0.0002724397239707609,-0.0015870764841605337,91.00073896228692
2019-11-08,3.5910464521777787,1.7564159607266476,7.947202603686185,8.791639496864741,-0.0010877766315847157,0.0006879536367241784,-0.00039982299486053725,-0.010003874839347685,0.00031588989600822375,-0.00968798494333946,0.009288161948478924,91.84596856319989
2019-11-15,3.5661754778276955,1.7078558081365365,7.947202603686185,8.791639496864741,0.001976546721111938,0.0006905858561880344,0.0026671325772999726,0.004269233554849998,0.0003377723001397399,0.004607005854989738,-0.0019398732776897652,91.6677990231206
2019-11-22,3.4981062489565717,1.6769220863952035,7.947202603686185,8.791639496864741,0.005409599529155057,0.000685802976505326,0.006095402505660383,0.0027195812984612696,0.0003284338092570263,0.003048015107718296,0.003047387397942087,91.94714631866076
2019-11-29,3.5012014112645486,1.6818707316236756,7.947202603686185,8.791639496864741,-0.0002459788195278541,0.000672712740183956,0.0004267339206561019,-0.00043506704846607076,0.00032248501661446226,-0.0001125820318516085,0.0005393159525077104,91.99673488145798
2019-12-06,3.5308443555510927,1.74328773328891,7.947202603686185,8.791639496864741,-0.0023557848401494714,0.0006733079637047209,-0.0016824768764447506,-0.005399561376190827,0.0003234366791583992,-0.005076124697032428,0.0033936478205876773,92.30893940028962
2019-12-13,3.524465722852822,1.7395356991074578,7.947202603686185,8.791639496864741,0.0005069228638765618,0.0006790085299136716,0.0011859313937902334,0.00032986531903242725,0.0003352476410170981,0.0006651129600495254,0.000520818433740708,92.35701559752833
2019-12-20,3.5565270080449407,1.7851484921050718,7.947202603686185,8.791639496864741,-0.0025479752915633287,0.0006777818697793887,-0.0018701934217839398,-0.004010112324801388,0.0003345260959822034,-0.0036755862288191843,0.0018053928070352445,92.52375628916735
2019-12-27,3.485701715962666,1.7546441798247114,7.947202603686185,8.791639496864741,0.005628629456430865,0.0006839475015471039,0.006312576957977969,0.00268182916668712,0.00034329778694328306,0.003025126953630403,0.003287450004347566,92.82792351218244
2020-01-03,3.4928264191780114,1.6915076613268891,7.947202603686185,8.791639496864741,-0.0005662145994348268,0.0006703272530697435,0.00010411265363491676,0.0055507350971998595,0.0003374315730432137,0.005888166670243073,-0.005784054016608156,92.29100178833839
2020-01-10,3.441064706021478,1.7090572348685462,7.947202603686185,8.791639496864741,0.0041136082156885915,0.0006716973883034637,0.004785305603992055,-0.0015428952390196496,0.0003252899348705556,-0.001217605304149094,0.006002910908141149,92.84501644969689
2020-01-17,3.449814674289528,1.7175709065514972,7.95074411079405,8.791639496864741,-0.0006956875867683398,0.0006617432126964381,-3.394437407190176e-05,-0.0007484913223117118,0.0003286648528593358,-0.00041982646945237605,0.0003858820953804743,92.88084367919012
2020-01-24,3.3604753006224453,1.6453324988247402,7.947202603686185,8.791639496864741,0.007099981030187341,0.0006634258989018323,0.007763406929089174,0.006350940385611763,0.00033030209741374947,0.006681242483025512,0.0010821644460636617,92.98135602594013
2020-01-31,3.3576803549142316,1.5538325198941392,7.947202603686185,8.791639496864741,0.00022211999809477472,0.000646245250119701,0.0008683652482144757,0.008044348287285636,0.0003164100959278347,0.00836075838321347,-0.007492393134998995,92.28470315236848
2020-02-07,3.185678179545655,1.520774505750168,8.376941276652861,8.791639496864741,0.014408521225191128,0.0006457077605604292,0.015054228985751558,0.002906341428360499,0.0002988139461334883,0.0032051553744939874,0.01184907361125757,93.37819139321395
2020-02-14,3.2114683352159394,1.5110956879132245,8.380482783760726,8.793780702433432,-0.0021613395558532766,0.0006126304191433952,-0.0015487091367098814,0.0008511340151688292,0.00029245663572118616,0.0011435906508900154,-0.0026922997875998968,93.12678930835953
2020-02-21,3.233492172217377,1.4540066063741022,8.380482783760726,8.793780702433432,-0.0018457038682289856,0.0006175900644646038,-0.0012281138037643817,0.005020288635583823,0.00029059532459869703,0.00531088396018252,-0.006538997763946902,92.51783344130861
2020-02-28,3.1093246296812533,1.3023388496257204,8.380482783760726,8.793780702433432,0.010405839525258606,0.0006218254177341109,0.011027664942992716,0.013337329924752872,0.0002796166550719427,0.013616946579824814,-0.002589281636832098,92.27827871409954
2020-03-06,2.9996456338887763,1.1280023548392566,8.380482783760726,8.798235120790226,0.009191629359790194,0.0005979470441694718,0.009789576403959666,0.015338534712657283,0.000250449778774177,0.01558898449143146,-0.005799408087471794,91.743119318227
2020-03-13,3.0635636644821154,1.287844225254044,8.380482783760726,8.766052444294376,-0.0053566395495936985,0.0005768549295939954,-0.004779784619999703,-0.014011822188501328,0.0002169235297767801,-0.013794898658724547,0.009015114038724844,92.57019400114916
2020-03-20,3.132631874114828,1.3260555546100385,8.365161255633915,8.757596964722003,-0.0057776671121556895,0.0005891468585542529,-0.005188520253601437,-0.0033463942198604995,0.00024766235101039306,-0.0030987318688501064,-0.0020897883847513306,92.37674188495139
2020-03-27,3.0333930544971364,1.1799901645653108,8.376941276652861,8.796093915221535,0.00831317764301749,0.0006024292065605439,0.008915606849578034,0.012848048885968898,0.0002550106835788536,0.013103059569547751,-0.004187452719969717,91.98991864588331
2020-04-03,3.0127809562996357,1.162282712063986,8.373014610668507,8.760769497396428,0.0017258539936420695,0.0005833448181725262,0.0023091988118145957,0.0015513090975020213,0.00022692118549332902,0.0017782302829953502,0.0005309685288192455,92.03876239765292
2020-04-10,2.9325330463283112,1.202654701301577,8.376941276652861,8.787638435649162,0.006722320294039107,0.0005793809531345454,0.007301701247173652,-0.0035477444434786802,0.00022351590616615115,-0.003324228537312529,0.01062592978448618,93.01675982434139
2020-04-17,2.9366968561411344,1.1305201368100841,8.376941276652861,8.796093915221535,-0.0003487999028917056,0.0005639486627554445,0.0002151487598637389,0.006345024038007753,0.00023127975025030327,0.0065763037882580555,-0.006361155028394317,92.42506579485983
2020-04-24,2.8986241473020113,1.1059198380658288,8.376941276652861,8.798235120790226,0.003189328461884362,0.0005647493954117566,0.0037540778572961184,0.0021643921239363857,0.00021740771861732385,0.0023817998425537095,0.001372278014742409,92.55189868066125
2020-05-01,2.8415977161388573,1.1073094720807581,8.376941276652861,8.799180606353284,0.0047770706507082854,0.0005574277206350022,0.005334498371343288,-0.0001222764067409482,0.00021267689193573634,9.040048519478813e-05,0.0052440978861485,93.03724989689154
2020-05-08,2.9368546377892586,1.1207200378014717,8.376941276652861,8.790725126780911,-0.007979616388601346,0.0005464610992574725,-0.007433155289343873,-0.0011788859704542317,0.00021294412924629963,-0.0009659418412079321,-0.006467213448135941,92.43555814318077
2020-05-15,2.97132584246684,1.109401983812676,8.376941276652861,8.799180606353284,-0.0028876325731958135,0.000564779738036396,-0.0023228528351594176,0.0009958960115986962,0.00021552308419259071,0.0012114190957912868,-0.0035342719309507044,92.10886574461357
2020-05-22,2.9152566835991425,1.092774029715326,8.376941276652861,8.799180606353284,0.004696880512660227,0.0005714088158590077,0.005268289328519235,0.0014631237121673635,0.00021334653534859155,0.001676470247515955,0.00359181908100328,92.43970412612464
2020-05-29,3.005141985230265,1.0747463153611134,8.376941276652861,8.799180606353284,-0.0075296389339814295,0.0005606262853075273,-0.006969012648673902,0.0015862911452246304,0.0002101488518683319,0.0017964399970929624,-0.008765452645766864,91.6294282770184
2020-06-05,3.155478779863224,1.1748605970362167,8.376941276652861,8.797039400784593,-0.012593625003605167,0.0005779119202365895,-0.012015713083368578,-0.008807092804771304,0.00020668198372329104,-0.008600410821048014,-0.003415302262320565,91.31648608332877
2020-06-12,3.0812679376371346,1.076662248324815,8.376941276652861,8.797039400784593,0.006216598674188997,0.0006068228422813892,0.006823421516470387,0.008638547427061863,0.00022593473019927245,0.008864482157261136,-0.0020410606407907494,91.13010359772876
2020-06-19,3.182020471801681,1.078860860365778,8.376941276652861,8.797039400784593,-0.008439980621703657,0.0005925515264686797,-0.007847429095234977,-0.000193412767513924,0.00020705043237015673,1.3637664856232723e-05,-0.00786106676009121,90.41372376949298
2020-06-26,3.1867474139142553,1.0538066510884094,8.376941276652861,8.797039400784593,-0.0003959731649517322,0.0006119270138080156,0.00021595384885628334,0.0022040286616851514,0.00020747324237803427,0.0024115019040631858,-0.0021955480552069023,90.21521609410685
2020-07-03,3.183538973990965,1.0233858326312941,8.376941276652861,8.801185576282286,0.0002687691282706993,0.0006128360411373567,0.0008816051694080561,0.002677392686234652,0.0002026551252093095,0.0028800478114439612,-0.001998442642035905,90.03492615930391
2020-07-10,3.349296495138257,1.0008070879634725,7.95074411079405,8.801185576282286,-0.013178956350816496,0.000612219033459801,-0.012566737317356694,0.0019871972190099218,0.00019680496781371038,0.002184002186823632,-0.014750739504180327,88.7068444172499
2020-07-17,3.2881242750448587,0.9959788418330013,7.95074411079405,8.801185576282286,0.00486364668651783,0.0006440954798342802,0.0055077421663521095,0.0004249429020224362,0.00019246290153143703,0.0006174058035538733,0.004890336362798236,89.14065072413267
2020-07-24,3.150238911293835,0.9750122033237498,8.380482783760726,8.801185576282286,0.011555459170480401,0.0006323315913547805,0.012187790761835182,0.0018453127643074914,0.00019153439266019257,0.002036847156967684,0.010150943604867499,90.04551244253453
2020-07-31,3.2098918248649264,0.9489599631604679,8.389808099664585,8.801185576282286,-0.005004764974473347,0.0006058151752488145,-0.004398949799224532,0.0022929060035491865,0.0001875023467930288,0.0024804083503422152,-0.006879358149566747,89.42605711268105
2020-08-07,3.2287196385210986,0.9640647216479497,8.393078337752925,8.80435810895671,-0.0015802331494486712,0.0006172868893971012,-0.00096294626005157,-0.0013298770287309232,0.0001824923006077823,-0.0011473847281231408,0.00018443846807157075,89.44255071766061
2020-08-14,3.1979764946067193,1.0502308351943028,8.393078337752925,8.801185576282286,0.002580296152221973,0.0006209076227925189,0.003201203775014492,-0.007583639557084653,0.00018539706185537492,-0.007398242495229278,0.01059944627024377,90.390592228266
2020-08-21,3.2373950375435765,1.0219590785290402,7.963339664786248,8.801185576282286,-0.0031390324649715473,0.0006149954797320614,-0.002524036985239486,0.0024882497697847183,0.0002019674683065967,0.002690217238091315,-0.005214254223330801,89.91927270099039
2020-08-28,3.308681479065748,1.055691336427475,7.963339664786248,8.801185576282286,-0.005676781473349733,0.00062257596875838,-0.005054205504591353,-0.0029688386167113774,0.00019653059202481545,-0.002772308024686562,-0.002281897479904791,89.71408613921913
2020-09-04,3.3357486914811116,1.038421871837071,7.963339664786248,8.80435810895671,-0.0021554540624246048,0.0006362848998203361,-0.0015191691626042687,0.0015204655060386339,0.0002030175646975913,0.001723483070736225,-0.003242652233340494,89.42317455743769
2020-09-11,3.343393331425787,1.032132109756799,7.963339664786248,8.80435810895671,-0.0006087686449444341,0.0006414901329771368,3.272148803270267e-05,0.0005537731777485109,0.00019969651381482136,0.0007534696915633323,-0.0007207482035306296,89.35872296502141
2020-09-18,3.327129489670535,1.04779140688654,7.963339664786248,8.80435810895671,0.0012951449615140572,0.0006429602560434206,0.0019381052175574778,-0.0013787005966479683,0.0001984869441839998,-0.0011802136524639685,0.0031183188700214465,89.63737195704425
2020-09-25,3.315407869041874,1.02814712072462,7.963339664786248,8.799180606353284,0.0009334324648779286,0.0006398325941674106,0.0015732650590453393,0.0017285362182162005,0.00020149834747818076,0.0019300345656943813,-0.000356769506649042,89.60539207607383
2020-10-02,3.350895932063148,1.0373516404387675,7.960069426697908,8.801185576282286,-0.002824874454683713,0.0006375784363542065,-0.0021872960183295068,-0.000810106861447608,0.00019772060013935,-0.000612386261308258,-0.0015749097570212488,89.4642716698115
2020-10-09,3.389499890147837,1.082885348731816,7.960069426697908,8.801185576282286,-0.003072901864994611,0.0006444030638582977,-0.0024284988011363134,-0.004007506166634234,0.00019949070008437838,-0.0038080154665498557,0.0013795166654135423,89.58768912353909
2020-10-16,3.4147030781214656,1.0657198464913484,7.960069426697908,8.801185576282286,-0.0020061912604420083,0.0006518269019515072,-0.001354364358490501,0.0015107677072844412,0.00020824718244842613,0.0017190148897328673,-0.0030733792482233683,89.31235217889052
2020-10-23,3.3933704698379046,1.1016019838384625,7.960069426697908,8.799180606353284,0.001698090429896963,0.0006566736688695126,0.0023547640987664755,-0.0031573340705923123,0.0002049461243252593,-0.002952387946267053,0.005307152045033528,89.78634641140349
2020-10-30,3.3746032773195047,1.119005447292752,7.960069426697908,8.799180606353284,0.0014938815539066851,0.000652571244199597,0.002146452798106282,-0.0015313621811036183,0.0002118465353535505,-0.0013195156457500678,0.00346596844385635,90.09754305475455
2020-11-06,3.400541582361981,1.081502978410306,7.960069426697908,8.799180606353284,-0.0020647070894897882,0.0006489621687152894,-0.0014157449207744988,0.0032999099688078553,0.00021519335524860614,0.0035151033240564612,-0.00493084824483096,89.65328574271945
2020-11-13,3.4579703544041425,1.1129932707165138,7.960069426697908,8.799180606353284,-0.004571370125456139,0.0006539503043003809,-0.003917419821155758,-0.0027708876934917884,0.00020798134200198192,-0.0025629063514898067,-0.0013545134696659514,89.53184915958113
2020-11-20,3.5121673632327948,1.0902943533682619,7.960069426697908,8.80435810895671,-0.004314119529954318,0.0006649942989238736,-0.0036491252310304444,0.0019984939701961986,0.0002140371674454834,0.002212531137641682,-0.0058616563686721265,89.00704422575588
2020-11-27,3.4924851209331016,1.0926694833122894,7.960069426697908,8.802353139027707,0.0015667201517864798,0.0006754168006216913,0.002242136952408171,-0.00020906732518409643,0.00020967199103235804,6.046658482616147e-07,0.0022415322865599096,89.20655638911916
2020-12-04,3.4658210294418925,1.1344172084659387,7.960069426697908,8.802353139027707,0.002122480194698492,0.0006716317540255965,0.0027941119487240886,-0.003674782195534911,0.0002101287467908249,-0.003464653448744086,0.006258765397468174,89.76487929747468
2020-12-11,3.4691963855798904,1.1106168493941546,7.960069426697908,8.802353139027707,-0.00026868069198294104,0.000666504044123441,0.0003978233521404999,0.0020949916538550556,0.00021815715547421897,0.0023131488093292747,-0.0019153254571887747,89.59295033899475
2020-12-18,3.461213161826173,1.129186873457492,7.965766857769138,8.802353139027707,0.0006359249919551921,0.0006671531510730558,0.001303078143028248,-0.001634599096057371,0.00021358016334502975,-0.0014210189327123414,0.002724097075740589,89.83701023302017
2020-12-25,3.4004806731499824,1.1198788947495153,7.965766857769138,8.802353139027707,0.004837808454866371,0.0006656179157358025,0.005503426370602174,0.0008193211559816102,0.00021715132181874842,0.0010364724778003586,0.004466953892801815,90.23830801559822
2021-01-01,3.369001771333315,1.1213751884105894,7.965766857769138,8.80435810895671,0.0025075359281017838,0.0006539385909903813,0.003161474519092165,-0.00013173905228257976,0.00021536132591336833,8.362227363078857e-05,0.0030778522454613768,90.51604819455066
2021-01-08,3.372203848931636,1.2327725702296262,7.965766857769138,8.802353139027707,-0.00025507003608710654,0.0006478849560256375,0.00039281491993853096,-0.009805590935342666,0.0002156490746943441,-0.009589941860648321,0.009982756780586853,91.41964788841673
2021-01-15,3.330011885580216,1.2318777375391006,7.965766857769138,8.802353139027707,0.0033609134332895025,0.0006485007401791608,0.004009414173468663,7.876633342352563e-05,0.00023707164812108197,0.0003158379815446076,0.0036935761919240557,91.75731332333147
2021-01-22,3.32944237089754,1.2396670472054048,7.965766857769138,8.777489170703975,4.5366211842739896e-05,0.0006403869010731185,0.0006857531129158584,-0.0006837058124324491,0.0002368995649113655,-0.00044680624752108355,0.001132559360436942,91.86123392742437
2021-01-29,3.3916796201253447,1.231923186756833,7.965766857769138,8.802353139027707,-0.004957674172175647,0.0006402773790187578,-0.0043173967931568885,0.0006816419432767833,0.00023839750907796246,0.0009200394523547458,-0.005237436245511634,91.38011657129546
2021-02-05,3.4115856123855934,1.3331792156273556,7.965766857769138,8.802353139027707,-0.0015856649341769802,0.0006522460807933356,-0.0009334188533836447,-0.00891291323573925,0.0002369083051455448,-0.008676004930593706,0.0077425860772100605,92.08763498959419
2021-02-12,3.426906772900142,1.3404826862294414,7.965766857769138,8.802353139027707,-0.0012204479264935127,0.0006560741562279987,-0.000564373770265514,-0.0006428772738006655,0.0002563806183898761,-0.00038649665541078945,-0.00017787711485472453,92.07125470676844
2021-02-19,3.4452068403676623,1.4232086797762855,7.960069426697908,8.799180606353284,-0.001456698075547185,0.0006590205332500273,-0.0007976775422971577,-0.007279209580586973,0.00025778513196720026,-0.0070214244486197725,0.006223746906322615,92.64428289341095
2021-02-26,3.4750802633995694,1.4938991972159446,7.960069426697908,8.770170462531858,-0.002377945213470968,0.0006625397769937812,-0.001715405436477187,-0.006199678880303909,0.0002736939768800549,-0.0059259849034238535,0.004210579466946666,93.03436900869194
2021-03-05,3.4916272182161023,1.5997971005338802,7.960069426697908,8.7692249769688,-0.0013171490914003522,0.0006682846660383787,-0.0006488644253619735,-0.009286425387842688,0.0002872883071569124,-0.008999137080685775,0.008350272655323801,93.81123135623052
2021-03-12,3.484533304397938,1.644586436095164,7.965766857769138,8.7692249769688,0.000565084635846052,0.0006714667727338657,0.0012365514085799177,-0.003927677601058471,0.00030765328856420776,-0.0036200243124942634,0.004856575721074181,94.26683270479926
2021-03-19,3.477394635564423,1.7033982172113393,7.960069426697908,8.7692249769688,0.0005682429952898128,0.0006701025585380651,0.0012383455538278777,-0.00515733739903986,0.0003162666223259931,-0.004841070776713867,0.006079416330541745,94.83992002697326
2021-03-26,3.4351176264567425,1.6795668513599913,7.963339664786248,8.7692249769688,0.003366661835357234,0.0006687297376085429,0.0040353915729657765,0.0020898260865892257,0.00032757658023294984,0.0024174026668221755,0.001617988906143601,94.99336996543644
2021-04-02,3.456619435301527,1.718830591490555,7.963339664786248,8.7692249769688,-0.0017122620723832576,0.0006605995435493736,-0.0010516625288338839,-0.0034431257064215207,0.00032299362526153676,-0.003120132081159984,0.0020684695523261,95.1898608588828
2021-04-09,3.4618557932972385,1.6751931857894695,7.969037095857478,8.7692249769688,-0.0004172873111501339,0.0006647345067887552,0.00024744719563862133,0.0038266622800408007,0.00033054434451741443,0.004157206624558215,-0.003909759428919594,94.81769140285225
2021-04-16,3.4200691759916597,1.6386078678652252,7.965766857769138,8.7692249769688,0.0033286245123106155,0.0006657414987110075,0.003994366011021623,0.0032082488373162796,0.0003221525357287441,0.0035304013730450235,0.00046396463797659937,94.86168345871774
2021-04-23,3.4274499143121373,1.6294528180047811,7.961840191784785,8.7692249769688,-0.0005876425900502457,0.000657705610767627,7.006302071738124e-05,0.0008028269190160042,0.00031511689766638946,0.0011179438166823937,-0.0010478807959650124,94.76227972234844
2021-04-30,3.4301695065238365,1.6662516055218148,7.961840191784785,8.7692249769688,-0.00021652958576371176,0.0006591249835215649,0.0004425953977578532,-0.0032269684661653955,0.0003133563111547656,-0.00291361215501063,0.0033562075527684833,95.08032160127014
2021-05-07,3.4147806018557527,1.6779940236772055,7.961840191784785,8.7692249769688,0.0012252399969389358,0.0006596479820238147,0.0018848879789627505,-0.0010297190657826384,0.00032043300106188746,-0.0007092860647207508,0.0025941740436835016,95.32697650363323
2021-05-14,3.389723010004363,1.6996774583195629,7.960069426697908,8.7692249769688,0.0019946017080292064,0.0006566885772799525,0.002651290285309159,-0.0019014691665223049,0.00032269115839946255,-0.0015787780081228423,0.004230068293432001,95.73021612444998
2021-05-21,3.344529203646991,1.7007821085269628,7.960069426697908,8.7692249769688,0.0035974583626142433,0.0006518698096162237,0.004249328172230467,-9.686926189545103e-05,0.00032686104967683904,0.000229991787781388,0.0040193363844490786,96.11498806521017
2021-05-28,3.3524637455230906,1.660040986183095,7.960069426697908,8.7692249769688,-0.0006315950420279512,0.0006431786930090368,1.1583650981085566e-05,0.0035726806764758757,0.0003270734824090313,0.003899754158884907,-0.0038881705079038213,95.7412766032475
2021-06-04,3.3691914548329027,1.628358775818501,7.960069426697908,8.7692249769688,-0.001331537274557257,0.0006447045664467482,-0.0006868327081105088,0.0027782843045477713,0.00031923865118905673,0.003097522955736828,-0.0037843556638473366,95.37895756087002
2021-06-11,3.3779173802355564,1.590599643101036,7.956142760713555,8.7692249769688,-0.0006942470822284984,0.000647921433621712,-4.632564860678639e-05,0.00331118329734673,0.0003131459184266348,0.0036243292157733644,-0.0036706548643801505,95.02885432633971
2021-06-18,3.3857888098206956,1.579515706308602,7.956142760713555,8.7692249769688,-0.0006262621751027175,0.0006495994961991455,2.3337321096427994e-05,0.0009719753536335589,0.00030588454675019923,0.0012778599003837581,-0.00125452257928733,94.9096384829035
2021-06-25,3.3496617760185248,1.6275577198014872,7.956142760713555,8.7692249769688,0.002874318384511956,0.0006511132326578261,0.003525431617169782,-0.004212912246656808,0.00030375302044396193,-0.003909159226212846,0.007434590843382628,95.61525281211725
2021-07-02,3.3571322773893773,1.533327185629831,7.956142760713555,8.7692249769688,-0.0005943637540060863,0.0006441657261574087,4.980197215132237e-05,0.008263287538512003,0.0003129918691925937,0.008576279407704597,-0.008526477435553275,94.79999151652001
2021-07-09,3.3100353613991422,1.5061924624544754,7.956142760713555,8.7692249769688,0.0037470978720764284,0.0006456023610364186,0.004392700233112847,0.0023795049221246242,0.00029487061262112134,0.0026743755347457456,0.0017183246983671014,94.96288868334784
2021-07-16,3.248959478577335,1.4611639675111427,8.38588143368023,8.7692249769688,0.005121751118010243,0.0006365452618075273,0.0057582963798177705,0.0039486500253238565,0.0002896523966258606,0.004238302421949717,0.0015199939578680538,95.10723170036823
2021-07-23,3.2185561483111824,1.4667456963620051,8.38588143368023,8.7692249769688,0.002549587228009755,0.0006247998997264104,0.0031743871277361653,-0.0004894743605364982,0.00028099307067521974,-0.00020848128986127842,0.003382868417597444,95.42896695077252
2021-07-30,3.14861164121241,1.437321166001614,8.38588143368023,8.7692249769688,0.0058654634346750984,0.0006189531054444582,0.0064844165401195565,0.0025803032657191805,0.00028206648006961636,0.002862369745788797,0.0036220467943307594,95.77461513460287
2021-08-06,3.1385404929473943,1.461109947529363,8.38588143368023,8.7692249769688,0.0008445545525143654,0.0006055022386946943,0.0014500567912090596,-0.002086091771447895,0.00027640791653877196,-0.0018096838549091232,0.003259740646118183,96.08681554042346
2021-08-13,3.1921633462039205,1.467267139998181,8.38588143368023,8.7692249769688,-0.0044967488954486216,0.0006035654794129604,-0.0038931834160356614,-0.0005399380598556266,0.0002809826822171852,-0.00025895537763844146,-0.00363422803839722,95.73761414126615
2021-08-20,3.1701211205523894,1.4672469173123965,8.38588143368023,8.7692249769688,0.0018484349084816505,0.000613877566577677,0.0024623124750593273,1.7733728128184633e-06,0.0002821667576919579,0.00028394013050477636,0.002178372344554551,95.94616631224511
2021-08-27,3.2213218559346357,1.4800829489020109,8.38588143368023,8.7692249769688,-0.00429363296232754,0.0006096386770293057,-0.003683994285298234,-0.001125620488208065,0.0002821628687139224,-0.0008434576194941427,-0.0028405366658040914,95.67362770889186
2021-09-03,3.157373096557297,1.5473845906561634,8.38588143368023,8.767334005842683,0.00536266713969309,0.0006194849722951222,0.005982152111988212,-0.005900559724002234,0.0002846313363273098,-0.005615928387674924,0.011598080499663137,96.78325814475438
2021-09-10,3.2015145037358295,1.5687183011271832,8.38588143368023,8.767334005842683,-0.003701646069149744,0.0006071871339533263,-0.0030944589351964177,-0.0018703976528337436,0.0002975739597415699,-0.0015728236930921738,-0.001521635242104244,96.63598932831565
2021-09-17,3.207646069444684,1.5804088076796907,8.38588143368023,8.767334005842683,-0.0005141858303727175,0.0006156758661030441,0.00010149003573032655,-0.0010249457564332548,0.00030167659637061214,-0.0007232691600626426,0.0008247591957929692,96.71569074915874
2021-09-24,3.1943811893385923,1.6287408806593486,8.38588143368023,8.767334005842683,0.00111237711801667,0.0006168550133547468,0.0017292321313714166,-0.004237434270074251,0.0003039247707076328,-0.003933509499366618,0.005662741630738035,97.2633667175096
2021-10-01,3.2284219644729357,1.7113021586670945,8.38588143368023,8.76287958748589,-0.002854619041871744,0.0006143040748728062,-0.0022403149669989377,-0.007234745377708235,0.0003132194001267978,-0.006921525977581437,0.0046812110105824995,97.71867706071392
2021-10-08,3.2659615787975675,1.7830006512903271,8.38588143368023,8.76287958748589,-0.003148027547924464,0.0006208503777832569,-0.002527177170141207,-0.006282852574616333,0.0003290965689744412,-0.005953756005641892,0.0034265788355006847,98.0535178113633
2021-10-15,3.342422505304229,1.7715263336514553,8.38588143368023,8.76287958748589,-0.00641192263994202,0.0006280695343841476,-0.005783853105557873,0.0010054806381799947,0.0003428847406327552,0.00134836537881275,-0.007132218484370623,97.35417869917154
2021-10-22,3.340967503107796,1.8374517194321547,8.379611590299639,8.736010649233155,0.00012192353269143423,0.0006427735587123518,0.0007646970914037861,-0.005759248722349939,0.00034067814108681836,-0.005418570581263121,0.0061832676726669075,97.95614564512117
2021-10-29,3.334259970980176,1.7889483794366692,8.38588143368023,8.736010649233155,0.0005624856913482024,0.0006424937505976531,0.0012049794419458555,0.004237256947239377,0.000353356099890799,0.004590613047130176,-0.0033856336051843205,97.6245020265907
2021-11-05,3.2624301857112887,1.7135831216293207,8.38588143368023,8.758425169129096,0.006023560626716005,0.0006412038405731108,0.006664764467289116,0.0066008097085778405,0.00034402853450705176,0.0069448382430848925,-0.0002800737757957762,97.59715996369795
2021-11-12,3.3018409993929128,1.7697338662520432,8.374486571537773,8.75441522927109,-0.003300453299501375,0.000627390420329094,-0.0026730628791722813,-0.004915669338600738,0.00032953521569794626,-0.004586134122902792,0.0019130712437305103,97.78387028389426
2021-11-19,3.2999651849598988,1.7514405140616274,8.374486571537773,8.75441522927109,0.00015708982779972394,0.0006349694229601754,0.0007920592507598994,0.0016014760101019606,0.00034033343581770057,0.001941809445919661,-0.0011497501951597618,97.67144325995187
2021-11-26,3.2480653166910964,1.724019510426287,8.368216728157181,8.75525263645467,0.004343093458361457,0.0006346086894153651,0.0049777021477768225,0.0024007781437254704,0.00033681548347338987,0.0027375936271988605,0.002240108520577962,97.89023789221562
2021-12-03,3.2863127348812093,1.6283401770043735,8.374486571537773,8.75525263645467,-0.0032030249002909005,0.0006246279455175186,-0.002578396954773382,0.008376967361964336,0.00033154221354351674,0.008708509575507853,-0.011286906530281235,96.78535992689919
2021-12-10,3.232356581576789,1.6743371357045305,8.374486571537773,8.758425169129096,0.004518550812997,0.0006319832182463865,0.005150534031243386,-0.004028609207828463,0.0003131423417316103,-0.0037154668660968524,0.00886600089734024,97.64345901486048
2021-12-17,3.2352247821551985,1.6507232327781582,8.374486571537773,8.758425169129096,-0.0002401970722836562,0.0006216070349186133,0.0003814099626349571,0.0020682060173170965,0.00032198791071240965,0.002390193928029506,-0.002008783965394549,97.44731440006578
2021-12-24,3.215892963162281,1.6916661237242836,8.374486571537773,8.75525263645467,0.001618940585595881,0.0006221586119529228,0.0022410991975488036,-0.0035846535390014005,0.0003174467755342612,-0.0032672067634671393,0.005508305961015943,97.98408402286066
2021-12-31,3.1747742045004856,1.6926160716234704,8.374486571537773,8.75525263645467,0.0034434849225150597,0.0006184409544542848,0.0040619258769693444,-8.317033848849693e-05,0.0003253204084085161,0.00024215006992001916,0.0038197758070493255,98.35836125648706
2022-01-07,3.220715647791192,1.9437795242994553,8.368216728157181,8.75525263645467,-0.0038444795426097354,0.000610533500865478,-0.0032339460417442575,-0.021989994812224748,0.0003255030906968212,-0.021664491721527925,0.018430545679783666,100.17115952661342
2022-01-14,3.19624696300982,1.9520217615348199,8.368216728157181,8.75525263645467,0.0020475925730348396,0.0006193683938059985,0.002666960966840838,-0.000721628692852103,0.00037380375467297214,-0.0003478249381791309,0.003014785905019969,100.47315412644376
2022-01-21,3.1248712919996717,1.9478757907231066,8.368216728157181,8.75525263645467,0.0059728708413056475,0.0006146628775018884,0.006587533718807536,0.00036299021879917034,0.00037538880029515766,0.0007383790190943281,0.005849154699713208,101.06083714809746
2022-01-28,3.1277082592710506,1.96150190329225,8.368216728157181,8.751242696596666,-0.00023740356977586775,0.0006009367869230138,0.00036353321714714605,-0.001192454181037209,0.00037459149821598205,-0.000817862682821227,0.001181395899968373,101.1802300067516
2022-02-04,3.1599805216177588,2.1317676497291806,8.368216728157181,8.748664724506595,-0.002700612856252008,0.000601482357552125,-0.002099130498699883,-0.014895979296445592,0.0003772119044792788,-0.014518767391966314,0.01241963689326643,102.43685172421264
2022-02-11,3.2059939775246598,2.122572925438759,8.368216728157181,8.74465478464859,-0.003850505714404516,0.0006076885618495689,-0.0032428171525549472,0.0008040468975976147,0.00040995531725561163,0.0012140022148532264,-0.004456819367408174,101.98030917951183
2022-02-18,3.210411271817814,2.119893427302422,8.368216728157181,8.74465478464859,-0.0003696487599716795,0.0006165373033701269,0.0002468885433984474,0.00023431286198373897,0.0004081871010459152,0.0006424999630296542,-0.0003956114196312068,101.93996460462292
2022-02-25,3.1998358956109643,2.1529791020388718,8.368216728157181,8.74465478464859,0.0008849704008071673,0.0006173867830418873,0.0015023571838490546,-0.0028932280388742127,0.00040767181294277345,-0.0024855562259314392,0.0039879134097804934,102.34649235646222
2022-03-04,3.2737452511857104,2.1000377211633907,8.330378160027331,8.729994280766054,-0.006156928815015592,0.0006153530568482623,-0.00554157575816733,0.0046217795225880695,0.00041403444269978306,0.005035813965287852,-0.010577389723455182,101.2639336199793
2022-03-11,3.2796295437294027,2.2500192192556803,8.330378160027331,8.460430988729785,-0.0004901838209318669,0.0006295663944587905,0.0001393825735269236,-0.012689081141961238,0.00040385340791603664,-0.0122852277340452,0.012424610307572125,102.52209853341938
2022-03-18,3.2743699922190035,2.314067280915665,8.308336186469212,8.460430988729785,0.00043698122138448905,0.0006306979891787314,0.0010676792105632205,-0.005418742056362113,0.0004326960037030154,-0.004986046052659098,0.006053725263222318,103.1427391513497
2022-03-25,3.313493145727285,2.4637494260071624,8.308336186469212,8.487299926982521,-0.0032504831202164646,0.000629686536965193,-0.002620796583251272,-0.012703972591056526,0.00044501293863762786,-0.012258959652418898,0.009638163069167626,104.13684569069102
2022-04-01,3.311651915972543,2.5543085797695113,8.308336186469212,8.453697372177894,0.00015297555798927638,0.0006372102203321702,0.0007901857783214466,-0.007655596801874228,0.0004737979665398389,-0.007181798835334389,0.007971984613655836,104.96702302225187
2022-04-08,3.306865362452627,2.751163253630094,8.308336186469212,8.453697372177894,0.00039768295817988516,0.0006368561376870276,0.0010345390958669126,-0.016641498391161427,0.0004912131884172137,-0.016150285202744214,0.017184824298611127,106.77086287003755
2022-04-15,3.3333930935509635,2.819835946455447,8.304794679361347,8.426828433925158,-0.002203073600809917,0.0006359356466255053,-0.0015671379541844115,-0.00578693000534896,0.0005290698564673257,-0.005257860148881634,0.0036907221946972223,107.16492446337895
2022-04-22,3.405267765835477,2.8585114849583997,8.304794679361347,8.426828433925158,-0.005969043959692691,0.0006410371333751853,-0.0053280068263175055,-0.003259121275540471,0.0005422761435491245,-0.0027168451319913465,-0.002611161694326159,106.88509951764482
2022-04-29,3.3753852804196285,2.85292528173402,8.304794679361347,8.426828433925158,0.002481679058876324,0.0006548591857375917,0.003136538244613916,0.00047073976168886733,0.0005497137471073845,0.0010204535087962518,0.002116084735817664,107.11127744522047
2022-05-06,3.3848889106478115,3.0754840546932702,8.300868013376993,8.174913967068337,-0.0007888838017208707,0.0006491125539268516,-0.00013977124779401904,-0.018193988215581654,0.0005486394772565423,-0.01764534873832511,0.017505577490531093,108.98632221264755
2022-05-13,3.3984157094146186,2.9846994233090145,8.276662831677262,8.415023580407876,-0.001119567525848099,0.0006509401751245791,-0.0004686273507235198,0.00763954813837149,0.0005914392412871674,0.008230987379658657,-0.008699614730382176,108.03818319851621
2022-05-20,3.4075654931683594,2.897958956042303,8.280589497661616,8.415023580407876,-0.0007576560325710152,0.0006535414825797343,-0.00010411454999128091,0.007299230774249737,0.0005739806583286566,0.007873211432578393,-0.007977325982569674,107.17632739257705
2022-05-27,3.33061235552823,2.8784097860585387,8.28892888728081,8.415023580407876,0.00637859085552166,0.0006553010563785307,0.007033891911900191,0.0016450672639077958,0.0005572997992389045,0.0022023670631467003,0.004831524848753491,107.69415248157243
2022-06-03,3.4139247569055584,3.1473429652960525,8.28892888728081,8.320288356154373,-0.006905705704452719,0.0006405023760631211,-0.006265203328389598,-0.022376015997934633,0.0005535403434727959,-0.021822475654461836,0.015557272326072239,109.3695797396538
2022-06-10,3.4207099512638464,3.2553395144907444,8.27753402513835,8.080178742814832,-0.0005616467716790526,0.0006565239917126074,9.487722003355479e-05,-0.00872631421100306,0.0006052582625569331,-0.008121055948446126,0.00821593316847968,110.2681528974595
2022-06-17,3.4486527671356235,3.310497750175455,8.25344527639175,8.075946162381175,-0.002306245016660036,0.0006578288367815089,-0.001648416179878527,-0.0044545494180165375,0.0006260268297097586,-0.003828522588306779,0.0021801064084282524,110.5085492042368
2022-06-24,3.423706348077051,3.2444260051660447,8.27753402513835,8.080178742814832,0.002064948325626948,0.0006632024552183891,0.0027281507808453375,0.005338715095257179,0.000636634182726049,0.005975349277983228,-0.0032471984971378905,110.14970600933994
2022-07-01,3.4291011233548088,3.02705751735473,8.27753402513835,8.354555320575477,-0.00044655435919616125,0.0006584050669378945,0.00021185070774173325,0.018160170563694667,0.0006239280779165471,0.018784098641611215,-0.018572247933869482,108.10397835949163
2022-07-08,3.441598009956492,3.133533538550307,8.273607359153996,8.114445707235937,-0.0010339433295419944,0.0006594425237220786,-0.00037450080581991584,-0.008639938931140132,0.0005821264456451403,-0.00805781248549499,0.007683311679675075,108.93457491904046
2022-07-15,3.3996648751137104,3.067074727697033,8.273607359153996,8.351382787901054,0.0034693829302763473,0.0006618457711454792,0.004131228701421827,0.005550229690644022,0.0006026026035673667,0.006152832294211389,-0.0020216035927895625,108.71435239100514
2022-07-22,3.396931939129542,2.993070344549625,8.273607359153996,8.351382787901054,0.00022611239270712026,0.0006537817067526365,0.0008798940994597568,0.006180389316464978,0.0005898220630186602,0.006770211379483638,-0.005890317280023882,108.07399036252978
2022-07-29,3.3662619593959815,2.9146802823134306,8.285002221296455,8.351382787901054,0.002541008502196665,0.0006532561421402964,0.0031942646443369614,0.00654665416501848,0.0005755904508749278,0.007122244615893407,-0.003927979971556446,107.64947789293957
2022-08-05,3.3444726279729533,2.9691443465098093,8.27753402513835,8.364849070416621,0.0018036193223913207,0.0006473580691146118,0.0024509773915059327,-0.004555836767641898,0.0005605154389064289,-0.003995321328735469,0.006446298720241402,108.34341858451549
2022-08-12,3.3405561825062127,2.959650822405946,8.28892888728081,8.368021603091044,0.00032463137964726434,0.0006431678130717218,0.000967799192718986,0.0007944201479059442,0.0005709892974057326,0.0013654094453116768,-0.00039761025259269075,108.30034013048535
2022-08-19,3.242102004236575,3.0342725650213733,8.28892888728081,8.368021603091044,0.00816079682332693,0.0006424146504819641,0.008803211473808895,-0.006244363542661962,0.0005691636196934511,-0.005675199922968511,0.014478411396777406,109.86835700930541
2022-08-26,3.2961837932928635,3.0624281802624256,8.28892888728081,8.127911989751505,-0.004482801035844956,0.0006234811546608799,-0.003859319881184076,-0.0022884636269657884,0.0005835139548118026,-0.001704949672153986,-0.00215437020903009,109.63165989404948
2022-09-02,3.2840726159732982,3.357283596235166,8.267183315930447,8.071825097078937,0.0010012532307258496,0.0006338814987101661,0.0016351347294360158,-0.023800213466584154,0.0005889284962043126,-0.02321128497037984,0.024846419699815856,112.3556141281645
2022-09-09,3.3077418637707305,3.410732227605073,8.267183315930447,8.06759251664528,-0.0019567801049155576,0.0006315524261487112,-0.0013252276787668463,-0.004312017784647936,0.000645631460814455,-0.0036663863238334806,0.002341158645066634,112.61865644550242
2022-09-16,3.3426636609669464,3.4888636450917176,8.255788453787988,8.040723578392544,-0.0028830697007804504,0.0006361042045712943,-0.0022469654962091563,-0.0062823313079809606,0.0006559100437702063,-0.005626421264210754,0.003379455768001598,112.99924621361177
2022-09-23,3.360165122327827,3.607008936547473,8.255788453787988,8.06759251664528,-0.0014448836262757282,0.0006428199348013358,-0.0008020636914743924,-0.009531480692253267,0.0006709353163637919,-0.008860545375889475,0.008058481684415083,113.9098485695769
2022-09-30,3.4618295199691214,3.685610681409866,8.242435596191667,8.040723578392544,-0.008379622499839902,0.000646185600447659,-0.007733436899392243,-0.0063201490321783856,0.0006936555647206679,-0.005626493467457718,-0.0021069434319345246,113.66984696230055
2022-10-07,3.4644579948677032,3.8330738887437312,8.248705439572259,8.03474150637304,-0.0002168151519371139,0.000665736446147908,0.0004489212942107941,-0.01184828752628301,0.0007087712848865126,-0.011139516241396497,0.011588437535607291,114.98710288350522
2022-10-14,3.4291007280575228,3.901096211824401,8.242435596191667,8.006224728130642,0.0029142999454027773,0.000666241922089943,0.0035805418674927205,-0.005446020051133502,0.0007371295939891791,-0.004708890457144323,0.008289432324637042,115.9402806910641
2022-10-21,3.4483807179144694,4.008144302941998,8.242435596191667,8.033093666383376,-0.0015891407469111158,0.0006594424477033698,-0.000929698299207746,-0.008599273427552012,0.0007502108099662309,-0.007849062617585782,0.006919364318378036,116.7425137323406
2022-10-28,3.3944262846849873,3.9067411412965893,8.242435596191667,8.007872568120304,0.004447159410230299,0.000663150138060475,0.005110309548290774,0.008120235964609394,0.0007707969813349996,0.008891032945944394,-0.00378072339765362,116.30114257917184
2022-11-04,3.4362079207324188,3.8899664547460944,8.242435596191667,8.03474150637304,-0.0034438244422447394,0.0006527742855163437,-0.0027910501567283957,0.001347802702836595,0.0007512963733262672,0.002099099076162862,-0.004890149232891258,115.73241263600393
2022-11-11,3.4468352965823295,3.744780523621749,8.252632105556613,8.007872568120304,-0.0008770382313678997,0.0006608092155254651,-0.00021622901584243453,0.011626304351276486,0.0007480704720665566,0.012374374823343042,-0.012590603839185477,114.27527167715088
2022-11-18,3.510977512065275,3.7401172631885964,8.252632105556613,8.007872568120304,-0.005293421068160876,0.0006628529416504481,-0.004630568126510428,0.00037342795300644173,0.0007201501006964902,0.0010935780537029319,-0.005724146180213359,113.62114331728728
2022-11-25,3.512212131743397,3.679445543914715,8.264026967699072,8.007872568120304,-0.000102029303148512,0.0006751879830894759,0.0005731586799409638,0.004858513964340114,0.0007192533198439609,0.005577767284184075,-0.005004608604243111,113.05251396581764
2022-12-02,3.523691801990971,3.577387944390153,8.281845873065079,8.023720725046406,-0.000950728596640179,0.0006754254099506532,-0.0002753031866895258,0.008188816764537131,0.0007075856815220605,0.008896402446059192,-0.009171705632748718,112.01562958668094
2022-12-09,3.533301623309809,3.6251926763895788,8.281845873065079,8.023720725046406,-0.0007958705903031155,0.0006776330388444176,-0.00011823755145869792,-0.003835718188990811,0.0006879592200750294,-0.0031477589689157814,0.0030295214174570835,112.35498333560375
2022-12-16,3.5245968404719563,3.59056105797299,8.281845873065079,8.023720725046406,0.0007209166982159717,0.0006794810814057325,0.0014003977796217043,0.0027787443443108143,0.0006971524377672267,0.0034758967820780412,-0.002075499002456337,112.1217906797697
2022-12-23,3.4969139874511956,3.7103705620354064,8.270451010922619,8.023720725046406,0.002289496797507724,0.0006778070847061455,0.00296730388221387,-0.009613180008031413,0.000690492511148652,-0.008922687496882761,0.011889991379096632,113.45491780436106
2022-12-30,3.514676403929537,3.7701750052870366,8.252632105556613,8.022072885056744,-0.0014658668850142825,0.00067248345912523,-0.0007933834258890525,-0.004797556026148179,0.0007135328003914243,-0.004084023225756754,0.003290639799867702,113.8282570723788
2023-01-06,3.498250537179478,3.633016359062602,8.28892888728081,8.023727293369811,0.00136152841403191,0.0006758993084479878,0.0020374277224798976,0.011005235732326512,0.0007250336548628917,0.011730269387189404,-0.009692841664709507,112.72493779960638
2023-01-13,3.528955496221944,3.575486351469495,8.28892888728081,8.023727293369811,-0.0025451122198987012,0.0006727404879191304,-0.001872371731979571,0.004616050921125842,0.0006986569921274235,0.005314707913253266,-0.007187079645232837,111.91477469363669
2023-01-20,3.582605461319969,3.586726833141161,8.285002221296455,8.023727293369811,-0.004444900800096153,0.0006786452877349891,-0.0037662555123611644,-0.000901905595795698,0.0006875935291287491,-0.0002143120666669489,-0.0035519434456942156,111.5172597431873
2023-01-27,3.573155357638446,3.6140880323587457,8.28892888728081,8.023727293369811,0.0007833123739357557,0.0006889625887153786,0.0014722749626511343,-0.0021953880094146244,0.000689755160219454,-0.0015056328491951704,0.0029779078118463047,111.84934786213223
2023-02-03,3.55949873204703,3.6550582415206563,8.28892888728081,8.008332402659384,0.0011319879836746373,0.0006871452610843165,0.0018191332447589537,-0.0032810305357506126,0.0006950169292997588,-0.002586013606450854,0.004405146851209808,112.34206066467698
2023-02-10,3.56340731950052,3.771350144733922,8.271109981914801,8.00515986998496,-0.00032328356701747063,0.0006845189869321213,0.00036123541991465064,-0.009309352768070111,0.0007028958156770493,-0.008606456952393062,0.008967692372307714,113.34950970518894
2023-02-17,3.5639756877253084,3.809406574067043,8.271109981914801,8.00515986998496,-4.701036097450038e-05,0.0006852706383654847,0.0006382602773909843,-0.003046478008924163,0.0007252596432180621,-0.002321218365706101,0.0029594786430970853,113.68496515836696
2023-02-24,3.5808049610120944,3.8812416322943366,8.267183315930447,8.003512029995298,-0.0013913068733575177,0.0006853799399471747,-0.000705926933410343,-0.0057493275269755815,0.0007325781873205853,-0.005016749339654996,0.004310822406244653,114.1750408534248
2023-03-03,3.5989577630635217,3.8719806665625236,8.267183315930447,8.014352571047652,-0.001500725422569471,0.000688616338656172,-0.000812109083913299,0.000742206445231398,0.0007463926215950648,0.001488599066826463,-0.002300708150739762,113.91235740632229
2023-03-10,3.554437337656182,3.7287272953198576,8.267183315930447,8.014352571047652,0.0036805851814568284,0.0006921072621276004,0.004372692443584429,0.011480830241299042,0.0007446116666466392,0.012225441907945682,-0.007852749464361253,113.01783220271567
2023-03-17,3.5360832380895615,3.5715636052963693,8.28892888728081,8.016000411037316,0.0015213582609779057,0.0006835456418569581,0.002204903902834864,0.012598242038284234,0.000717062941407665,0.013315304979691899,-0.011110401076857035,111.76215875810655
2023-03-24,3.524201978260456,3.559333555002463,8.28892888728081,8.01917294371174,0.0009848291781476243,0.0006800160073249157,0.00166484518547254,0.000980748884171257,0.0006868391548646864,0.0016675880390359435,-2.7428535634035738e-06,111.76185221087115
2023-03-31,3.5291708931890806,3.6006419026817604,8.28892888728081,8.01917294371174,-0.0004118698249031833,0.0006777311496654723,0.000265861324762289,-0.0033125878405925813,0.0006844872221158584,-0.002628100618476723,0.002893961943239012,112.08528675787532
2023-04-07,3.5019721183783497,3.5502299580509127,8.28892888728081,8.01797872234477,0.0022544871022731347,0.0006786867102286693,0.002933173812501804,0.004042018994021599,0.0006924311351311078,0.004734450129152707,-0.001801276316650903,111.88339018539332
2023-04-14,3.485498711396584,3.606317990033949,8.28892888728081,8.016330882355106,0.001365468990030901,0.0006734561766112211,0.002038925166642122,-0.004496202229161334,0.0006827365303944063,-0.0038134656987669283,0.005852390865409051,112.53817551610533
2023-04-21,3.491723128089356,3.635770800756839,8.28892888728081,8.016330882355106,-0.0005159374733118946,0.0006702882137301123,0.00015435074041821766,-0.0023610347617006424,0.000693522690391144,-0.0016675120713094984,0.001821862811727716,112.74320463297781
2023-04-28,3.451855570486509,3.5625619665419697,8.28892888728081,8.01797872234477,0.0033045934987957102,0.0006714852169402608,0.0039760787157359714,0.0058698687502248825,0.0006991866924532383,0.006569055442678121,-0.002592976726942149,112.4508641272436
2023-05-05,3.3921927141704957,3.575688478387194,8.28892888728081,8.003318218462233,0.004945411732154852,0.0006638183789397132,0.005609230111094565,-0.0010505565139574296,0.0006851080704888403,-0.0003654484434685893,0.005974678554563154,113.12272189358674
2023-05-12,3.379555664179928,3.5766712807928798,8.28892888728081,8.030187156714968,0.0010474760871683007,0.0006523447527250954,0.001699820839893396,-7.892087255727762e-05,0.0006876323996898449,0.0006087115271325673,0.0010911093127608288,113.24615114892968
2023-05-19,3.39379987500662,3.6996312343934123,8.28892888728081,8.028539316725304,-0.0011806925059788746,0.0006499145508038323,-0.0005307779551750423,-0.009871888218645949,0.0006878214001524769,-0.009184066818493472,0.00865328886331843,114.2261028074804
2023-05-26,3.4029846595927817,3.7399385563694856,8.271109981914801,8.028539316725304,-0.0007596836347233904,0.0006526538221166577,-0.00010702981260673268,-0.0032360891923680977,0.0007114675450756562,-0.0025246216472924413,0.0024175918346857088,114.50225490093575
2023-06-02,3.383877176304899,3.700888045718374,8.28892888728081,8.030187156714968,0.0015838057018816526,0.0006544201268447657,0.002238225828726418,0.003135829090937178,0.000719218953147978,0.003855048044085156,-0.0016168222153587378,114.31712511150324
2023-06-09,3.3587833140663093,3.7245456155448498,8.28892888728081,8.030187156714968,0.0020800123960289284,0.0006507456108278652,0.0027307580068567936,-0.0018997471337965368,0.0007117092395612257,-0.001188037894235311,0.003918795901092105,114.76511059281482
2023-06-16,3.3589688567762765,3.732472742920019,8.296693462580784,8.028539316725304,-1.5393909888151386e-05,0.0006459198680896748,0.0006305259582015234,-0.0006364325380023455,0.0007162587722201635,7.982623421781796e-05,0.0005506997239837054,114.82831170754125
2023-06-23,3.357291000738529,3.7150644822335415,8.278874557214777,8.030187156714968,0.00013890759661578856,0.0006459555493800532,0.0007848631459958417,0.0013979159138529677,0.0007177832197923114,0.0021156991336452793,-0.0013308359876494375,114.67549405791982
2023-06-30,3.3383561340806196,3.7420054740783533,8.278874557214777,8.030187156714968,0.0015675938581841905,0.0006456328847574094,0.0022132267429416,-0.0021634120670137045,0.0007144354773526041,-0.0014489765896611004,0.0036622033326027007,115.0954590344266
2023-07-07,3.3492937732584496,3.913108257931391,8.274651489022666,8.004228578377964,-0.0009050515230922343,0.0006419915642462729,-0.00026305995884596135,-0.013695457923565135,0.0007196164373227602,-0.012975841486242375,0.012712781527396414,116.55864245992666
2023-07-14,3.3418892998452296,3.797080773546982,8.274651489022666,8.004228578377964,0.00061269436954129,0.0006440949563958556,0.0012567893259371457,0.009287105063869922,0.0007525208188329599,0.010039625882702881,-0.008782836556765736,115.53492695392265
2023-07-21,3.3099908619362264,3.8053972141135413,8.292470394388673,8.004228578377964,0.0026451685198765488,0.0006426710192010057,0.0032878395390775546,-0.0006656669125323694,0.0007302078410667273,6.454092853435788e-05,0.0032232986105431966,115.90733052344243
2023-07-28,3.348881186417752,3.868886840757114,8.278874557214777,8.004228578377964,-0.0032196811787192857,0.0006365367042185052,-0.0025831444745007806,-0.005081854840110317,0.0007318071565602964,-0.0043500476835500205,0.00176690320904924,116.11212755769662
2023-08-04,3.362577846947775,3.947003005234146,8.274651489022666,8.004228578377964,-0.0011333509244939323,0.0006440156127726446,-0.0004893353117212877,-0.006252596361403336,0.0007440167001455988,-0.005508579661257737,0.005019244349536449,116.69492269785324
2023-08-11,3.3432776279583276,4.0024594341625725,8.274651489022666,8.004228578377964,0.0015970258579949394,0.0006466495859514952,0.002243675443946435,-0.004438859332836978,0.000759039039468105,-0.0036798202933688733,0.005923495737315309,117.38616457502032
2023-08-18,3.2866259196546843,4.063651729618126,8.274651489022666,8.004228578377964,0.004687731424704198,0.0006429380053766015,0.005330669430080799,-0.004897971200618892,0.0007697037373389562,-0.004128267463279936,0.009458936893360734,118.49651289788908
2023-08-25,3.294264500424266,4.054061079082807,8.274651489022666,8.004228578377964,-0.0006320659373903989,0.0006320434460874393,-2.24913029595996e-08,0.000767657591000375,0.0007814714864650241,0.0015491290774653991,-0.0015491515687683587,118.31294383903972
2023-09-01,3.3431094086103923,4.064038931923577,8.274651489022666,7.999549727356362,-0.004041745922535045,0.0006335124039277435,-0.0034082335186073017,-0.0007981832997198103,0.0007796271305928475,-1.8556169126962845e-05,-0.003389677349480339,117.9119011331582
2023-09-08,3.4013850585138266,4.111678681847727,8.278874557214777,7.999549727356362,-0.0048245679529069765,0.0006429056555019985,-0.004181662297404978,-0.0038109654851706375,0.0007815459484468417,-0.003029419536723796,-0.0011522427606811825,117.77603799867936
2023-09-15,3.402861918008615,4.142477609631738,8.278874557214777,7.999549727356362,-0.00012226734495985459,0.0006541125112526589,0.0005318451662928044,-0.002463775543574557,0.0007907074388168706,-0.0016730681047576862,0.0022049132710504904,118.03572394787439
2023-09-22,3.446898224708927,4.202812560098038,8.272604713834186,7.999549727356362,-0.00364294958388849,0.0006543965226939644,-0.0029885530611945257,-0.004826524365527462,0.000796630309544565,-0.004029894055982897,0.0010413409947883714,118.15863938607083
2023-09-29,3.455116934331431,4.2937580052210125,8.272604713834186,7.999549727356362,-0.0006799013596476221,0.0006628650432132551,-1.7036316434366995e-05,-0.007275226107377939,0.000808233184634238,-0.006466992922743701,0.006449956606309334,118.92075748277155
2023-10-06,3.4566683909881064,4.486051337453379,8.26906320672632,7.967609662202227,-0.00012829093156543697,0.000664445564294506,0.0005361546327290691,-0.015321182118716649,0.0008257226933117332,-0.014495459425404915,0.015031614058133984,120.70832841275352
2023-10-13,3.462974436385927,4.398194197632495,8.26484013853421,7.997651133129385,-0.0005211845711932609,0.0006647439213438666,0.0001435593501506057,0.007026507538419949,0.000862702180279496,0.007889209718699445,-0.007745650368548839,119.77336390429636
2023-10-20,3.499579530814069,4.556037357079173,8.26484013853421,7.997651133129385,-0.003025352537045427,0.0006659566223819089,-0.002359395914663518,-0.012623745230054452,0.0008458065764677876,-0.011777938653586664,0.009418542738923147,120.90145445121357
2023-10-27,3.4980051481589447,4.510803652578158,8.26484013853421,7.997651133129385,0.00013012020961482697,0.0006729960636180902,0.0008031162732329172,0.0036176338805818547,0.0008761610302075334,0.004493794910789388,-0.003690678637556471,120.45524603602095
2023-11-03,3.459844439663885,4.248778050677546,8.268381645642075,8.003193456003665,0.003155273017052474,0.000672693297722874,0.003827966314775348,0.020970415824363955,0.000867462240880415,0.02183787806524437,-0.018009911750469024,118.28585768503117
2023-11-10,3.442754917550935,4.256334053818191,8.268381645642075,8.003193456003665,0.0014130269097151111,0.0006653546999353625,0.0020783816096504736,-0.0006047215488874765,0.0008170727020533743,0.00021235115316589777,0.0018660304564845757,118.50658269804283
2023-11-17,3.428498737356483,4.157760974484746,8.292470394388673,8.003193456003665,0.001182189521995658,0.0006620682533751798,0.0018442577753708378,0.007888994234595548,0.0008185257795804213,0.00870752001417597,-0.006863262238805131,117.69324094396151
2023-11-24,3.4860985195170735,4.1782438192829225,8.286200551008081,8.003193456003665,-0.004772833466770321,0.0006593266802608621,-0.0041135067865094585,-0.0016392816944910597,0.0007995694181701433,-0.0008397122763209164,-0.003273794510188542,117.3079374578729
2023-12-01,3.4246511301827223,3.8982942096021063,8.292470394388673,8.039398710611758,0.00509550656867582,0.0006704035614455912,0.005765910130121411,0.022506265311042193,0.0008035084267851774,0.02330977373782737,-0.017543863607705962,115.24990300301066
2023-12-08,3.41921611611866,3.903232923660948,8.292470394388673,8.039398710611758,0.00045069693219321986,0.0006585867558043697,0.0011092836879975894,-0.0003970429143673407,0.0007496719633850205,0.00035262904901767975,0.0007566546389799096,115.33710737675986
2023-12-15,3.361966433360598,3.7347157095857497,8.292470394388673,8.039398710611758,0.004747412993593743,0.0006575415607920499,0.005404954554385793,0.013547770735520364,0.0007506217160886438,0.014298392451609007,-0.008893437897223213,114.31136397505928
2023-12-22,3.3421371739667927,3.7197681792396122,8.292470394388673,8.039398710611758,0.001644335464657831,0.0006465320064154995,0.0022908674710733303,0.0012016915619156789,0.000718214559535721,0.0019199061214514,0.0003709613496219303,114.35376907291659
2023-12-29,3.3098776800124994,3.7065760139976223,8.292470394388673,8.039398710611758,0.002675108985539374,0.0006427186873013064,0.0033178276728406805,0.0010605707623663136,0.0007153400344691562,0.00177591079683547,0.0015419168760052106,114.53009307928492
2024-01-05,3.298983023569681,3.8354402629889086,8.292470394388673,8.039398710611758,0.0009034361600910643,0.0006365149384639421,0.0015399510985550065,-0.010359910771845001,0.0007128030796149273,-0.009647107692230074,0.01118705879078508,115.81134796387698
2024-01-12,3.253108109421792,3.7858555202203252,8.292470394388673,8.039398710611758,0.003804163674164909,0.0006344198122249388,0.004438583486389848,0.003986315170797649,0.0007375846659594056,0.004723899836757054,-0.00028531635036720647,115.7783050927448
2024-01-19,3.2804353648490654,3.8846635488945296,8.283145078484814,8.039398710611758,-0.0022635562130091554,0.0006255977133503446,-0.0016379584996588108,-0.00794357138321488,0.0007280491385039087,-0.007215522244710971,0.00557756374505216,116.42406596969369
2024-01-26,3.282414425226897,3.8802588614178544,8.283145078484814,8.039398710611758,-0.0001639284422865992,0.0006308529547786664,0.0004669245124920672,0.00035411038820630503,0.0007470506824797172,0.0011011610706860224,-0.0006342365581939552,116.35022557080212
2024-02-02,3.218127202414733,3.8505990521965585,8.283145078484814,8.037914039047463,0.005325003932460332,0.0006312335433128648,0.0059562374757731965,0.0023840299693532333,0.0007462036271957412,0.0031302335965489743,0.002826003879224222,116.67903175961382
2024-02-09,3.2525834371592306,3.921784976042485,8.283145078484814,8.037914039047463,-0.0028540599124700326,0.000618870615848987,-0.0022351892966210457,-0.005721863366637377,0.0007404998177301074,-0.00498136354890727,0.0027461742522862246,116.99945271241377
2024-02-16,3.2684278978097736,3.987354485250574,8.265326173118808,8.037914039047463,-0.0013095963531388423,0.0006254968148383136,-0.0006840995383005287,-0.005270420785971471,0.0007541894184697087,-0.004516231367501762,0.0038321318292012336,117.44781003915212
2024-02-23,3.214952142248396,3.96825241279378,8.265326173118808,8.037914039047463,0.004419945620687581,0.0006285438265018796,0.0050484894471894606,0.0015354081637536335,0.0007667989394712642,0.002302207103224898,0.0027462823439645626,117.77035488619995
2024-03-01,3.1956568232950966,3.9153099798359365,8.265326173118808,8.037914039047463,0.0015948210476338085,0.0006182600273554607,0.002213081074989269,0.004255467251331803,0.0007631254639988039,0.005018592715330607,-0.002805511640341338,117.43994878467959
2024-03-08,3.1258240739850005,3.866751842254062,8.283145078484814,8.037914039047463,0.005784347937649863,0.000614549389095211,0.0063988973267450735,0.0039030613577934856,0.0007529442268915264,0.004656005584685012,0.0017428917420600617,117.64463390160435
2024-03-15,3.16831805662167,3.979026702001411,8.265326173118808,8.037914039047463,-0.0035122662688692225,0.0006011200142278847,-0.002911146254641338,-0.009024556713953021,0.0007436061235103965,-0.008280950590442624,0.005369804335801287,118.27636256681294
2024-03-22,3.1458998138790584,3.938090479713939,8.265326173118808,8.037914039047463,0.001852940884958404,0.0006092919339657059,0.00246223281892411,0.0032904183583003757,0.0007651974426925791,0.0040556158009929545,-0.0015933829820688446,118.08790302351797
2024-03-29,3.1419168346660484,3.93016184502185,8.265326173118808,8.037914039047463,0.0003292062233627921,0.0006049807334382805,0.0009341869568010726,0.0006372968410202305,0.0007573250922526806,0.0013946219332729112,-0.0004604349764718386,118.03353122266773
2024-04-05,3.1668462462272977,4.094421884461053,8.265326173118808,8.032899854850312,-0.0020604971785764432,0.0006042147758973169,-0.0014562824026791263,-0.013194844469688844,0.0007558003548118942,-0.01243904411487695,0.010982761712197824,119.32986537013555
2024-04-12,3.1596951294278743,4.162041766677901,8.265326173118808,8.032899854850312,0.000591063128493036,0.0006090088935052496,0.0012000720219982855,-0.005431837420447108,0.0007873888239348179,-0.00464444859651229,0.005844520618510575,120.02729122869538
2024-04-19,3.1337728694537406,4.2285092358367224,8.265326173118808,8.032899854850312,0.00214255933830598,0.0006076336787361297,0.0027501930170421096,-0.005339265233581639,0.000800392647438058,-0.004538872586143582,0.0072890656031856915,120.90217802863401
2024-04-26,3.059039482153027,4.258572800963286,8.279174350012735,8.031252014860648,0.006187307432296341,0.000602648628741104,0.006789956061037445,-0.002414480679966074,0.0008131748530455235,-0.0016013058269205506,0.008391261887957996,121.91669986729681
2024-05-03,3.130569799287555,4.196313225943134,8.279174350012735,8.005876418367627,-0.005922119668684612,0.0005882768234909667,-0.005333842845193645,0.0049844246347142155,0.000818956307877555,0.005803380942591771,-0.011137223787785415,120.55888629740646
2024-05-10,3.1309573550748677,4.202829346706633,8.279174350012735,8.005876418367627,-3.2086419335169084e-05,0.0006020326537091453,0.0005699462343739762,-0.0005216725755972653,0.0008069833126813721,0.00028531073708410674,0.00028463549728986943,120.59320163596044
2024-05-17,3.1105272373961887,4.156993831383361,8.279174350012735,8.005876418367627,0.0016914450625306065,0.0006021071836682438,0.0022935522461988503,0.00366953471250307,0.0008082364128281985,0.004477771125331268,-0.002184218879132418,120.32979968825215
2024-05-24,3.1080635110730253,4.177911414649611,8.275617823450672,8.004228578377964,0.0002038885747207641,0.0005981783148838825,0.0008020668896046466,-0.001674291177703139,0.0007994218906506464,-0.0008748692870524926,0.0016769361766571392,120.53158508247928
2024-05-31,3.117036139517196,4.20491653201937,8.279174350012735,7.9990590974899725,-0.0007428595526717443,0.0005977045213601972,-0.0001451550313115471,-0.002160155297753567,0.0008034445028172328,-0.0013567107949363343,0.0012115557636247871,120.67761581908478
2024-06-07,3.093032367601153,4.161367085946196,8.279174350012735,8.004228578377964,0.001987314127508599,0.0005994300268302301,0.0025867441543388292,0.0034857972083142588,0.0008086377946191095,0.004294435002933368,-0.0017076908485945388,120.47153575892031
2024-06-14,3.0710294987795654,4.05516515853602,8.279174350012735,7.979007480114891,0.001821655871743833,0.0005948139168463755,0.002416469788590209,0.00847385973208411,0.0008002629011434994,0.00927412263322761,-0.006857652844637401,119.64538378902532
2024-06-21,3.0420606864645663,4.075353449998665,8.279174350012735,7.979007480114891,0.0023983784786867396,0.0005905825959191472,0.0029889610746058866,-0.0016108252859117875,0.0007798394535646193,-0.0008309858323471682,0.0038199469069530546,120.10242280276142
2024-06-28,2.995126289973526,4.137695955766949,8.279174350012735,7.977359640125227,0.0038857805156194817,0.0005850116704739551,0.004470792186093437,-0.00497328589380185,0.0007837218173074356,-0.004189564076494415,0.008660356262587852,121.14255257223327
2024-07-05,3.0476706640729656,4.0767270923677,8.279174350012735,8.001771795625316,-0.0043502403428155355,0.0005759858249949089,-0.0037742545178206265,0.004878589315594425,0.0007957107607244133,0.005674300076318838,-0.009448554594139465,119.99793055058112
2024-07-12,3.0413899204617647,4.014573893564845,8.279174350012735,8.008589116502971,0.0005199937140486086,0.0005860905123217242,0.0011060842263703329,0.004977594314883934,0.0007839859793014809,0.005761580294185415,-0.004655496067815082,119.43928065675694
2024-07-19,3.0397085045470025,4.058305246019817,8.279174350012735,7.981720178250235,0.0001392073551320265,0.0005848826770118779,0.0007240900321439044,-0.0034905141831202344,0.0007720334410701625,-0.002718480742050072,0.0034425707741939766,119.85045883363665
2024-07-26,3.024846543453725,4.033944341172637,8.265326173118808,7.981720178250235,0.0012283895600814112,0.0005845593277975004,0.0018129488878789117,0.0019444192577917066,0.0007804433165422725,0.002724862574333979,-0.0009119136864550674,119.74116555989833
2024-08-02,2.942557809986654,3.7443089693902696,8.283145078484814,8.040586363655324,0.006816095176325159,0.0005817012583564855,0.007397796434681645,0.023288382207855417,0.0007757585271485841,0.024064140735004,-0.016666344300322357,117.74551806775517
2024-08-09,3.0025442162641216,3.803730387061539,8.283145078484814,8.040586363655324,-0.004968761059331958,0.0005658765019205103,-0.004402884557411448,-0.004777830406366772,0.0007200594171904365,-0.004057770989176336,-0.00034511356823511193,117.70488249187112
2024-08-16,2.987861336617459,3.774028268122309,8.283145078484814,8.040586363655324,0.0012162042228323904,0.0005774123492815618,0.0017936165721139522,0.002388224525144406,0.0007314866128964499,0.0031197111380408555,-0.0013260945659269033,117.54879468681558
2024-08-23,2.96170493605962,3.7377174381927407,8.283145078484814,8.040586363655324,0.0021665726055153946,0.0005745887185802806,0.0027411613240956754,0.002919603639846958,0.0007257746669465979,0.003645378306793556,-0.0009042169826978808,117.4425050703641
2024-08-30,2.9737595119691735,3.8013590024116057,8.283145078484814,8.01371742540259,-0.0009984980111843876,0.000569558641549927,-0.00042893936963446066,-0.005100055121605966,0.0007187918150370655,-0.0043812633065689,0.0039523239369344395,117.90667589436725
2024-09-06,2.922899951670475,3.675436584956466,8.283145078484814,8.065567049490848,0.004212771165820664,0.000571876829224841,0.004784647995045506,0.010156357010184074,0.0007310305773868472,0.01088738758757092,-0.006102739592525415,117.18712215516365
2024-09-13,2.8695568251925634,3.6452024485643237,8.283145078484814,8.065567049490848,0.004418488555565066,0.0005620961445520144,0.00498058470011708,0.002438554542542736,0.0007068147278762435,0.003145369270418979,0.0018352154296981012,117.40218576990473
2024-09-20,2.844428442442049,3.687033512563119,8.283145078484814,8.033528630350123,0.002081420399102063,0.0005518378509985699,0.002633258250100633,-0.003360510502723306,0.0007010004708777547,-0.0026595100318455513,0.005292768281946185,118.02356833497882
2024-09-27,2.959641230739937,3.693727544713632,8.283145078484814,8.038698111238112,-0.009543242403681634,0.000547005469700394,-0.008996236933981239,-0.0005381130360489521,0.0007090449062621383,0.00017093187021318616,-0.009167168804194424,116.94162636117869
2024-10-04,2.9779611839599793,3.8578148637717047,8.283145078484814,8.02284995431201,-0.0015174683035266649,0.0005691617751422955,-0.0009483065283843693,-0.013164479402082388,0.0007103322201372369,-0.01245414718194515,0.011505840653560782,118.28713807985866
2024-10-11,2.959008429895555,3.9156230812402617,8.283145078484814,8.02284995431201,0.0015698841155246932,0.0005726848430692268,0.00214256895859392,-0.004637866548764714,0.0007418874738022509,-0.0038959790749624633,0.006038548033556383,119.00142064490579
2024-10-18,2.896981348260988,3.9219276553130737,8.283145078484814,8.02284995431201,0.005137793159741408,0.0005690400826722221,0.0057068332424136305,-0.0005058065181201677,0.0007530044387000503,0.0002471979205798826,0.005459635321833748,119.6511250044071
2024-10-25,2.9734707054740848,4.003400431258722,8.283145078484814,8.02284995431201,-0.006335724427561306,0.0005571117977424977,-0.005778612629818808,-0.006536438567732178,0.0007542168567909758,-0.005782221710941202,3.609081122394296e-06,119.65155683502364
2024-11-01,2.95505959832066,4.117791161973101,8.283145078484814,7.988219034011682,0.0015250187160734683,0.000571821289514247,0.002096840005587715,-0.009137782124071072,0.000769884698318985,-0.008367897425752087,0.010464737431339802,120.90367896055318
2024-11-08,2.961021574118879,4.068778508043481,8.283145078484814,7.988219034011682,-0.0004938391049106144,0.0005682806919847423,7.444158707412788e-05,0.003915238150280185,0.000791882915764058,0.004707121066044243,-0.004632679478970115,120.34357096810062
2024-11-15,2.940128843379112,4.1399948356367196,8.283145078484814,7.988219034011682,0.0017305751980320801,0.000569427225792092,0.002300002423824172,-0.00568891623612719,0.0007824574053929771,-0.004906458830734213,0.007206461254558386,121.21082224951742
2024-11-22,2.932893746128247,4.1282892917929965,8.283145078484814,7.988219034011682,0.0005992936018585976,0.0005654093929575216,0.0011647029948161191,0.000935064481358865,0.0007961528530070615,0.0017312173343659266,-0.0005665143395498075,121.14215458060444
2024-11-29,2.8941207804758373,4.027679575540773,8.283145078484814,7.988219034011682,0.0032116209962201932,0.000564018028101586,0.0037756390243217793,0.008036924503725243,0.0007939017868832685,0.008830826290608511,-0.005055187266286731,120.52975830335804
2024-12-06,2.840547889972225,4.001883556804995,8.712883751451493,7.999250157148079,0.0046677436718721215,0.0005565616885530456,0.005224305360425167,0.002063488069259667,0.0007745537645270718,0.002838041833786739,0.0023862635266384286,120.81737406947191
2024-12-13,2.68703562746817,4.119800597312522,8.712883751451493,7.999250157148079,0.013375344976201372,0.0005462592096100433,0.013921604185811415,-0.009432479048102679,0.0007695929916932682,-0.00866288605640941,0.022584490242220825,123.54597287523464
2024-12-20,2.6337648814137267,4.194626737031316,8.709342244343627,7.999250157148079,0.004639531589996662,0.0005167376206669558,0.005156269210663618,-0.0059855300990435175,0.0007922693456370234,-0.005193260753406494,0.010349529964070112,124.82461562344707
2024-12-27,2.638968991384867,4.262727048770549,8.709342244343627,7.999250157148079,-0.00045324374815861073,0.0005064932464257166,5.324949826710591e-05,-0.005447514293818922,0.0008066589878906378,-0.004640855305928284,0.004694104804195389,125.41055545132691
2025-01-03,2.5660137068178885,4.344824244915647,8.699007720324428,7.983204849814531,0.0063463858368660985,0.000507494036804782,0.006853879873670881,-0.006553987344217179,0.0008197552016866442,-0.005734232142530535,0.012588112016201415,126.98923757136227
2025-01-10,2.585593780125744,4.428410553184798,8.681296546400798,7.983204849814531,-0.0016998042278575842,0.0004934641743880555,-0.0012063400534695287,-0.00667286621552379,0.0008355431240222397,-0.00583732309150155,0.004630983038032022,127.57732257656787
2025-01-17,2.5824921763600415,4.355648088828246,8.687681750457283,7.983204849814531,0.00026945746432441834,0.0004972295731011046,0.000766687037425523,0.005808776583356854,0.0008516174140739996,0.006660393997430854,-0.005893706960005331,126.8254192225595
2025-01-24,2.539948120918287,4.361582764211208,8.699007720324428,7.983204849814531,0.0037009106674173423,0.0004966331108384695,0.004197543778255812,-0.0004737772929934332,0.0008376246324669703,0.0003638473394735371,0.003833696438782275,127.31162938058007
2025-01-31,2.560243185606167,4.332221075908269,8.699007720324428,7.983204849814531,-0.0017654692440435473,0.0004884515617150551,-0.0012770176823284922,0.00234400372458771,0.0008387659161944631,0.003182769640782173,-0.004459787323110666,126.743846589784
2025-02-07,2.4978172918585924,4.266470195601028,8.699007720324428,7.983204849814531,0.005430433316583055,0.0004923544587704168,0.005922787775353472,0.0052490274654834,0.000833119437674667,0.006082146903158067,-0.00015935912780459457,126.72364880093684
2025-02-14,2.533174834839959,4.254398124011664,8.699007720324428,7.983204849814531,-0.003075755393666129,0.00048034947920357545,-0.0025954059144625537,0.0009637382045951595,0.0008204750376155823,0.0017842132422107417,-0.004379619156673295,126.16864748104473
2025-02-21,2.5902888929813344,4.228964479051417,8.708276656236793,7.983204849814531,-0.004973650192554882,0.00048714900669999216,-0.00448650118585489,0.002030419977951085,0.0008181534853868585,0.0028485734633379436,-0.007335074649192834,125.24319103338357
2025-02-28,2.6162499743097842,4.160189843583113,8.708276656236793,7.983204849814531,-0.002260762785032049,0.0004981324794194874,-0.0017626303056125616,0.005490420034147917,0.0008132623998175802,0.006303682433965498,-0.00806631273957806,124.23294028600557
2025-03-07,2.6009905892021576,4.263186728686267,8.708276656236793,7.976324517750928,0.0013288294712127198,0.0005031249950595739,0.0018319544662722936,-0.008215365799002658,0.0008000365083813678,-0.00741532929062129,0.009247283756893585,125.38175753678348
2025-03-14,2.7174871169632104,4.255464383485051,8.708276656236793,7.976324517750928,-0.010144839932342175,0.0005001904979234919,-0.009644649434418683,0.0006159593136299768,0.0008198436016704359,0.0014358029153004126,-0.011080452349719095,123.99247094687314
2025-03-21,2.738297277456531,4.225379061031135,8.699007720324428,7.976324517750928,-0.0018102774679258462,0.0005225936763390789,-0.0012876837915867672,0.002399702951136104,0.0008183585352855866,0.0032180614864216906,-0.004505745278008458,123.43379245639565
2025-03-28,2.705970422126574,4.2437456755861875,8.699007720324428,7.974799825066168,0.002812115640891063,0.0005265956302801021,0.003338711271171165,-0.0014647007454069048,0.0008125728963521413,-0.0006521278490547635,0.0039908391202259285,123.92639686408849
2025-04-04,2.6034476186709457,4.041449142798246,8.705239656815849,7.981720178250235,0.00892485574369872,0.0005203789273320335,0.009445234671030754,0.016146743177435717,0.0008161049376127285,0.016962848115048446,-0.007517613444017692,122.99476611695435
2025-04-11,2.5055918063865352,4.268732906368825,8.705239656815849,7.981720178250235,0.008518582977481771,0.0005006630035905665,0.009019245981072338,-0.018141154018799472,0.0007772017582304319,-0.01736395226056904,0.026383198241641377,126.23976141410228
2025-04-18,2.7427525919055262,4.190125861044754,8.63796869405688,7.981720178250235,-0.02048587440770983,0.0004818445781512568,-0.02000402982955857,0.006274194398157721,0.0008209101743016972,0.007095104572459418,-0.02709913440201799,122.81877315266283
2025-04-25,2.745710612487457,4.160869247643058,8.63796869405688,7.981720178250235,-0.00025551289183094536,0.0005274524215202936,0.0002719395296893482,0.0023351810153558186,0.0008057934348162988,0.0031409744501721174,-0.0028690349204827693,122.46640180359701
2025-05-02,2.7215859202269055,4.195170160845377,8.63796869405688,7.981720178250235,0.0020838833650040087,0.0005280212716322033,0.002611904636636212,-0.002737802910393602,0.0008001671630082803,-0.0019376357473853219,0.004549540384021534,123.02356764428825
2025-05-09,2.732719109152153,4.207291410314639,8.626848354315644,7.978547645575811,-0.000960443325580566,0.0005233819077359433,-0.0004370614178446227,-0.0009670996641441532,0.0008067634924702647,-0.0001603361716738885,-0.0002767252461707342,122.98952391724708
2025-05-16,2.7638032799821985,4.2375480052909005,8.626848354315644,7.9768998055861475,-0.0026815842797044483,0.0005255229056061833,-0.002156061374098265,-0.0024135382658384036,0.0008090945019835845,-0.0016044437638548191,-0.0005516176102434457,122.92168072997886
2025-05-23,2.7583155404136868,4.279715574052119,8.647069346592101,7.9768998055861475,0.00047452864604958817,0.0005315006307658074,0.0010060292768153956,-0.003363664710534054,0.0008149130779405578,-0.0025487516325934964,0.003554780909408892,123.35864037399027
2025-05-30,2.7749243311836214,4.224017349532844,8.647069346592101,7.978547645575811,-0.0014361736555066331,0.0005304452962334014,-0.0009057283592732318,0.004443909381010125,0.0008230222257792537,0.005266931606789378,-0.00617265996606261,122.59718943308582
2025-06-06,2.7512195688324295,4.257935973117679,8.647069346592101,7.9768998055861475,0.0020497672389524196,0.0005336392944583887,0.0025834065334108085,-0.0027056546187961467,0.0008123110287563163,-0.0018933435900398304,0.004476750123450638,123.14602641601509
2025-06-13,2.7409550385344,4.210928752824635,8.647069346592101,7.9768998055861475,0.0008875810529725519,0.0005290806863139287,0.0014166617392864806,0.003749718864167283,0.0008188338409841691,0.004568552705151452,-0.0031518909658649714,122.75788356787227
2025-06-20,2.7111064087517485,4.190339935340061,8.647069346592101,7.978547645575811,0.002581031716313434,0.0005271067381796923,0.003108138454493126,0.0016426886126673335,0.0008097939909278144,0.002452482603595148,0.0006556558508979782,122.8383704924774
2025-06-27,2.7266923895993367,4.144502889479478,8.63796869405688,7.9768998055861475,-0.0013463121462763718,0.0005213666170676439,-0.0008249455292087278,0.003656375222139315,0.0008058346029500118,0.004462209825089327,-0.005287155354298054,122.18890494421484
2025-07-04,2.720924114512606,4.201833149493899,8.63796869405688,7.9741871074508035,0.000498261796178863,0.0005243639210767956,0.0010226257172556586,-0.004571622202737982,0.0007970197864383611,-0.003774602416299621,0.004797228133555279,122.77507299662153
2025-07-11,2.7470702604501627,4.248356885416101,8.63796869405688,7.9741871074508035,-0.002258495900788554,0.0005232546374062705,-0.0017352412633822836,-0.003709889751812685,0.0008080448364411343,-0.002901844915371551,0.0011666036519892673,122.91830284515264
2025-07-18,2.7452732150101053,4.259593613097558,8.63796869405688,7.977359640125227,0.0001552282225301281,0.000528282742394262,0.0006835109649243901,-0.0008963941789313745,0.0008169917087338655,-7.940247019750898e-05,0.0007629134351218991,123.0120788698156
2025-07-25,2.7842691427378883,4.242647312326326,8.647069346592101,7.977359640125227,-0.0033720049129683277,0.0005279371567327126,-0.0028440677562356154,0.001351867358218478,0.0008191526179033767,0.0021710199761218545,-0.0050150877323574695,122.39516250214379
2025-08-01,2.7492572218039752,4.17183947990522,8.647069346592101,7.9741871074508035,0.0030275050827294567,0.00053543637360344,0.003562941456332897,0.005646349043989249,0.000815893713908909,0.006462242757898158,-0.0028993013015652614,122.04030204819605
2025-08-08,2.7425426137925335,4.18352431826298,8.664458962983213,7.977359640125227,0.0005817844556765534,0.0005287033118853799,0.0011104877675619331,-0.0009321415791658103,0.0008022768230586962,-0.00012986475610711414,0.0012403525236690473,122.19167504483086
2025-08-15,2.7761572363877587,4.211237703482093,8.664458962983213,7.977359640125227,-0.002912525180324969,0.0005274120411139487,-0.0023851131392110202,-0.002210796407381945,0.0008045239073582653,-0.0014062725000236799,-0.0009788406391873403,122.07206886752661
2025-08-22,2.804429193374153,4.191877959289699,8.664458962983213,7.977359640125227,-0.0024496121111183987,0.0005338763916130305,-0.001915735719505368,0.0015443964196354958,0.0008098534045157871,0.002354249824151283,-0.004269985543656651,121.55082289817803
2025-08-29,2.7942209206872377,4.173748468158396,8.664458962983213,7.977359640125227,0.000884491597787197,0.0005393133064181064,0.0014238049042053034,0.001446254708468632,0.0008061303767864807,0.002252385085255113,-0.0008285801810498095,121.45010829533429
2025-09-05,2.7617750897655204,4.115623548851082,8.664458962983213,7.977359640125227,0.0028112557054111105,0.000537350177055238,0.0033486058824663484,0.004636833853677033,0.000802643936184307,0.005439477789861339,-0.002090871907394991,121.1961716757495
2025-09-12,2.8000288855676585,4.09087913661738,8.664458962983213,7.977359640125227,-0.0033144844390596466,0.000531110594185677,-0.00278337384487397,0.0019739507547175835,0.0007914660670867465,0.00276541682180433,-0.0055487906666783,120.52367948951795
2025-09-19,2.849061410636431,4.123689926118829,8.664458962983213,7.977359640125227,-0.004248403013098243,0.0005384670933783959,-0.0037099359197198473,-0.0026174346792950825,0.000786707526272573,-0.0018307271530225095,-0.0018792087666973378,120.29719033442663
2025-09-26,2.8961069901593177,4.157798552283951,8.664458962983213,7.977359640125227,-0.00407624493165816,0.0005478964251223906,-0.0035283485065357697,-0.0027209677774975827,0.0007930172934843902,-0.0019279504840131925,-0.0016003980225225772,120.10466694890039
2025-10-03,2.8712245030984493,4.103663576851415,8.664458962983213,7.980072338260571,0.0021559328803585484,0.0005569436519537149,0.002712876532312263,0.00432001019981596,0.0007995766446699905,0.0051195868444859505,-0.0024067103121736873,119.81560980841428
2025-10-10,2.8395560422016546,4.068861336816239,8.664458962983213,7.980072338260571,0.0027439007986111677,0.0005521585582881634,0.003296059356899331,0.0027772439301421053,0.000789166072471426,0.0035664100026135312,-0.00027035064571420036,119.78321758093593
2025-10-17,2.751207106990454,4.04700563118634,8.664458962983213,7.981720178250235,0.007654957235607119,0.0005460684696541643,0.008201025705261284,0.0017444612663606142,0.0007824733340031228,0.002526934600363737,0.005674091104897547,120.46287847032792
2025-10-24,2.7768190328575755,4.0439785108165225,8.664458962983213,7.980072338260571,-0.0022191348063864413,0.0005290782898058565,-0.0016900565165805848,0.0002415663952776622,0.0007782703136896807,0.0010198367089673428,-0.0027098932255479277,120.13643693203117
2025-10-31,2.7616151033148904,4.0886045785914025,8.664458962983213,7.980072338260571,0.001317338235986834,0.0005340036601649184,0.0018513418961517525,-0.0035611924901566127,0.0007776881751570236,-0.002783504314999589,0.004634846211151341,120.69325084156684
2025-11-07,2.751863539662064,4.0898977413712165,8.664458962983213,7.980072338260571,0.0008449202309483177,0.0005310798275605558,0.0013760000585088736,-0.00010319532528062335,0.0007862701112675773,0.000683074785986954,0.0006929252725219196,120.77688224529777
2025-11-14,2.7816612794637523,4.099471816852069,8.670861815150033,7.9768998055861475,-0.0025837208422423456,0.0005292045268580893,-0.002054516315384256,-0.0007637144084187885,0.0007865187964175417,2.280438799875321e-05,-0.0020773207033830095,120.52598992731956
2025-11-21,2.794105498217929,4.083660809017807,8.653405304263194,7.9768998055861475,-0.0010768486857480586,0.000534934861435337,-0.0005419138243127217,0.0012612282531924855,0.000788359964779244,0.0020495882179717294,-0.002591502042284451,120.21364657827456
2025-11-28,2.794105498217929,4.083660809017807,8.653405304263194,7.9768998055861475,-0.0,0.0005373279804265249,0.0005373279804265249,-0.0,0.0007853193863495781,0.0007853193863495781,-0.00024799140592305323,120.18383462704847
