date,dictatorship_basket_yield,democracy_basket_yield,dictatorship_duration,democracy_duration,dictatorship_price_return,dictatorship_carry,dictatorship_total_return,democracy_price_return,democracy_carry,democracy_total_return,index_return,cumulative_index
2005-12-02,5.2675,4.404302747252746,7.25,7.730769230769229,,,,0.0019865953085376684,0.0008519230769230769,0.0028385183854607453,,100.0
2005-12-09,5.27475,4.415033516483517,7.25,7.730769230769229,-0.0005256249999999984,0.0010129807692307693,0.00048735576923077085,-0.0008295710059172439,0.000846981297548605,1.7410291631361134e-05,0.0004699454775994097,100.04699454775994
2005-12-16,5.2147499999999996,4.367187362637362,7.25,7.730769230769229,0.004350000000000036,0.001014375,0.005364375000000036,0.0036988757396450057,0.0008490449070160609,0.004547920646661066,0.0008164543533389695,100.12867835199692
2005-12-23,5.18675,4.7804026455026465,7.25,7.629629629629628,0.0020299999999999698,0.0010028365384615384,0.003032836538461508,-0.0315267956556476,0.000839843723584108,-0.030686951932063493,0.033719788470525,103.50499620585948
2005-12-30,5.10875,4.7015878306878305,7.25,7.629629629629628,0.005655000000000021,0.000997451923076923,0.006652451923076944,0.0060132784636489234,0.0009193082010582013,0.0069325866647071245,-0.00028013474163018047,103.47600086048993
2006-01-06,5.01525,4.600467756934425,7.25,7.685185185185183,0.0067787499999999775,0.000982451923076923,0.0077612019230769,0.0077712649273450835,0.0009041515059015059,0.00867541643324659,-0.0009142145101696895,103.38140159904894
2006-01-13,5.077999999999999,4.6172825717492385,7.25,7.648148148148147,-0.004549374999999958,0.0009644711538461539,-0.003584903846153804,-0.0012860219478737333,0.0008847053378720047,-0.0004013166100017286,-0.0031835872361520756,103.0522778884627
2006-01-20,5.10175,4.625319608786277,7.25,7.685185185185183,-0.001721875000000044,0.0009765384615384614,-0.0007453365384615825,-0.000617661179698304,0.0008879389561056229,0.00027027777640731884,-0.0010156143148689013,102.94761651985934
2006-01-27,5.072,4.638023312489979,7.25,7.685185185185183,0.002156874999999996,0.0009811057692307693,0.0031379807692307653,-0.0009763031550067699,0.0008894845401512071,-8.681861485556274e-05,0.0032247993840863283,103.27960193020573
2006-02-03,5.04225,4.720814814814815,7.25,7.685185185185183,0.002156874999999996,0.0009753846153846154,0.0031322596153846114,-0.006362680271260493,0.0008919275600942268,-0.005470752711166266,0.008603012326550877,104.16811761869256
2006-02-10,5.04675,4.707259259259258,7.25,7.685185185185183,-0.00032625000000001235,0.0009696634615384616,0.0006434134615384492,0.00104176954732517,0.0009078490028490028,0.0019496185501741727,-0.0013062050886357235,104.0320526933854
2006-02-17,5.0285,4.664222222222222,7.25,7.685185185185183,0.0013231250000000072,0.0009705288461538462,0.0022936538461538532,0.0033074759945129926,0.000905242165242165,0.004212718159755158,-0.0019190643136013045,103.83240849359083
2006-02-24,5.01225,4.654888888888889,7.375,7.685185185185183,0.0011984375000000235,0.0009670192307692308,0.002165456730769254,0.0007172839506172048,0.0008969658119658119,0.0016142497625830166,0.0005512069681862376,103.88964164067606
2006-03-03,5.00625,4.760092753629629,7.375,7.685185185185183,0.0004425000000000168,0.0009638942307692307,0.0014063942307692475,-0.008085111827297597,0.0008951709401709402,-0.007189940887126657,0.008596335117895905,104.78271181549744
2006-03-10,5.03025,4.802685346222221,7.25,7.685185185185183,-0.0017400000000000015,0.0009627403846153846,-0.0007772596153846169,-0.0032733196159121505,0.0009154024526210826,-0.002357917163291068,0.001580657547906451,104.9483373998187
2006-03-17,5.02575,4.766537198074073,7.375,7.685185185185183,0.0003318749999999471,0.0009673557692307692,0.0012992307692307162,0.0027780521262002486,0.0009235933358119656,0.003701645462012214,-0.002402414692781498,104.6962079720664
2006-03-24,5.083,4.739685346222222,7.25,7.685185185185183,-0.004150624999999986,0.0009664903846153847,-0.0031841346153846013,0.0020636145404663276,0.0009166417688603987,0.0029802563093267263,-0.006164390924711327,104.0508196177917
2006-03-31,5.0975,4.758796457333332,7.375,7.72222222222222,-0.0010693749999999968,0.0009775,-9.187499999999669e-05,-0.0014758024691357307,0.0009114779511965812,-0.0005643245179391495,0.00047244951793915283,104.0999783773613
2006-04-07,5.23275,4.936313061689842,7.25,7.648148148148145,-0.009805625000000005,0.0009802884615384615,-0.008825336538461544,-0.01357673288874785,0.0009151531648717946,-0.012661579723876056,0.0038362431854145115,104.49933121001322
2006-04-14,5.2705,4.956535283912063,7.25,7.611111111111109,-0.0027368749999999967,0.001006298076923077,-0.0017305769230769198,-0.0015391358024690785,0.0009492909734018927,-0.0005898448290671857,-0.001140732094009734,104.38012546909941
2006-04-21,5.207750000000001,4.942461209837989,7.25,7.611111111111109,0.004549374999999958,0.0010135576923076923,0.00556293269230765,0.0010711934156378469,0.0009531798622907814,0.0020243732779286283,0.0035385594143790217,104.74948074475216
2006-04-28,5.1705,4.957350098726878,7.25,7.648148148148147,0.002700625000000081,0.0010014903846153847,0.003702115384615466,-0.0011387242798353786,0.0009504733095842288,-0.00018825097025114987,0.003890366354866616,105.1569946003313
2006-05-05,5.218,5.039764309764308,7.25,7.611111111111111,-0.003443750000000023,0.0009943269230769229,-0.0024494230769231003,-0.006272637173404408,0.0009533365574474766,-0.005319300615956932,0.0028698775390338317,105.4587822972071
2006-05-12,5.22625,5.002764309764308,7.25,7.648148148148147,-0.0005981250000000227,0.0010034615384615384,0.0004053365384615157,0.0028298148148148084,0.0009691854441854439,0.003799000259000252,-0.003393663720538736,105.10089065371287
2006-05-19,5.2215,5.12287542087542,7.25,7.574074074074073,0.0003443750000000345,0.001005048076923077,0.0013494230769231115,-0.009097304526749032,0.0009620700595700594,-0.008135234467178972,0.009484657544102083,106.09773660914345
2006-05-26,5.183,5.1699124579124565,7.25,7.574074074074073,0.002791249999999998,0.0010041346153846153,0.0037953846153846137,-0.003562620027434771,0.00098516835016835,-0.0025774516772664206,0.006372836292651034,106.77388011557434
2006-06-02,5.44625,5.232885787703704,7.25,7.574074074074073,-0.019085625000000016,0.0009967307692307693,-0.018088894230769245,-0.004769646645300015,0.000994213934213934,-0.0037754327110860806,-0.014313461519683164,105.24557629123281
2006-06-09,5.4079999999999995,5.313589491407406,7.25,7.5370370370370345,0.0027731250000000407,0.0010473557692307692,0.00382048076923081,-0.006082668038408662,0.00100632418994302,-0.005076343848465642,0.008896824617696452,106.1819277252843
2006-06-16,5.428,5.34981171362963,7.25,7.5370370370370345,-0.0014500000000000335,0.00104,-0.0004100000000000336,-0.0027300823045268937,0.0010218441329629625,-0.0017082381715639312,0.0012982381715638976,106.31977715698748
2006-06-23,5.5255,5.329070972888887,7.375,7.499999999999998,-0.007190625000000011,0.0010438461538461539,-0.006146778846153857,0.0015555555555556873,0.0010288099449287749,0.002584365500484462,-0.008731144346638318,105.3914838357274
2006-06-30,5.5245,5.315033935851851,7.25,7.499999999999998,7.250000000002422e-05,0.0010625961538461538,0.001135096153846178,0.0010527777777777467,0.0010248213409401706,0.0020775991187179173,-0.0009425029648717394,105.29215204974001
2006-07-07,5.29275,5.317504585536156,7.25,7.499999999999998,0.01680187499999999,0.0010624038461538462,0.017864278846153835,-0.00018529872632289107,0.0010221219107407406,0.0008368231844178495,0.017027455661735986,107.08500950029571
2006-07-14,5.293,5.318467548499119,7.25,7.499999999999998,-1.8125000000022152e-05,0.0010178365384615384,0.0009997115384615162,-7.222222222222905e-05,0.00102259703568003,0.0009503748134578009,4.933672500371524e-05,107.09029272396144
2006-07-21,5.3175,5.285578659610229,7.25,7.5370370370370345,-0.0017762499999999814,0.0010178846153846154,-0.000758365384615366,0.00247884773662562,0.0010227822208652153,0.0035016299574908353,-0.004259995342106202,106.6340885757726
2006-07-28,5.27825,5.240282363313933,7.25,7.5370370370370345,0.0028456250000000005,0.0010225961538461539,0.0038682211538461544,0.0034139986282578265,0.0010164574345404285,0.0044304560627982555,-0.0005622349089521011,106.57413516869099
2006-08-04,5.1325,5.114410876900892,7.25,7.611111111111109,0.010566874999999972,0.0010150480769230768,0.011581923076923049,0.00958021868810371,0.0010077466083296025,0.010587965296433311,0.0009939577804897372,106.68006535954089
2006-08-11,5.11075,5.109373839863855,7.25,7.611111111111109,0.0015768749999999954,0.0009870192307692308,0.0025638942307692264,0.000383374485596718,0.0009835405532501716,0.0013669150388468895,0.0011969791919223369,106.80775917796919
2006-08-18,5.121499999999999,5.084781247271262,7.25,7.611111111111109,-0.0007793749999999223,0.0009828365384615385,0.00020346153846161627,0.0018717695473251291,0.0009825718922815104,0.0028543414396066395,-0.0026508799011450233,106.52462463587797
2006-08-25,5.0495,5.080336802826817,7.25,7.611111111111109,0.005219999999999941,0.0009849038461538459,0.006204903846153787,0.0003382716049382568,0.0009778425475521658,0.0013161141524904226,0.004888789693663365,107.0454011229192
2006-09-01,5.047,4.959455297844203,7.25,7.611111111111109,0.00018125000000002834,0.0009710576923076923,0.0011523076923077207,0.009200425657010111,0.0009769878466974649,0.010177413503707575,-0.009025105811399856,106.07930505116113
2006-09-08,5.0315,4.94586270525161,7.25,7.611111111111109,0.0011237499999999568,0.000970576923076923,0.0020943269230768798,0.001034547325102898,0.0009537414034315775,0.0019882887285344753,0.00010603819454240446,106.09055350914704
2006-09-15,5.02025,4.933307149696054,7.25,7.611111111111109,0.000815625000000031,0.000967596153846154,0.001783221153846185,0.0009556172839506581,0.0009511274433176173,0.0019067447272682753,-0.00012352357342209036,106.07744882487127
2006-09-22,4.9575000000000005,4.898566408955313,7.25,7.611111111111109,0.004549374999999958,0.0009654326923076923,0.0055148076923076505,0.002644156378600839,0.0009487129134030873,0.0035928692920039265,0.001921938400303724,106.28132314717405
2006-09-29,4.9745,4.894566408955313,7.25,7.611111111111109,-0.0012324999999999608,0.0009533653846153848,-0.0002791346153845761,0.0003044444444444108,0.0009420320017221756,0.0012464764461665864,-0.0015256110615511625,106.11917918494443
2006-10-06,4.9872499999999995,4.895400783424733,7.25,7.648148148148145,-0.0009243749999999706,0.0009566346153846154,3.22596153846448e-05,-6.381419553150945e-05,0.0009412627709529449,0.0008774485754214355,-0.0008451889600367907,106.02948842624913
2006-10-13,4.94775,4.889215598239547,7.375,7.648148148148145,0.002913124999999958,0.0009590865384615383,0.0038722115384614963,0.00047305212620031643,0.0009414232275816793,0.0014144753537819958,0.0024577361846795003,106.29008093659739
2006-10-20,4.92525,4.877252635276584,7.375,7.648148148148145,0.0016593749999999974,0.0009514903846153846,0.002610865384615382,0.0009149451303155165,0.0009402337688922206,0.0018551788992077372,0.0007556864854076448,106.37040291429408
2006-10-27,4.932250000000001,4.845363746387695,7.375,7.648148148148145,-0.0005162500000000414,0.0009471634615384616,0.0004309134615384202,0.0024389094650205897,0.0009379331990916507,0.0033768426641122406,-0.0029459292025738205,106.05704323805931
2006-11-03,4.76225,4.7224211194976435,7.625,7.648148148148145,0.012962500000000063,0.0009485096153846155,0.013911009615384677,0.009402834241776126,0.000931800720459172,0.010334634962235297,0.0035763746531493803,106.43634295928388
2006-11-10,4.73775,4.7069766750532,7.875,7.685185185185183,0.00192937499999998,0.0009158173076923077,0.0028451923076922877,0.0011869341563785268,0.0009081579075957007,0.0020950920639742276,0.0007501002437180601,106.5161808860781
2006-11-17,4.7385,4.706458156534682,7.625,7.648148148148145,-5.718750000000216e-05,0.0009111057692307693,0.0008539182692307672,3.9657064471867356e-05,0.0009051878221256154,0.0009448448865974827,-9.092661736671555e-05,106.5064957300553
2006-11-24,4.7357499999999995,4.700680378756903,7.75,7.685185185185183,0.00021312500000005396,0.0009112500000000001,0.001124375000000054,0.0004440329218107416,0.0009050881070259004,0.0013491210288366418,-0.0002247460288365879,106.48255881809467
2006-12-01,4.58625,4.73253703702339,7.75,7.648148148148145,0.01158624999999998,0.0009107211538461538,0.012496971153846135,-0.002436444419270207,0.000903976995914789,-0.001532467423355418,0.014029438577201552,107.97644933657638
2006-12-08,4.589499999999999,4.729425925912279,7.75,7.648148148148145,-0.00025187499999996366,0.0008819711538461539,0.0006300961538461903,0.00023794238683127203,0.000910103276350652,0.001148045663181924,-0.0005179495093357337,107.92052298762269
2006-12-15,4.63525,4.706129629615984,7.75,7.685185185185183,-0.0035456250000000657,0.0008825961538461537,-0.002663028846153912,0.001790363511659728,0.0009095049857523614,0.002699868497412089,-0.005362897343566001,107.34175630157611
2006-12-22,4.6865,4.709277777764132,7.5,7.685185185185183,-0.003843749999999968,0.0008913942307692308,-0.002952355769230737,-0.00024194101508917822,0.0009050249287723047,0.0006630839136831264,-0.0036154396829138633,106.95366865620971
2006-12-29,4.7865,5.014767857129698,7.5,7.589285714285713,-0.00750000000000004,0.0009012499999999999,-0.0065987500000000395,-0.023184514951850945,0.0009056303418777177,-0.022278884609973227,0.01568013460997319,108.63071657776955
2007-01-05,4.71275,5.113321752453844,7.625,7.589285714285713,0.005623437500000032,0.0009204807692307694,0.006543918269230802,-0.007479536698707529,0.0009643784340634034,-0.006515158264644125,0.013059076533874926,110.04933341948832
2007-01-12,4.646749999999999,5.138214609596701,7.5,7.589285714285713,0.004950000000000054,0.0009062980769230769,0.005856298076923131,-0.0018891900510203672,0.0009833311062411238,-0.0009058589447792434,0.006762157021702375,110.7935042922046
2007-01-19,4.617,5.128071752453842,7.75,7.589285714285713,0.0023056249999999267,0.000893605769230769,0.0031992307692306956,0.0007697704081634066,0.0009881181941532118,0.0017578886023166184,0.0014413421669140771,110.95319564176114
2007-01-26,4.6225,5.12478603816813,7.75,7.589285714285713,-0.0004262499999999702,0.0008878846153846155,0.00046163461538464525,0.0002493622448977439,0.000986167644702662,0.001235529889600406,-0.0007738952742157607,110.86732948799485
2007-02-02,4.7435,5.148959864594361,7.75,7.589285714285713,-0.009377500000000035,0.0008889423076923076,-0.008488557692307728,-0.0018346207555621572,0.0009855357765707943,-0.000849084978991363,-0.007639472713316365,110.02036154957307
2007-02-09,4.7485,5.140495578880076,7.75,7.589285714285713,-0.00038749999999999175,0.0009122115384615384,0.0005247115384615466,0.000642378826530569,0.0009901845893450693,0.0016325634158756382,-0.0011078518774140917,109.89847528547658
2007-02-16,4.719,5.1263170074515045,7.75,7.589285714285713,0.002286249999999972,0.0009131730769230769,0.003199423076923049,0.0010760522959183628,0.0009885568420923223,0.002064609138010685,0.0011348139389123638,110.02318960709576
2007-02-23,4.721,5.106781293165791,7.75,7.624999999999998,-0.00015499999999998292,0.0009075000000000001,0.0007525000000000172,0.0014895982142856575,0.000985830193740674,0.0024754284080263315,-0.0017229284080263144,109.83362752818002
2007-03-02,4.621,5.095143323488351,7.75,7.589285714285713,0.007749999999999973,0.0009078846153846154,0.008657884615384588,0.0008832387701628583,0.000982073325608806,0.0018653120957716643,0.006792572519612924,110.57968040825735
2007-03-09,4.638249999999999,5.096643323488351,7.75,7.589285714285713,-0.001336874999999913,0.0008886538461538462,-0.0004482211538460668,-0.00011383928571429,0.0009798352545169907,0.0008659959688027007,-0.0013142171226487673,110.43435469884777
2007-03-16,4.55425,5.093464752059778,7.875,7.589285714285713,0.006614999999999972,0.0008919711538461537,0.007506971153846125,0.00024123086734706024,0.000980123716055452,0.0012213545834025123,0.006285616570443613,111.1285027086891
2007-03-23,4.5885,5.0888933234883496,7.875,7.624999999999998,-0.0026971875000000086,0.0008758173076923077,-0.001821370192307701,0.0003485714285714191,0.000979512452319188,0.0013280838808906073,-0.003149454073198308,110.77850859318478
2007-03-30,4.6114999999999995,5.050250466345492,7.875,7.624999999999998,-0.0018112499999999752,0.000882403846153846,-0.0009288461538461292,0.002946517857142878,0.0009786333314400673,0.003925151188582945,-0.004853997342429074,110.24079000687522
2007-04-06,4.530749999999999,5.202999440259399,7.875,7.589285714285713,0.006359062500000008,0.000886826923076923,0.007245889423076931,-0.011592556055966133,0.0009712020127587485,-0.010621354043207385,0.017867243466284315,112.21048904184356
2007-04-13,4.478,5.2138565831165415,7.875,7.589285714285713,0.004154062499999971,0.0008712980769230768,0.005025360576923048,-0.0008239795918367208,0.0010005768154344999,0.0001765972235977791,0.004848763353325269,112.75457114896834
2007-04-20,4.45725,5.168749440259399,7.875,7.589285714285713,0.0016340624999999687,0.0008611538461538461,0.0024952163461538146,0.003423309948979586,0.0010026647275224118,0.004425974676501998,-0.0019307583303481831,112.53686932143762
2007-04-27,4.44625,5.158392297402256,7.875,7.624999999999998,0.0008662500000000095,0.0008571634615384615,0.001723413461538471,0.0007897321428571501,0.0009939902769729612,0.0017837224198301114,-6.030895829164029e-05,112.53008234007945
2007-05-04,4.461,5.218136168240826,7.875,7.607142857142856,-0.0011615625000000209,0.0008550480769230769,-0.00030651442307694395,-0.004544801603076951,0.0009919985187312032,-0.0035528030843457476,0.0032462886612688036,112.89538747043169
2007-05-11,4.41875,5.196529025383683,7.875,7.607142857142856,0.0033271875000000094,0.0008578846153846155,0.004185072115384625,0.0016436862244898355,0.0010034877246616974,0.0026471739491515326,0.0015378981662330926,113.06900907979865
2007-05-18,4.42425,5.179029025383682,7.875,7.607142857142856,-0.0004331249999999698,0.0008497596153846155,0.00041663461538464573,0.0013312500000000728,0.0009993325048814775,0.00233058250488155,-0.0019139478894969043,112.85260088850283
2007-05-25,4.61125,5.184243311097969,7.875,7.607142857142856,-0.014726250000000022,0.0008508173076923076,-0.013875432692307715,-0.0003966581632654337,0.0009959671202660926,0.0005993089570006588,-0.014474741649308374,111.21908864618926
2007-06-01,4.66175,5.394045386904763,7.875,7.535714285714285,-0.003976874999999964,0.0008867788461538462,-0.0030900961538461178,-0.015810084998297655,0.0009969698675188403,-0.014813115130778815,0.011723018976932696,112.52291213298568
2007-06-08,4.707750000000001,5.448402529761904,7.875,7.4642857142857135,-0.0036225000000000905,0.0008964903846153846,-0.002726009615384706,-0.004057372448979502,0.0010373164205586083,-0.003020056028420894,0.0002940464130361878,112.55599909168276
2007-06-15,4.796749999999999,5.45668824404762,7.875,7.4642857142857135,-0.007008749999999893,0.0009053365384615387,-0.006103413461538354,-0.0006184693877552138,0.0010477697172619046,0.0004293003295066909,-0.0065327137910450445,111.82070296415168
2007-06-22,4.7915,5.47961681547619,7.875,7.4642857142857135,0.00041343749999994575,0.000922451923076923,0.0013358894230768687,-0.0017114540816325187,0.0010493631238553116,-0.0006620909577772071,0.0019979803808540756,112.04411853484737
2007-06-29,4.792999999999999,5.4858311011904775,7.875,7.4642857142857135,-0.00011812499999993453,0.0009214423076923077,0.0008033173076923731,-0.0004638520408164767,0.001053772464514652,0.0005899204236981751,0.00021339688399419797,112.06802840061259
2007-07-06,4.95275,5.488609551010668,7.875,7.4642857142857135,-0.012580312500000058,0.0009217307692307691,-0.01165858173076929,-0.00020739143300705075,0.0010549675194597072,0.0008475760864526565,-0.012506157817221947,110.6664879511696
2007-07-13,5.7168,5.470752408153526,7.5,7.4642857142857135,-0.057303750000000014,0.0009524519230769232,-0.056351298076923094,0.0013329081632652018,0.0010555018367328208,0.0023884099999980225,-0.05873970807692112,104.16597075501979
2007-07-20,5.6312,5.472395265296383,7.5,7.499999999999999,0.006420000000000026,0.0010993846153846154,0.007519384615384641,-0.00012321428571424595,0.001052067770798755,0.000928853485084509,0.006590531130300132,104.85247982799868
2007-07-27,5.657000000000001,5.497680979582097,7.5,7.499999999999999,-0.0019350000000000864,0.001082923076923077,-0.0008520769230770094,-0.0018964285714285762,0.001052383704864689,-0.0008440448665638872,-8.032056513122138e-06,104.85163764695515
2007-08-03,5.6844,5.400756246474167,7.5,7.535714285714285,-0.00205499999999994,0.0010878846153846156,-0.0009671153846153246,0.007303970959204752,0.0010572463422273263,0.008361217301432078,-0.009328332686047403,103.87354668830746
2007-08-10,5.675000000000001,5.404899103617024,7.5,7.535714285714285,0.0007049999999999557,0.0010931538461538461,0.0017981538461538018,-0.0003121938775510099,0.0010386069704758014,0.0007264130929247915,0.0010717407532290103,103.98487220147577
2007-08-17,5.714600000000001,5.495434817902739,7.5,7.499999999999998,-0.002970000000000006,0.0010913461538461541,-0.001878653846153852,-0.0067901785714286275,0.0010394036737725045,-0.005750774897656123,0.0038721210515022713,104.38751421416488
2007-08-24,5.8895,5.48386338933131,7.416666666666666,7.499999999999998,-0.012971749999999936,0.0010989615384615387,-0.011872788461538398,0.0008678571428571755,0.0010568143880582191,0.0019246715309153947,-0.013797459992453793,102.94723166308324
2007-08-31,5.911,5.456149103617023,7.416666666666666,7.499999999999998,-0.0015945833333333057,0.001132596153846154,-0.0004619871794871518,0.0020785714285714847,0.001054589113332944,0.0031331605419044287,-0.0035951477213915805,102.57712115774613
2007-09-07,5.847666666666666,5.433692190137994,7.416666666666666,7.535714285714284,0.004697222222222231,0.0011367307692307692,0.005833952991453,0.0016922888371697104,0.0010492594430032737,0.002741548280172984,0.003092404711280016,102.89433113048388
2007-09-14,5.838,5.413585047280851,7.416666666666666,7.535714285714284,0.0007169444444443983,0.001124551282051282,0.0018414957264956803,0.0015152168367347286,0.001044940805795768,0.0025601576425304967,-0.0007186619160348164,102.82038489332453
2007-09-21,5.8661666666666665,5.368192190137994,7.416666666666666,7.57142857142857,-0.0020890277777777617,0.0011226923076923076,-0.0009663354700854541,0.0034368877551020135,0.0010410740475540097,0.004477961802656023,-0.005444297272741478,102.26060015226757
2007-09-28,5.8945,5.341370761566565,7.416666666666666,7.57142857142857,-0.0021013888888888874,0.0011281089743589744,-0.000973279914529913,0.002030765306122481,0.0010323446519496142,0.0030631099580720952,-0.0040363898726020085,101.84783650144675
2007-10-05,5.888833333333333,5.355918297066115,7.416666666666666,7.589285714285713,0.0004202777777777644,0.0011335576923076922,0.0015538354700854566,-0.0011040540334479832,0.001027186684916647,-7.686734853133616e-05,0.0016307028186167928,102.0139200554997
2007-10-12,5.9559999999999995,5.368454011351829,7.416666666666666,7.589285714285713,-0.004981527777777739,0.0011324679487179487,-0.0038490598290597906,-0.0009513711734693562,0.0010299842878973297,7.861311442797355e-05,-0.003927672943487764,101.61324274183858
2007-10-19,5.943999999999999,5.357311154208972,7.416666666666666,7.589285714285713,0.0008900000000000337,0.0011453846153846154,0.002035384615384649,0.0008456632653060869,0.001032395002183044,0.0018780582674891308,0.00015732634789551812,101.62922918221697
2007-10-26,5.981499999999999,5.369846868494687,7.416666666666666,7.553571428571427,-0.0027812499999999734,0.0011430769230769229,-0.0016381730769230505,-0.000946894132653097,0.0010302521450401868,8.335801238708979e-05,-0.0017215310893101403,101.45427130459717
2007-11-02,6.013666666666667,5.2423505680739915,7.416666666666666,7.553571428571427,-0.0023856944444445934,0.0011502884615384613,-0.001235405982906132,0.009630524121063229,0.0010326628593259014,0.010663186980389129,-0.01189859296329526,100.24710822595604
2007-11-09,6.097166666666666,5.293850568073992,7.249999999999998,7.553571428571427,-0.006053749999999927,0.0011564743589743591,-0.004897275641025568,-0.0038900892857143426,0.0010081443400142291,-0.0028819449457001137,-0.0020153306953254544,100.04507715163066
2007-11-16,6.036499999999999,5.290207710931134,7.249999999999998,7.553571428571427,0.0043983333333333634,0.0011725320512820513,0.0055708653846154145,0.00027516581632660805,0.0010180481861680754,0.0012932140024946835,0.004277651382120731,100.47303511418274
2007-11-23,6.141833333333333,5.325743425216849,7.249999999999998,7.553571428571427,-0.0076366666666666605,0.0011608653846153845,-0.006475801282051276,-0.0026842155612245683,0.0010173476367175258,-0.0016668679245070426,-0.004808933357544233,99.98986698408842
2007-11-30,6.134999999999999,5.333957710931135,7.249999999999998,7.553571428571427,0.0004954166666666925,0.0011811217948717947,0.001676538461538487,-0.0006204719387755111,0.001024181427926317,0.00040370948915080594,0.0012728289723876812,100.11713698373097
2007-12-07,6.058999999999999,5.382359354269904,7.083333333333332,7.535714285714284,0.005383333333333306,0.001179807692307692,0.006563141025640998,-0.0036474095516000962,0.0010257610982559876,-0.0026216484533441086,0.009184789478985107,101.03669181016525
2007-12-14,6.171333333333333,5.395109354269904,7.083333333333332,7.535714285714284,-0.007956944444444478,0.0011651923076923076,-0.00679175213675217,-0.0009608035714285406,0.001035069106590366,7.426553516182545e-05,-0.006866017671913995,100.34297209868495
2007-12-21,6.152166666666666,5.419966497127047,7.083333333333332,7.535714285714284,0.0013576388888889121,0.0011867948717948717,0.0025444337606837838,-0.001873163265306126,0.0010375210296672893,-0.0008356422356388367,0.0033800759963226205,100.68213897007539
2007-12-28,5.950499999999999,5.431395068555618,7.25,7.535714285714284,0.014620833333333364,0.0011831089743589744,0.015803942307692338,-0.0008612244897959285,0.001042301249447509,0.00018107675965158042,0.015622865548040758,102.25508249029403
2008-01-04,5.834,5.319626994418831,7.416666666666666,7.553571428571427,0.00864041666666662,0.0011443269230769228,0.009784743589743542,0.008442481314260874,0.0010444990516453112,0.009486980365906186,0.00029776322383735614,102.28553029331009
2008-01-11,5.958833333333333,5.280555565847402,7.416666666666666,7.553571428571427,-0.009258472222222206,0.0011219230769230768,-0.00813654914529913,0.002951288265306144,0.0010230051912343907,0.003974293456540535,-0.012110842601839665,101.0467663354821
2008-01-18,5.999499999999999,5.257376994418831,7.249999999999999,7.553571428571427,-0.00294833333333333,0.001145929487179487,-0.0018024038461538431,0.001750809948979613,0.0010154914549706543,0.0027663014039502674,-0.00456870525010411,100.58511344361915
2008-01-25,5.858833333333333,5.273269851561688,7.416666666666666,7.553571428571427,0.01043277777777775,0.0011537499999999998,0.01158652777777775,-0.0012004783163265312,0.0010110340373882367,-0.00018944427893829454,0.011775972056716044,101.76960092885284
2008-02-01,5.927333333333333,5.250378061241496,7.249999999999999,7.535714285714284,-0.004966250000000016,0.001126698717948718,-0.0038395512820512978,0.0017250599134144644,0.0010140903560695554,0.00273915026948402,-0.006578701551535318,101.10008909732306
2008-02-08,5.952499999999999,5.289306632670067,7.249999999999999,7.535714285714284,-0.001824583333333245,0.0011398717948717949,-0.0006847115384614501,-0.002933545918367346,0.0010096880887002877,-0.001923857829667058,0.001239146291205608,101.22536689776858
2008-02-15,5.9191666666666665,5.298556632670067,7.249999999999999,7.535714285714284,0.0024166666666665935,0.0011447115384615382,0.003561378205128132,-0.000697053571428553,0.0010171743524365515,0.0003201207810079985,0.0032412574241201335,101.55346436973525
2008-02-22,5.969333333333333,5.298878061241496,7.249999999999999,7.535714285714284,-0.003637083333333335,0.001138301282051282,-0.002498782051282053,-2.4221938775511118e-05,0.0010189531985903976,0.0009947312598148864,-0.003493513311096939,101.19868599017157
2008-02-29,5.998666666666667,5.300449489812924,7.249999999999999,7.535714285714284,-0.00212666666666669,0.001147948717948718,-0.0009787179487179718,-0.00011841836734692094,0.0010190150117772108,0.0009005966444302899,-0.0018793145931482618,101.0085018227828
2008-03-07,5.9399999999999995,5.297086842112782,7.249999999999999,7.535714285714284,0.00425333333333338,0.0011535897435897436,0.005406923076923123,0.00025339952311781395,0.0010193172095794084,0.0012727167326972222,0.004134206344225901,101.42609181183933
2008-03-14,5.952999999999999,5.315801127827067,7.249999999999999,7.535714285714284,-0.0009424999999999927,0.0011423076923076923,0.00019980769230769954,-0.0014102551020407134,0.0010186705465601504,-0.00039158455548056297,0.0005913922477882625,101.4860744162603
2008-03-21,6.014666666666667,5.310658270684211,7.249999999999999,7.535714285714284,-0.004470833333333387,0.0011448076923076921,-0.003326025641025695,0.000387551020408044,0.0010222694476590512,0.0014098204680670953,-0.0047358461090927905,101.00545198560896
2008-03-28,6.078666666666666,5.365443984969925,7.249999999999999,7.535714285714284,-0.004639999999999939,0.0011566666666666667,-0.0034833333333332724,-0.004128494897959161,0.0010212804366700407,-0.0031072144612891203,-0.0003761188720441521,100.96746192893782
2008-04-04,6.032666666666667,5.4904423635076745,7.249999999999999,7.535714285714284,0.003334999999999954,0.0011689743589743588,0.004503974358974313,-0.009419520668380392,0.001031816150955755,-0.008387704517424637,0.01289167887639895,102.26910202509072
2008-04-11,6.044833333333333,5.521442363507675,7.249999999999999,7.499999999999998,-0.0008820833333333167,0.001160128205128205,0.0002780448717948884,-0.0023250000000000427,0.0010558543006745527,-0.00126914569932549,0.0015471905711203784,102.42733181546089
2008-04-18,6.143666666666666,5.552763792079104,7.249999999999999,7.499999999999998,-0.007165416666666665,0.0011624679487179487,-0.006002948717948717,-0.002349107142857187,0.0010618158391360914,-0.0012872913037210957,-0.004715657414227622,101.94431960876575
2008-04-25,6.1685,5.623763792079103,7.249999999999999,7.464285714285713,-0.0018004166666666774,0.001181474358974359,-0.0006189423076923184,-0.005299642857142769,0.0010678391907844433,-0.004231803666358326,0.0036128613586660077,102.31263030181574
2008-05-02,6.150333333333333,5.700372429016432,7.249999999999999,7.464285714285713,0.001317083333333333,0.00118625,0.002503333333333333,-0.0057182875428220484,0.001081493036938289,-0.00463679450588376,0.007140127839217093,103.04315556173727
2008-05-09,6.172666666666665,5.7345867147307175,7.249999999999999,7.464285714285713,-0.0016191666666665848,0.0011827564102564103,-0.0004364102564101745,-0.0025538520408163123,0.0010962254671185447,-0.0014576265736977675,0.001021216317287593,103.14838491358171
2008-05-16,6.196,5.7263010004450035,7.249999999999999,7.464285714285713,-0.0016916666666667377,0.0011870512820512818,-0.0005046153846154559,0.0006184693877550812,0.0011028051374482148,0.0017212745252032959,-0.0022258899098187516,102.91878796438847
2008-05-23,6.210333333333333,5.754693857587859,7.249999999999999,7.464285714285713,-0.0010391666666666488,0.0011915384615384613,0.00015237179487181257,-0.002119323979591718,0.0011012117308548083,-0.0010181122487369096,0.0011704840436087222,103.03925276348834
2008-05-30,6.386666666666667,5.78519385758786,7.0,7.464285714285713,-0.012343333333333373,0.0011942948717948718,-0.011149038461538502,-0.0022766071428572065,0.0011066718956899728,-0.0011699352471672337,-0.009979103214371269,102.0110134250298
2008-06-06,6.551,6.03979729129286,6.833333333333332,7.357142857142856,-0.01122944444444445,0.0012282051282051282,-0.010001239316239321,-0.018731538336867876,0.0011125372803053577,-0.017619001056562517,0.007617761740323196,102.7881090201906
2008-06-13,6.690333333333333,6.145047291292861,6.833333333333332,7.357142857142856,-0.009521111111111093,0.0012598076923076922,-0.008261303418803401,-0.0077433928571429105,0.0011614994790947809,-0.006581893378048129,-0.0016794100407552717,102.61548563783185
2008-06-20,7.127833333333332,6.131440148435718,6.666666666666666,7.357142857142856,-0.029166666666666605,0.0012866025641025641,-0.02788006410256404,0.0010010969387754826,0.0011817398637101655,0.002182836802485648,-0.030062900905049688,99.53056646177816
2008-06-27,7.301166666666666,6.158225862721432,6.666666666666666,7.357142857142856,-0.011555555555555585,0.0013707371794871792,-0.010184818376068406,-0.001970663265306066,0.0011791231054684075,-0.0007915401598376584,-0.009393278216230747,98.59564815998364
2008-07-04,8.1515,6.183774074119116,6.666666666666666,7.357142857142856,-0.05668888888888894,0.0014040705128205125,-0.055284818376068426,-0.00187961840997246,0.001184274204369506,-0.000695344205602954,-0.054589474170465474,93.21336357143392
2008-07-11,8.115499999999999,6.147881216976259,6.666666666666666,7.357142857142856,0.002400000000000091,0.001567596153846154,0.003967596153846245,0.002640688775510173,0.0011891873219459837,0.0038298760974561567,0.00013772005639008838,93.22620092112129
2008-07-18,7.664833333333332,6.106738359833402,6.666666666666666,7.357142857142856,0.030044444444444447,0.0015606730769230767,0.03160511752136752,0.0030269387755101876,0.0011822848494185115,0.004209223624928699,0.027395893896438824,95.78021602992442
2008-07-25,7.7861666666666665,6.028452645547688,6.666666666666666,7.3928571428571415,-0.008088888888888946,0.00147400641025641,-0.006614882478632535,0.005787551020408162,0.0011743727615064236,0.006961923781914586,-0.013576806260547122,94.47982659329278
2008-08-01,7.470333333333333,5.795436744611833,6.833333333333332,7.482142857142856,0.021581944444444476,0.0014973397435897435,0.02307928418803422,0.01743458258787913,0.0011593178164514785,0.01859390040433061,0.004485383783703608,94.90360487538146
2008-08-08,7.595166666666667,5.758936744611834,6.833333333333332,7.482142857142856,-0.008530277777777824,0.001436602564102564,-0.0070936752136752605,0.0027309821428570906,0.0011145070662715063,0.003845489209128597,-0.010939164422803857,93.86543873733287
2008-08-15,7.5325,5.7500081731832635,6.833333333333332,7.482142857142856,0.004282222222222235,0.0014606089743589743,0.005742831196581209,0.0006680484693876695,0.0011074878355022758,0.0017755363048899452,0.003967294891691264,94.23783061294185
2008-08-22,7.571166666666667,5.74990103032612,6.666666666666666,7.482142857142855,-0.00257777777777779,0.0014485576923076923,-0.0011292200854700976,8.016581632719817e-06,0.001105770802535243,0.0011137873841679628,-0.00224300746963806,94.02645445495455
2008-08-29,7.484166666666666,5.718615316040405,6.833333333333332,7.482142857142855,0.005945000000000042,0.0014559935897435897,0.007400993589743632,0.002340841836734715,0.0011057501981396383,0.0034465920348743535,0.003954401554869279,94.39827281265008
2008-09-05,7.3255,5.670732154832661,6.833333333333332,7.446428571428569,0.01084222222222218,0.0014392628205128202,0.012281485042735001,0.0035655853970766958,0.0010997337146231548,0.00466531911169985,0.007616165931035151,95.11722572199434
2008-09-12,7.358499999999999,5.6609464405469465,6.833333333333332,7.517857142857141,-0.0022549999999999636,0.00140875,-0.0008462499999999636,0.0007356760204081464,0.0010905254143908963,0.0018262014347990426,-0.002672451434799006,94.8630295556395
2008-09-19,7.292,5.702910726261233,6.833333333333332,7.482142857142855,0.004544166666666636,0.0014150961538461537,0.0059592628205127895,-0.0031398278061224786,0.001088643546259028,-0.0020511842598634504,0.00801044708037624,95.62292483377914
2008-09-26,7.270666666666667,5.686339297689805,6.833333333333332,7.482142857142855,0.0014577777777777384,0.0014023076923076923,0.0028600854700854307,0.0012398979591836316,0.001096713601204083,0.0023366115603877147,0.000523473909697716,95.67298094009861
2008-10-03,7.2573333333333325,5.593000841818786,6.833333333333332,7.517857142857141,0.0009111111111111927,0.0013982051282051282,0.0023093162393163207,0.007017051771731918,0.0010935267880172702,0.008110578559749188,-0.0058012623204328675,95.11795688068732
2008-10-10,7.328999999999999,5.794429413247359,6.833333333333332,7.446428571428569,-0.004897222222222198,0.0013956410256410255,-0.0035015811965811725,-0.014999234693877652,0.001075577084965151,-0.013923657608912501,0.010422076412331328,96.10928349548267
2008-10-17,7.437833333333334,5.784286556104502,6.916666666666666,7.446428571428569,-0.007527638888888996,0.0014094230769230768,-0.00611821581196592,0.0007552806122449043,0.0011143133487014152,0.0018695939609463196,-0.00798780977291224,95.34158082150985
2008-10-24,7.3645,6.061643698961643,6.916666666666666,7.446428571428569,0.005072222222222277,0.001430352564102564,0.006502574786324842,-0.02065320153061214,0.0011123627992508658,-0.019540838731361275,0.026043413517686118,97.82460103627433
2008-10-31,7.3705,5.99217941324736,6.916666666666666,7.446428571428569,-0.00041500000000001567,0.00141625,0.0010012499999999844,0.005172608418367167,0.0011657007113387776,0.006338309129705944,-0.005337059129705959,97.30250535620384
2008-11-07,7.634166666666666,5.774288364605855,6.749999999999999,7.482142857142855,-0.017797499999999983,0.001417403846153846,-0.016380096153846137,0.01630291953228402,0.0011523421948552615,0.017455261727139283,-0.03383535788098542,94.01024026476018
2008-11-14,7.6080000000000005,5.736145507463,6.833333333333332,7.482142857142855,0.0017880555555554948,0.0014681089743589744,0.0032561645299144693,0.0028539030612243312,0.0011104400701165106,0.003964343131340841,-0.0007081786014263721,93.94366422428972
2008-11-21,7.414,5.767895507462998,6.916666666666666,7.482142857142855,0.01341833333333339,0.0014630769230769233,0.014881410256410313,-0.002375580357142703,0.0011031049052813461,-0.0012724754518613568,0.01615388570827167,95.46121943918516
2008-11-28,7.626666666666667,5.6161097931772845,6.749999999999999,7.499999999999998,-0.014355000000000034,0.0014257692307692307,-0.012929230769230804,0.011383928571428512,0.001109210674512115,0.012493139245940628,-0.025422370015171433,93.03436899650272
2008-12-05,7.0655,5.148959351099576,7.083333333333333,7.57142857142857,0.039749305555555565,0.0014666666666666667,0.04121597222222223,0.035369962043026525,0.0010800211140725548,0.03644998315709908,0.004765989065123148,93.47776978182067
2008-12-12,6.936999999999999,5.088352208242432,7.166666666666666,7.607142857142856,0.009209166666666718,0.00135875,0.010567916666666718,0.004610471938775594,0.0009901844905960723,0.0056006564293716666,0.004967260237295052,93.94209819072891
2008-12-19,6.065333333333332,4.868637922528147,7.416666666666666,7.714285714285713,0.06464861111111114,0.0013340384615384614,0.0659826495726496,0.01694938775510197,0.0009785292708158523,0.01792791702591782,0.048054732546731774,98.4564605941632
2008-12-26,6.1155,4.822602208242433,7.416666666666666,7.714285714285713,-0.0037206944444445125,0.0011664102564102562,-0.002554284188034256,0.0035513265306122187,0.0009362765235631052,0.004487603054175324,-0.00704188724220958,97.76314130039206
2009-01-02,6.112499999999999,4.87189810841052,7.416666666666666,7.678571428571427,0.00022250000000007428,0.0011760576923076924,0.0013985576923077666,-0.00378522090576386,0.0009274235015850833,-0.002857797404178777,0.0042563550964865434,98.17925594511452
2009-01-09,6.084666666666665,4.871826679839092,7.333333333333333,7.607142857142856,0.0020411111111111307,0.0011754807692307692,0.0032165918803418996,5.433673469365438e-06,0.0009369034823866386,0.000942337155856004,0.0022742547244858956,98.4025405817942
2009-01-16,6.225,4.864683822696235,7.333333333333333,7.6428571428571415,-0.010291111111111181,0.0011701282051282049,-0.009120982905982976,0.0005459183673469368,0.0009368897461229023,0.001482808113469839,-0.010603791019452816,97.35910060568162
2009-01-23,6.2268333333333326,4.867933822696235,7.333333333333333,7.624999999999999,-0.00013444444444441335,0.0011971153846153846,0.0010626709401709712,-0.0002478125000000319,0.000935516119749276,0.0006877036197492441,0.00037496732042172705,97.3956070867544
2009-01-30,6.292833333333333,4.885219536981949,7.249999999999999,7.678571428571427,-0.004785000000000052,0.0011974679487179486,-0.0035875320512821036,-0.0013272959183672833,0.0009361411197492761,-0.00039115479861800723,-0.0031963772526640965,97.08429398375289
2009-02-06,6.345166666666666,4.960318148501945,7.083333333333333,7.624999999999998,-0.003706944444444382,0.0012101602564102564,-0.0024967841880341258,-0.0057262691283997,0.0009394652955734517,-0.004786803832826248,0.0022900196447921224,97.30661892417646
2009-02-13,6.342,5.068389577073375,7.166666666666666,7.6428571428571415,0.00022694444444440354,0.0012202243589743587,0.0014471688034187623,-0.008259744897959269,0.000953907336250374,-0.007305837561708895,0.008753006365127656,98.15834437898882
2009-02-20,6.281666666666666,5.069568148501946,7.166666666666666,7.607142857142856,0.00432388888888889,0.0012196153846153845,0.005543504273504274,-8.965561224490135e-05,0.0009746903032833413,0.0008850346910384399,0.004658469582465834,98.61561204054354
2009-02-27,6.330833333333333,5.055925291359089,7.083333333333333,7.589285714285713,-0.0034826388888888667,0.0012080128205128203,-0.0022746260683760462,0.0010353954081632594,0.0009749169516349896,0.002010312359798249,-0.004284938428174295,98.19305021489309
2009-03-06,6.146166666666666,5.0424022028419175,7.333333333333333,7.607142857142856,0.013542222222222228,0.0012174679487179487,0.014759690170940178,0.0010287206621991207,0.0009722933252613632,0.002001013987460484,0.012758676183479693,99.44586354605308
2009-03-13,6.2405,5.028795059984775,7.249999999999999,7.607142857142856,-0.006839166666666718,0.001181955128205128,-0.00565721153846159,0.001035114795918339,0.0009696927313157534,0.0020048075272340923,-0.007662019065695682,98.68390744355865
2009-03-20,6.144166666666666,4.94383077427049,7.249999999999999,7.607142857142856,0.006984166666666702,0.0012000961538461538,0.008184262820512855,0.006463354591836708,0.0009670759730739953,0.007430430564910703,0.0007538322556021517,98.75829855609847
2009-03-27,6.233666666666665,4.956045059984776,7.249999999999999,7.607142857142856,-0.006488749999999945,0.0011815705128205127,-0.005307179487179433,-0.0009291581632653413,0.0009507366873597096,2.1578524094368343e-05,-0.005328758011273801,98.2320394814879
2009-04-03,6.168666666666667,4.983702684180073,7.249999999999999,7.553571428571427,0.004712499999999898,0.0011987820512820509,0.0059112820512819495,-0.002089138399037599,0.0009530855884586108,-0.001136052810578988,0.007047334861860937,98.92431355787748
2009-04-10,6.147499999999999,4.993238398465788,7.249999999999999,7.553571428571427,0.0015345833333334058,0.0011862820512820514,0.002720865384615457,-0.0007202869897960126,0.0009584043623423217,0.00023811737254630905,0.0024827480120691477,99.1699177007086
2009-04-17,6.097666666666665,4.9790955413229305,7.249999999999999,7.589285714285713,0.0036129166666667026,0.0011822115384615382,0.004795128205128241,0.0010733418367347345,0.0009602381535511131,0.0020335799902858475,0.0027615482148423934,99.44378020990105
2009-04-24,6.159166666666666,4.975559827037217,7.249999999999999,7.535714285714284,-0.004458750000000039,0.0011726282051282048,-0.0032861217948718345,0.0002664413265305553,0.0009575183733313327,0.001223959699861888,-0.004510081494733723,98.99528065701001
2009-05-01,5.961166666666667,5.094998127899036,7.249999999999999,7.5178571428571415,0.014354999999999897,0.001184455128205128,0.015539455128205025,-0.00897920083264744,0.0009568384282763879,-0.008022362404371052,0.02356181753257608,101.32778939643663
2009-05-08,6.022666666666666,5.0892838421847495,7.249999999999999,7.5178571428571415,-0.004458749999999911,0.0011463782051282052,-0.0033123717948717055,0.00042959183673473234,0.0009798073322882762,0.0014093991690230085,-0.004721770963894714,100.8493427826289
2009-05-15,6.076166666666666,5.057248127899035,7.249999999999999,7.5178571428571415,-0.003878749999999975,0.001158205128205128,-0.0027205448717948473,0.0024083992346939013,0.000978708431189375,0.0033871076658832763,-0.006107652537678124,100.2333900382594
2009-05-22,6.255166666666667,5.063998127899035,7.249999999999999,7.553571428571427,-0.012977500000000083,0.0011684935897435895,-0.011809006410256492,-0.0005098660714285907,0.0009725477169036605,0.0004626816454750698,-0.012271688055731563,99.00335714294141
2009-05-29,6.220166666666666,5.065105270756178,7.249999999999999,7.553571428571427,0.0025375000000000744,0.0012029166666666668,0.0037404166666667412,-8.362882653063776e-05,0.0009738457938267375,0.0008902169672960998,0.0028501996993706416,99.2855364817069
2009-06-05,6.486833333333332,5.208200544040865,7.083333333333333,7.5178571428571415,-0.018888888888888886,0.0011961858974358973,-0.017692702991452987,-0.010757698223723794,0.0009740587059146496,-0.009783639517809145,-0.007909063473643842,98.5002808716583
2009-06-12,6.484333333333333,5.248629115469437,7.083333333333333,7.482142857142856,0.0001770833333332981,0.0012474679487179485,0.0014245512820512465,-0.003024923469387759,0.0010015770277001664,-0.0020233464416875924,0.003447897723738839,98.83989976586334
2009-06-19,6.3935,5.233593401183723,7.083333333333333,7.5178571428571415,0.006434027777777714,0.0012469871794871792,0.007681014957264893,0.0011303635204081616,0.0010093517529748916,0.002139715273383053,0.00554129968388184,99.38760127119082
2009-06-26,6.273333333333333,5.224914829755151,7.083333333333333,7.482142857142856,0.008511805555555576,0.0012295192307692309,0.009741324786324806,0.0006493431122449225,0.001006460269458408,0.0016558033817033306,0.008085521404621475,100.191201848623
2009-07-03,6.500666666666666,5.135103665568108,7.083333333333333,7.482142857142856,-0.016102777777777702,0.0012064102564102565,-0.014896367521367446,0.0067197996061376586,0.001004791313414452,0.007724590919552111,-0.022620958440919558,97.92478083545952
2009-07-10,6.388333333333333,5.057996522710965,7.083333333333333,7.5178571428571415,0.007956944444444418,0.0012501282051282049,0.009207072649572622,0.005796804846938771,0.0009875199356861747,0.006784324782624945,0.0024227478669476762,98.16202788934993
2009-07-17,6.281499999999999,5.117639379853822,7.083333333333333,7.482142857142856,0.0075673611111111115,0.001228525641025641,0.008795886752136753,-0.004462563775510151,0.000972691638982878,-0.0034898721365272728,0.012285758888664025,99.3680228960208
2009-07-24,6.361833333333333,5.083317951282393,7.083333333333333,7.482142857142856,-0.0056902777777778114,0.0012079807692307691,-0.004482297008547042,0.002567978316326517,0.000984161419202658,0.003552139735529175,-0.008034436744076216,98.5696568016788
2009-07-31,6.3838333333333335,5.063425094139537,7.083333333333333,7.482142857142856,-0.0015583333333333504,0.0012234294871794871,-0.00033490384615386323,0.001488411989795886,0.0009775611444773835,0.0024659731342732694,-0.0028008769804271326,98.29357531897439
2009-08-07,6.4655000000000005,5.019861703177808,7.083333333333333,7.553571428571427,-0.005784722222222246,0.0012276602564102563,-0.00455706196581199,0.0032905918530019966,0.000973735595026834,0.00426432744802883,-0.00882138941384082,97.42648941420703
2009-08-14,6.442166666666666,4.972361703177808,7.083333333333333,7.589285714285713,0.0016527777777778474,0.0012433653846153846,0.002896143162393232,0.0036049107142857376,0.0009653580198418862,0.004570268734127624,-0.0016741255717343919,97.26338523691439
2009-08-21,6.465166666666666,4.974040274606379,7.083333333333333,7.553571428571427,-0.0016291666666666444,0.001238878205128205,-0.00039028846153843955,-0.0001267920918367171,0.0009562234044572707,0.0008294313126205536,-0.0012197197741589932,97.14475116263928
2009-08-28,6.352999999999999,4.96204027460638,7.083333333333333,7.553571428571427,0.00794513888888891,0.001243301282051282,0.009188440170940192,0.0009064285714284714,0.0009565462066550729,0.0018629747780835443,0.007325465392856647,97.85638167537887
2009-09-04,6.2925,4.97831275638478,7.083333333333333,7.5178571428571415,0.004285416666666556,0.001221730769230769,0.005507147435897326,-0.0012233419336975808,0.0009542385143473808,-0.0002691034193502,0.005776250855247526,98.4216246837227
2009-09-11,6.256166666666665,4.97481275638478,7.083333333333333,7.553571428571427,0.0025736111111112365,0.001210096153846154,0.0037837072649573905,0.0002643750000000547,0.0009573678377663039,0.0012217428377663585,0.002561964427191032,98.67377738502874
2009-09-18,6.344333333333333,4.963705613527638,7.083333333333333,7.553571428571427,-0.006245138888888972,0.0012031089743589742,-0.005042029914529998,0.0008389859693876973,0.0009566947608432269,0.0017956807302309241,-0.006837710644760922,97.99907464704435
2009-09-25,6.346,4.952169899241922,7.083333333333333,7.5178571428571415,-0.00011805555555557402,0.0012200641025641027,0.0011020085470085288,0.0008672385204082405,0.0009545587718322381,0.0018217972922404786,-0.0007197887452319498,97.92853601607028
2009-10-02,6.201833333333333,4.881413108733945,7.083333333333333,7.589285714285713,0.01021180555555558,0.0012203846153846154,0.011432190170940194,0.0053699349939090105,0.0009523403652388312,0.006322275359147842,0.005109914811792352,98.42894249275594
2009-10-09,6.410666666666666,4.913091680162517,7.083333333333333,7.589285714285713,-0.014792361111111069,0.0011926602564102562,-0.013599700854700813,-0.0024041772959184356,0.0009387332901411432,-0.0014654440057772925,-0.012134256848923521,97.2345804231809
2009-10-16,6.32,4.905127394448231,7.083333333333333,7.553571428571427,0.006422222222222144,0.0012328205128205128,0.007655042735042657,0.0006015880102041267,0.0009448253231081764,0.001546413333312303,0.006108629401730354,97.82855044001886
2009-10-23,6.680333333333333,4.924413108733945,7.083333333333333,7.589285714285713,-0.025523611111111035,0.0012153846153846156,-0.02430822649572642,-0.0014636479591836613,0.0009432937297015828,-0.0005203542294820785,-0.02378787226624434,95.50141737815984
2009-10-30,6.745333333333333,4.932127394448232,7.083333333333333,7.589285714285713,-0.004604166666666694,0.001284679487179487,-0.0033194871794872067,-0.0005854591836735589,0.000947002520910374,0.00036154333723681516,-0.0036810305167240217,95.14987374640044
2009-11-06,6.619666666666666,4.898197920946654,7.083333333333333,7.589285714285713,0.008901388888888884,0.001297179487179487,0.01019856837606837,0.002575004685387619,0.0009484860373938907,0.0035234907227815098,0.006675077653286861,95.78500654235812
2009-11-13,6.571666666666667,4.916412206660938,7.083333333333333,7.589285714285713,0.00339999999999994,0.0012730128205128205,0.004673012820512761,-0.0013823341836733866,0.0009419611386435872,-0.0004403730450297994,0.00511338586554256,96.27479224094272
2009-11-20,6.5145,4.9089479209466536,7.083333333333333,7.589285714285713,0.004049305555555598,0.0012637820512820515,0.005313087606837649,0.0005664859693876866,0.0009454638858963343,0.001511949855284021,0.003801137751553628,96.64074598825275
2009-11-27,6.575666666666667,4.866269349518081,7.083333333333333,7.624999999999998,-0.004332638888888899,0.0012527884615384614,-0.0030798504273504375,0.0032542410714286488,0.0009440284463358949,0.004198269517764544,-0.0072781199451149815,95.93738304736486
2009-12-04,6.558833333333334,4.876601274739959,7.249999999999999,7.607142857142855,0.0012204166666666125,0.0012645512820512821,0.0024849679487178944,-0.0007859643115214064,0.0009358210287534771,0.0001498567172320707,0.0023351112314858235,96.16140750803812
2009-12-11,6.619,4.922315560454244,7.249999999999999,7.607142857142855,-0.004362083333333255,0.0012613141025641028,-0.0031007692307691527,-0.0034775510204081363,0.000937807937449992,-0.0025397430829581444,-0.0005610261478110083,96.10745844401579
2009-12-18,6.658166666666666,4.9237798461685305,7.249999999999999,7.571428571428569,-0.002839583333333326,0.0012728846153846154,-0.0015666987179487105,-0.0001108673469388245,0.0009465991462412008,0.0008357317993023763,-0.0024024305172510867,95.87656695291444
2009-12-25,6.598833333333333,4.958529846168529,7.249999999999999,7.571428571428569,0.004301666666666643,0.0012804166666666667,0.00558208333333331,-0.002631071428571348,0.0009468807396477944,-0.0016841906889235537,0.0072662740222568635,96.57323236070758
2010-01-01,6.698333333333333,5.023012591621433,7.249999999999999,7.5178571428571415,-0.007213749999999993,0.0012690064102564103,-0.005944743589743583,-0.004847720684941516,0.0009535634319554864,-0.0038941572529860293,-0.0020505863367575533,96.3752006099322
2010-01-08,6.582666666666666,5.0168697344785755,7.249999999999999,7.553571428571427,0.008385833333333342,0.0012881410256410258,0.009673974358974368,0.0004640051020408562,0.0009659639599271987,0.001429969061968055,0.008244005297006312,97.16971827426053
2010-01-15,6.438166666666667,5.013441163050004,7.249999999999999,7.5178571428571415,0.010476249999999989,0.0012658974358974358,0.011742147435897425,0.00025775510204082607,0.0009647826412458799,0.001222537743286706,0.01051960969261072,98.1919057844467
2010-01-22,6.349,5.002441163050004,7.249999999999999,7.5178571428571415,0.006464583333333313,0.0012381089743589745,0.007702692307692287,0.0008269642857142947,0.0009641233005865392,0.0017910875863008339,0.0059116047213914535,98.77237751828444
2010-01-29,6.256333333333334,5.008119734478576,7.249999999999999,7.5178571428571415,0.006718333333333301,0.0012209615384615386,0.007939294871794839,-0.0004269068877551849,0.0009620079159711546,0.0005351010282159697,0.007404193843578869,99.50370734782098
2010-02-05,6.170666666666666,4.98042959154039,7.249999999999999,7.607142857142855,0.0062108333333334535,0.0012031410256410258,0.007413974358974479,0.0021064287306548925,0.0009630999489381877,0.0030695286795930803,0.004344445679381399,99.93599579929065
2010-02-12,6.323666666666666,4.980001020111817,7.249999999999999,7.571428571428569,-0.011092500000000033,0.0011866666666666666,-0.009905833333333367,3.244897959197245e-05,0.000957774921450075,0.0009902239010420475,-0.010896057234375416,98.84708746928727
2010-02-19,6.268833333333333,4.989536734397531,7.249999999999999,7.571428571428569,0.003975416666666631,0.0012160897435897434,0.005191506410256374,-0.0007219897959183945,0.0009576925038676571,0.00023570270794926265,0.004955803702307112,99.33695423132986
2010-02-26,6.254666666666666,4.970715305826103,7.249999999999999,7.571428571428569,0.0010270833333333648,0.0012055448717948718,0.002232628205128237,0.0014250510204081273,0.0009595262950764483,0.0023845773154845757,-0.00015194911035633883,99.32186006950889
2010-03-05,6.108666666666665,4.9133634803994415,7.416666666666666,7.571428571428569,0.010828333333333391,0.001202820512820513,0.012031153846153903,0.004342352496590109,0.0009559067895819429,0.005298259286172052,0.006732894559981851,99.99058368085817
2010-03-12,6.355499999999999,4.595413979673495,7.249999999999999,7.666666666666664,-0.017895416666666705,0.0011747435897435895,-0.016720673076923116,0.024376128388989227,0.000944877592384508,0.025321005981373733,-0.04204167905829685,95.78681165289576
2010-03-19,6.136999999999999,4.58122879448831,7.25,7.666666666666664,0.015841250000000043,0.0012222115384615381,0.01706346153846158,0.0010875308641975054,0.0008837334576295182,0.0019712643218270237,0.015092197216634556,97.23244510511388
2010-03-26,6.210833333333332,4.582969535229051,7.416666666666666,7.666666666666664,-0.0054759722222221955,0.0011801923076923074,-0.004295779914529888,-0.00013345679012344581,0.0008810055374015981,0.0007475487472781522,-0.00504332866180804,96.74206992785759
2010-04-02,6.165499999999999,4.594273792226367,7.416666666666666,7.666666666666664,0.003362222222222181,0.0011943910256410253,0.004556613247863207,-0.0008666597031275485,0.0008813402952363559,1.4680592108807394e-05,0.004541932655754399,97.1814658944482
2010-04-09,6.110833333333332,4.588903421855997,7.416666666666666,7.629629629629628,0.004054444444444459,0.0011856730769230768,0.005240117521367535,0.0004097393689985341,0.0008835141908127628,0.001293253559811297,0.0039468639615562375,97.56502791991821
2010-04-16,6.175166666666666,4.55749601444859,7.416666666666666,7.703703703703701,-0.004771388888888923,0.001175160256410256,-0.003596228632478667,0.0024195336076817315,0.0008824814272799994,0.0033020150349617307,-0.006898243667440398,96.89200058390598
2010-04-23,6.104666666666666,4.54912564407822,7.416666666666666,7.666666666666664,0.005228750000000001,0.0011875320512820511,0.006416282051282052,0.0006417283950617105,0.0008764415412401134,0.001518169936301824,0.004898112114980228,97.3665884658107
2010-04-30,6.104166666666667,4.54449601444859,7.416666666666666,7.666666666666664,3.708333333324691e-05,0.0011739743589743589,0.0012110576923076057,0.0003549382716049483,0.0008748318546304269,0.0012297701262353753,-1.8712433927769523e-05,97.36476649995724
2010-05-07,6.262999999999998,4.4655052727856,7.249999999999999,7.685185185185183,-0.011515416666666507,0.0011738782051282052,-0.010341538461538301,0.006070584775952062,0.0008739415412401135,0.006944526317192175,-0.017286064778730476,95.68171283907301
2010-05-14,6.047333333333333,4.418394161674489,7.416666666666666,7.685185185185183,0.015995277777777695,0.0012044230769230765,0.01719970085470077,0.0036205761316872075,0.0008587510139972307,0.004479327145684438,0.012720373709016332,96.89881998350481
2010-05-21,6.156499999999999,4.409690457970785,7.249999999999999,7.703703703703702,-0.007914583333333346,0.0011629487179487179,-0.006751634615384628,0.0006705075445816322,0.0008496911849374017,0.0015201987295190339,-0.008271833344903662,96.09728909328344
2010-05-28,6.083666666666668,4.404171939452267,7.416666666666666,7.703703703703702,0.0054018055555554376,0.0011839423076923075,0.006585747863247745,0.00042513031550066554,0.0008480173957636125,0.001273147711264278,0.005312600151983467,96.6078155659256
2010-06-04,6.089666666666667,4.703814184255724,7.416666666666666,7.660714285714285,-0.00044499999999995097,0.0011699358974358977,0.0007249358974359467,-0.022954736253693403,0.0008469561422023591,-0.022107780111491043,0.02283271600892699,98.81363438298519
2010-06-11,6.012833333333333,4.6953856128271525,7.416666666666666,7.624999999999999,0.005698472222222269,0.0011710897435897435,0.0068695619658120126,0.0006426785714285731,0.0009045796508184085,0.0015472582222469816,0.005322303743565031,99.33955055917701
2010-06-18,5.976166666666666,4.672564184255723,7.416666666666666,7.6428571428571415,0.002719444444444474,0.0011563141025641025,0.0038757585470085764,0.0017442091836735352,0.0009029587716975294,0.0026471679553710646,0.0012285905916375119,99.46159819637153
2010-06-25,6.0379999999999985,4.661671327112867,7.249999999999999,7.660714285714285,-0.004482916666666607,0.0011492628205128203,-0.003333653846153787,0.0008344706632652469,0.0008985700354337928,0.0017330406986990397,-0.005066694544852827,98.95765665936761
2010-07-02,5.824666666666666,4.584966427849469,7.249999999999999,7.678571428571428,0.015466666666666571,0.0011611538461538458,0.016627820512820416,0.005889840479153728,0.0008964752552140128,0.006786315734367741,0.009841504778452675,99.93154891024525
2010-07-09,5.738999999999999,4.573252142135182,7.416666666666666,7.678571428571428,0.006353611111111168,0.001120128205128205,0.007473739316239373,0.0008994897959184923,0.0008817243130479749,0.001781214108966467,0.005692525207272906,100.50041177141864
2010-07-16,5.833833333333332,4.558359284992325,7.249999999999999,7.696428571428571,-0.006875416666666633,0.001103653846153846,-0.005771762820512787,0.001146218112244873,0.0008794715657952273,0.0020256896780401004,-0.007797452498552887,99.71676458454598
2010-07-23,5.8086666666666655,4.567109284992326,7.249999999999999,7.678571428571428,0.0018245833333333094,0.0011218910256410254,0.0029464743589743348,-0.000671875000000071,0.0008766075548062163,0.00020473255480614537,0.0027417418041681893,99.99016220658385
2010-07-30,5.656499999999999,4.530323570706612,7.5,7.696428571428571,0.01141249999999996,0.0011170512820512818,0.012529551282051242,0.002831186224489789,0.0008782902471139089,0.0037094764716036977,0.008820074810447543,100.87208291755469
2010-08-06,5.728666666666666,4.345616958103428,7.249999999999999,7.803571428571429,-0.0052320833333333525,0.0010877884615384614,-0.004144294871794891,0.014413712447784145,0.0008712160712897331,0.015284928519073879,-0.01942922339086877,98.91221668464729
2010-08-13,5.615666666666667,4.312902672389142,7.5,7.803571428571429,0.008474999999999965,0.0011016666666666666,0.009576666666666633,0.002552882653061275,0.0008356955688660439,0.003388578221927319,0.0061880884447393135,99.52429422975712
2010-08-20,5.574166666666667,4.273259815246286,7.5,7.875,0.0031125000000000068,0.0010799358974358975,0.004192435897435905,0.003121874999999908,0.000829404360074835,0.003951279360074743,0.00024115653736116183,99.54829516393688
2010-08-27,6.691714285714284,4.2641883866748564,7.07142857142857,7.839285714285714,-0.07902658163265296,0.0010719551282051282,-0.07795462650444783,0.0007111352040817061,0.0008217807337012088,0.0015329159377829148,-0.07948754244223075,91.63544582704174
2010-09-03,6.5732857142857135,4.330039937844843,7.142857142857142,7.803571428571429,0.008459183673469348,0.0012868681318681315,0.00974605180533748,-0.005138772832372155,0.0008200362282067032,-0.004318736604165452,0.014064788409502932,92.92427898340955
2010-09-10,6.5732857142857135,4.3456827949877,7.07142857142857,7.803571428571429,-0.0,0.0012640934065934065,0.0012640934065934065,-0.001220701530612222,0.0008326999880470851,-0.0003880015425651368,0.0016520949491585432,93.07779871537224
2010-09-17,6.62242857142857,4.337182794987701,7.07142857142857,7.803571428571429,-0.003475102040816311,0.0012640934065934065,-0.0022110086342229046,0.0006633035714284811,0.0008357082298053269,0.001499011801233808,-0.003710020435456713,92.73247818005088
2010-09-24,6.612571428571427,4.310182794987701,7.07142857142857,7.839285714285714,0.0006970408163265569,0.0012735439560439558,0.0019705847723705127,0.0021166071428571536,0.0008340736144207117,0.002950680757277865,-0.0009800959849073526,92.6415914505161
2010-10-01,6.581142857142856,4.3377735722126,7.07142857142857,7.839285714285714,0.0022224489795918158,0.0012716483516483515,0.003494097331240167,-0.0021629198574519472,0.0008288813067284039,-0.0013340385507235432,0.00482813588196371,93.08887764236057
2010-10-08,6.561428571428571,4.294702143641173,7.142857142857143,7.839285714285714,0.001408163265306049,0.0012656043956043954,0.0026737676609104445,0.0033764923469386944,0.0008341872254255001,0.004210679572364194,-0.00153691191145375,92.94580823748817
2010-10-15,6.567142857142857,4.281880715069743,7.214285714285714,7.839285714285714,-0.0004122448979591566,0.0012618131868131867,0.0008495682888540301,0.0010051084183674314,0.0008259042583925332,0.0018310126767599646,-0.0009814443879059345,92.8545870956141
2010-10-22,6.580571428571428,4.319880715069743,7.07142857142857,7.767857142857143,-0.0009495918367346878,0.0012629120879120877,0.0003133202511773999,-0.0029517857142857345,0.0008234385990518738,-0.0021283471152338607,0.0024416673664112605,93.08130711074703
2010-10-29,6.659571428571428,4.325630715069743,7.142857142857143,7.839285714285714,-0.005642857142857125,0.0012654945054945054,-0.004377362637362619,-0.00045075892857142244,0.000830746291359566,0.0003799873627881435,-0.004757350000150763,92.63848675434969
2010-11-05,6.622285714285714,4.552986233739876,7.142857142857143,7.7142857142857135,0.002663265306122423,0.0012806868131868129,0.003943952119309236,-0.017538854297410242,0.0008318520605903353,-0.016707002236819906,0.020650954356129143,94.55155991593463
2010-11-12,6.772857142857142,4.595736233739876,7.07142857142857,7.7142857142857135,-0.010647551020408147,0.0012735164835164835,-0.009374034536891663,-0.00329785714285713,0.0008755742757192069,-0.0024222828671379235,-0.006951751669753739,93.89426095141123
2010-11-19,6.774,4.610629090882733,7.07142857142857,7.7142857142857135,-8.081632653065717e-05,0.0013024725274725273,0.0012216562009418701,-0.0011488775510203832,0.0008837954295653606,-0.0002650821214550225,0.0014867383223968926,94.03385714742082
2010-11-26,6.8037142857142845,4.643236233739876,7.07142857142857,7.678571428571428,-0.0021012244897958303,0.0013026923076923077,-0.0007985321821035226,-0.00250376275510209,0.0008866594405543717,-0.0016171033145477181,0.0008185711324441955,94.11083054835409
2010-12-03,7.006428571428571,4.819838220737428,7.07142857142857,7.553571428571427,-0.014334795918367385,0.0013084065934065932,-0.013026389324960792,-0.013339757232136507,0.0008929300449499761,-0.01244682718718653,-0.0005795621377742612,94.05628747421378
2010-12-10,7.045571428571428,4.843588220737428,7.07142857142857,7.553571428571427,-0.002767959183673469,0.0013473901098901098,-0.0014205690737833594,-0.0017939732142856924,0.0009268919655264286,-0.0008670812487592639,-0.0005534878250240956,94.00422846422984
2010-12-17,7.0567142857142855,4.877766792165999,7.07142857142857,7.553571428571427,-0.0007879591836734991,0.0013549175824175822,0.0005669583987440831,-0.002581702806122412,0.0009314592732187361,-0.0016502435329036756,0.0022172019316477587,94.21265482116378
2010-12-24,7.016857142857142,4.866909649308857,7.07142857142857,7.553571428571427,0.002818469387755146,0.0013570604395604395,0.004175529827315585,0.0008201020408162456,0.0009380320754165382,0.001758134116232784,0.002417395711082801,94.44040408885819
2010-12-31,7.092428571428571,4.8611239350231426,7.07142857142857,7.553571428571427,-0.005343979591836768,0.001349395604395604,-0.003994583987441165,0.00043702806122450626,0.0009359441633286264,0.0013729722245531327,-0.005367556211994298,93.93348991122778
2011-01-07,7.06,4.973254654721644,7.07142857142857,7.535714285714284,0.002293163265306125,0.0013639285714285715,0.0036570918367346966,-0.008449850662994203,0.000934831525965989,-0.007515019137028214,0.01117211097376291,94.98292528466885
2011-01-14,7.0371428571428565,5.020361797578787,7.07142857142857,7.499999999999998,0.001616326530612264,0.0013576923076923076,0.0029740188383045717,-0.0035330357142857585,0.0009563951259080085,-0.00257664058837775,0.005550659426682322,95.51014315427406
2011-01-21,7.065142857142857,5.146647511864502,7.07142857142857,7.499999999999998,-0.001980000000000033,0.0013532967032967034,-0.0006267032967033296,-0.009471428571428572,0.0009654541918420745,-0.008505974379586497,0.007879271082883168,96.26269346335157
2011-01-28,7.079428571428571,5.085076083293071,7.07142857142857,7.499999999999998,-0.0010102040816326494,0.0013586813186813188,0.00034847723704866935,0.004617857142857295,0.0009897399061277888,0.005607597048985084,-0.005259119811936414,95.75643642500809
2011-02-04,7.0809999999999995,5.200876218639345,7.07142857142857,7.499999999999998,-0.0001111224489795751,0.0013614285714285714,0.0012503061224489963,-0.008685010150970538,0.000977899246787129,-0.007707110904183409,0.008957417026632405,96.61416675905112
2011-02-11,7.122999999999999,5.228911932925059,7.07142857142857,7.428571428571427,-0.0029699999999999865,0.0013617307692307692,-0.0016082692307692174,-0.0020826530612244806,0.0010001685035844895,-0.0010824845576399911,-0.0005257846731292262,96.56336851096205
2011-02-18,7.123428571428571,5.208840504353631,7.07142857142857,7.428571428571427,-3.0306122448980735e-05,0.001369807692307692,0.0013395015698587113,0.0014910204081632116,0.001005559987100973,0.0024965803952641846,-0.0011570788254054733,96.45163708194818
2011-02-25,7.088285714285714,5.206697647210774,7.07142857142857,7.428571428571427,0.0024851020408162947,0.0013698901098901097,0.0038549921507064046,0.00015918367346939375,0.0010017000969910828,0.0011608837704604766,0.0026941083802459282,96.7114882456991
2011-03-04,7.126666666666666,5.235261010312,7.083333333333332,7.428571428571427,-0.0027186507936507636,0.001363131868131868,-0.0013555189255188955,-0.002121849830376762,0.001001288009078995,-0.001120561821297767,-0.00023495710422112852,96.68876519447596
2011-03-11,7.318333333333333,5.222903867454856,7.083333333333332,7.428571428571427,-0.013576388888888933,0.0013705128205128204,-0.012205876068376113,0.0009179591836735259,0.0010067809635215385,0.0019247401471950644,-0.014130616215571178,95.32249336115535
2011-03-18,7.262833333333333,5.215868153169141,7.083333333333332,7.428571428571427,0.003931250000000022,0.0014073717948717948,0.005338621794871818,0.0005226530612245535,0.0010044045898951646,0.001527057651119718,0.0038115641437520996,95.68582115894378
2011-03-25,7.2805,5.201725296026285,7.083333333333332,7.428571428571427,-0.0012513888888889082,0.001396698717948718,0.00014530982905980989,0.0010506122448978668,0.0010030515679171426,0.0020536638128150096,-0.0019083539837551997,95.50321874094622
2011-04-01,7.2832857142857135,5.276113282253197,7.07142857142857,7.374999999999999,-0.00019698979591831198,0.0014000961538461537,0.0012031063579278417,-0.005486113984234785,0.0010003317876973626,-0.004485782196537422,0.005688888554465264,96.0465259089562
2011-04-08,7.3547142857142855,5.257756139396056,7.07142857142857,7.410714285714285,-0.005051020408163309,0.0014006318681318679,-0.0036503885400314415,0.001360395408163141,0.0010146371696640765,0.0023750325778272175,-0.006025421117858659,95.46780514344742
2011-04-15,9.991857142857143,5.24529185368177,7.07142857142857,7.410714285714285,-0.1864836734693877,0.0014143681318681317,-0.18506930533751959,0.0009236926020408731,0.001011106949883857,0.0019347995519247302,-0.18700410488944433,77.61493369683714
2011-04-22,7.359428571428571,5.232113282253198,6.928571428571428,7.410714285714285,0.18238969387755097,0.001921510989010989,0.18431120486656197,0.0009766262755102411,0.0010087099718618787,0.00198533624737212,0.18232586861918984,91.7661439009338
2011-04-29,7.341142857142856,5.226148996538913,7.07142857142857,7.410714285714285,0.0012930612244898866,0.0014152747252747253,0.0027083359497646117,0.00044199617346931666,0.0010061756312025381,0.0014481718046718548,0.0012601641450927569,91.88178430521117
2011-05-06,7.40142857142857,5.149257339211147,6.928571428571428,7.428571428571427,-0.004176938775510218,0.0014117582417582414,-0.002765180533751977,0.005711951687205492,0.0010050286531805602,0.006716980340386052,-0.00948216087413803,91.0105464450263
2011-05-13,7.408857142857142,5.141900196354004,6.928571428571428,7.428571428571427,-0.0005146938775510603,0.001423351648351648,0.0009086577708005876,0.0005465306122448966,0.0009902417960021435,0.0015367724082470402,-0.0006281146374464525,90.95338138864219
2011-05-20,7.400714285714286,5.120507339211148,6.928571428571428,7.428571428571427,0.0005641836734693476,0.0014247802197802197,0.001988963893249567,0.0015891836734692939,0.0009888269608373085,0.0025780106343066024,-0.0005890467410570354,90.89980559574708
2011-05-27,7.174142857142857,5.120293053496861,6.928571428571428,7.428571428571427,0.015698163265306143,0.0014232142857142857,0.017121377551020427,1.5918367347005356e-05,0.0009847129498482977,0.001000631317195303,0.016120746233825124,92.36517829446016
2011-06-03,7.230857142857142,5.124532323133336,6.928571428571428,7.553571428571429,-0.003929489795918352,0.001379642857142857,-0.0025498469387754946,-0.0003202162600408817,0.0009846717410570886,0.0006644554810162069,-0.0032143024197917014,92.06828867836379
2011-06-10,7.223142857142856,5.106425180276194,6.928571428571428,7.553571428571429,0.0005344897959183876,0.0013905494505494507,0.0019250392464678382,0.00136773596938774,0.0009854869852179494,0.002353222954605689,-0.0004281837081378508,92.02886653711559
2011-06-17,7.703714285714286,5.1152108945619075,6.928571428571428,7.553571428571429,-0.0332967346938776,0.0013890659340659338,-0.03190766875981167,-0.0006636352040815907,0.0009820048423608064,0.0003183696382792157,-0.032226038398090885,89.06314075035772
2011-06-24,7.277571428571429,5.107103751704765,7.07142857142857,7.553571428571429,0.030134387755102004,0.0014814835164835166,0.03161587127158552,0.0006123788265306131,0.0009836944028003669,0.00159607322933098,0.03001979804225454,91.73679824869234
2011-07-01,7.162,5.210240089151074,7.07142857142857,7.410714285714286,0.0081725510204082,0.0013995329670329671,0.009572083987441167,-0.00764313929289613,0.000982135336866301,-0.0066610039560298295,0.016233087943470996,93.22596976231581
2011-07-08,7.200714285714286,5.175740089151073,7.07142857142857,7.410714285714286,-0.002737653061224488,0.0013773076923076924,-0.0013603453689167958,0.00255669642857146,0.001001969247913668,0.003558665676485128,-0.004919011045401924,92.76739018733667
2011-07-15,7.186571428571428,5.17445437486536,7.07142857142857,7.428571428571429,0.0010001020408163643,0.0013847527472527473,0.0023848547880691113,9.55102040815703e-05,0.0009953346325290526,0.001090844836610623,0.0012940099514584884,92.88743211340991
2011-07-22,7.224714285714286,5.170347232008217,7.07142857142857,7.464285714285714,-0.0026972448979592227,0.001382032967032967,-0.0013152119309262557,0.00030656887755105413,0.0009950873797818,0.001301656257332854,-0.0026168681882591097,92.64435794722326
2011-07-29,7.195428571428572,5.149418660579645,7.07142857142857,7.446428571428572,0.002070918367346912,0.0013893681318681318,0.0034602864992150442,0.0015584311224489946,0.0009942975446169647,0.0025527286670659595,0.0009075578321490847,92.72843805988269
2011-08-05,6.966428571428572,4.689518807368776,7.142857142857143,7.732142857142858,0.016357142857142865,0.001383736263736264,0.01774087912087913,0.0355601136500547,0.0009902728193422394,0.03655038646939694,-0.01880950734851781,90.98426182277875
2011-08-12,7.1295714285714284,4.65080452165449,7.142857142857143,7.696428571428572,-0.011653061224489773,0.0013396978021978023,-0.010313363422291971,0.0029796173469387745,0.0009018305398786108,0.0038814478868173853,-0.014194811309109356,89.6927573941058
2011-08-19,6.901428571428571,4.588840235940204,7.142857142857143,7.767857142857144,0.016295918367346944,0.0013710714285714285,0.017666989795918374,0.004813297193877619,0.0008943854849335559,0.005707682678811175,0.011959307117107198,90.7654206259621
2011-08-26,7.153714285714285,4.600947378797346,7.142857142857143,7.767857142857144,-0.01802040816326527,0.0013271978021978021,-0.016693210361067468,-0.0009404655612244566,0.0008824692761423469,-5.799628508210966e-05,-0.01663521407598536,89.25551842315235
2011-09-02,7.156142857142856,4.425994351166895,7.142857142857143,7.803571428571429,-0.00017346938775508747,0.0013757142857142857,0.0012022448979591982,0.013652584477590567,0.0008847975728456434,0.01453738205043621,-0.013335137152477012,88.06528384336418
2011-09-09,7.168714285714285,4.381172922595466,7.142857142857143,7.821428571428572,-0.0008979591836734611,0.0013761813186813185,0.00047822213500785737,0.0035056760204081805,0.0008511527598397874,0.004356828780247968,-0.0038786066452401106,87.72371324823436
2011-09-16,7.197428571428571,4.45520863688118,7.142857142857143,7.803571428571429,-0.0020510204081632794,0.001378598901098901,-0.0006724215070643784,-0.005777429846938718,0.0008425332543452819,-0.0049348965925934355,0.004262475085529057,88.09763339036506
2011-09-23,7.491285714285714,4.496172922595466,7.142857142857143,7.7857142857142865,-0.020989795918367363,0.0013841208791208791,-0.019605675039246484,-0.0031893622448980344,0.0008567708917079192,-0.0023325913531901154,-0.01727308368605637,86.57591559626977
2011-09-30,7.149142857142856,4.4588872083097515,7.142857142857143,7.7857142857142865,0.024438775510204142,0.0014406318681318682,0.025879407378336012,0.0029029591836735105,0.0008646486389606666,0.003767607822634177,0.022111799555701833,88.49026488828585
2011-10-07,7.280714285714285,4.5391001241958815,7.142857142857143,7.750000000000001,-0.00939795918367351,0.0013748351648351644,-0.008023124018838345,-0.006216500981175075,0.0008574783092903369,-0.0053590226718847386,-0.002664101346953607,88.2545178544047
2011-10-14,7.27842857142857,4.53367155276731,7.142857142857143,7.750000000000001,0.00016326530612247633,0.0014001373626373625,0.001563402668759839,0.00042071428571427877,0.0008729038700376695,0.0012936181557519483,0.00026978451300789063,88.2783275565248
2011-10-21,7.2424285714285705,4.53367155276731,7.142857142857143,7.7857142857142865,0.0025714285714285422,0.001399697802197802,0.0039711263736263444,-0.0,0.0008718599139937134,0.0008718599139937134,0.0030992664596326313,88.55192561623319
2011-10-28,7.28842857142857,4.5223501241958814,7.142857142857143,7.7857142857142865,-0.0032857142857142412,0.001392774725274725,-0.0018929395604395161,0.0008814540816326635,0.0008718599139937134,0.0017533139956263767,-0.003646253556065893,88.22904284255851
2011-11-04,7.2098571428571425,4.606777600067074,7.142857142857143,7.767857142857143,0.005612244897959101,0.0014016208791208786,0.0070138657770799796,-0.006558205714994451,0.0008696827161915157,-0.005688522998802935,0.012702388775882915,89.34976244606871
2011-11-11,7.176999999999999,4.606384742924217,7.142857142857143,7.767857142857143,0.0023469387755102717,0.001386510989010989,0.0037334497645212608,3.0516581632700215e-05,0.0008859187692436682,0.0009164353508763684,0.0028170144136448923,89.60146201473502
2011-11-18,7.1665714285714275,4.617277600067073,7.142857142857143,7.767857142857143,0.0007448979591836595,0.0013801923076923075,0.002125090266875967,-0.0008461415816325931,0.0008858432197931186,3.970163816052546e-05,0.0020853886287154418,89.78831588473683
2011-11-25,7.166571428571428,4.667277600067074,7.142857142857143,7.75,-6.34413156928661e-17,0.001378186813186813,0.0013781868131867495,-0.0038750000000000546,0.0008879380000128988,-0.0029870619999871556,0.004365248813173905,90.18026422408958
2011-12-02,7.168142857142857,4.554428465673382,7.142857142857143,7.767857142857142,-0.0001122448979591668,0.001378186813186813,0.0012659419152276463,0.00876595954665282,0.0008975533846282835,0.009663512931281103,-0.008397571016053457,89.42296905102133
2011-12-09,7.152857142857142,4.5559998942448106,7.142857142857143,7.767857142857142,0.0010918367346938978,0.0013784890109890108,0.0024703257456829084,-0.00012206632653059387,0.000875851628014112,0.0007537853014835181,0.0017165404441993903,89.5764671940378
2011-12-16,7.122999999999999,4.549178465673382,7.142857142857143,7.75,0.002132653061224486,0.0013755494505494506,0.003508202511773937,0.0005286607142857114,0.0008761538258163097,0.0014048145401020212,0.0021033879716719156,89.7648812576786
2011-12-23,7.136571428571428,4.532107037101953,7.142857142857143,7.767857142857142,-0.0009693877551020565,0.001369807692307692,0.00040041993720563564,0.0013260841836734737,0.0008748420126294965,0.00220092619630297,-0.0018005062590973346,89.60325902712701
2011-12-30,7.133999999999999,4.511071322816239,7.142857142857143,7.785714285714286,0.0001836734693878255,0.0013724175824175824,0.001556091051805408,0.001637780612244914,0.0008715590455965294,0.0025093396578414434,-0.0009532486060360354,89.51784484536311
2012-01-06,7.094285714285713,4.477383811153508,6.999999999999999,7.785714285714286,0.0027799999999999596,0.0013719230769230766,0.004151923076923036,0.002622813408026938,0.0008675137159261998,0.003490327123953138,0.0006615959529698979,89.57706948923139
2012-01-13,7.111285714285714,4.449098096867793,6.999999999999999,7.785714285714286,-0.0011900000000000242,0.0013642857142857141,0.00017428571428569,0.002202244897959198,0.0008610353482987515,0.003063280246257949,-0.0028889945319722594,89.31828182528692
2012-01-20,6.8147142857142855,4.4191338111535075,6.999999999999999,7.803571428571428,0.020759999999999973,0.001367554945054945,0.022127554945054917,0.0023382844387755063,0.000855595787859191,0.003193880226634697,0.01893367471842022,91.00940511977508
2012-01-27,6.805999999999999,4.4203480968677935,6.999999999999999,7.821428571428571,0.0006100000000000438,0.001310521978021978,0.0019205219780220216,-9.497448979594512e-05,0.0008498334252218284,0.0007548589354258832,0.0011656630425961384,91.11549141985186
2012-02-03,6.8887142857142845,4.284423151579549,6.999999999999999,7.821428571428571,-0.0057899999999999705,0.0013088461538461537,-0.004481153846153817,0.010631272506473392,0.0008500669417053449,0.011481339448178737,-0.015962493294332553,89.66106099905267
2012-02-10,6.887714285714285,4.278387437293836,7.142857142857143,7.821428571428571,7.142857142853185e-05,0.0013247527472527469,0.0013961813186812787,0.00047207908163255513,0.0008239275291499134,0.0012960066107824686,0.00010017470789881007,89.67004276964813
2012-02-17,6.8742857142857146,4.277494580150979,7.142857142857143,7.803571428571429,0.0009591836734693185,0.0013245604395604393,0.0022837441130297577,6.967474489798493e-05,0.0008227668148641993,0.0008924415597621842,0.0013913025532675735,89.79480092910515
2012-02-24,6.827857142857143,4.298851723008122,7.142857142857143,7.821428571428571,0.003316326530612265,0.001321978021978022,0.004638304552590287,-0.0016704336734694048,0.0008225951115674959,-0.000847838561901909,0.005486143114492196,90.28742805793955
2012-03-02,7.001833333333333,4.314993069137295,7.166666666666666,7.839285714285714,-0.01246829365079362,0.0013130494505494506,-0.01115524420024417,-0.001265366241197709,0.0008267022544246387,-0.0004386639867730702,-0.0107165802134711,89.31985559288864
2012-03-09,6.924666666666667,4.312885926280152,7.166666666666666,7.821428571428571,0.005530277777777725,0.0013465064102564104,0.0068767841880341355,0.0001648086734694403,0.0008298063594494799,0.0009946150329189203,0.005882169155115215,89.84525009239648
2012-03-16,7.061166666666667,4.387064497708724,7.166666666666666,7.821428571428571,-0.009782499999999987,0.0013316666666666665,-0.00845083333333332,-0.005801823979591871,0.0008294011396692599,-0.004972422839922611,-0.0034784104934107093,89.53273143169199
2012-03-23,7.009833333333332,4.381743069137294,7.166666666666666,7.821428571428571,0.0036788888888889923,0.0013579166666666668,0.005036805555555659,0.00041621173469393963,0.00084366624955937,0.0012598779842533097,0.0037769275713023494,89.87089007357035
2012-03-30,6.940666666666666,4.365957354851581,7.166666666666666,7.821428571428571,0.0049569444444443915,0.0013480448717948716,0.006304989316239263,0.00123466836734687,0.0008426428979110181,0.002077311265257888,0.004227678050981375,90.25083526295654
2012-04-06,6.763,4.318518490378667,7.166666666666666,7.821428571428571,0.012732777777777742,0.0013347435897435897,0.014067521367521332,0.0037103968998457915,0.000839607183625304,0.004550004083471095,0.009517517284050238,91.1097991474717
2012-04-13,6.653499999999999,4.29780420466438,7.166666666666666,7.821428571428571,0.007847500000000042,0.001300576923076923,0.009148076923076965,0.0016201530612245743,0.0008304843250728205,0.0024506373862973945,0.006697439536779571,91.72000151847003
2012-04-20,6.689166666666667,4.282375633235809,7.166666666666666,7.839285714285714,-0.0025561111111111795,0.0012795192307692308,-0.0012765918803419487,0.0012094897959183436,0.0008265008085893039,0.0020359906045076476,-0.0033125824848495963,91.41617144792957
2012-04-27,6.65,4.285339918950094,7.166666666666666,7.839285714285714,0.0028069444444444374,0.0012863782051282051,0.004093322649572642,-0.00023237882653059783,0.0008235337756222709,0.0005911549490916731,0.003502167700480969,91.73632621087614
2012-05-04,7.013285714285713,4.122646998310182,7.142857142857143,7.94642857142857,-0.02594897959183662,0.0012788461538461538,-0.024670133437990464,0.012928276729421624,0.0008241038305673258,0.01375238055998895,-0.03842251399797941,88.21158593291554
2012-05-11,6.982999999999999,4.133075569738751,7.142857142857143,7.94642857142857,0.0021632653061224466,0.001348708791208791,0.003511974097331238,-0.0008286989795916798,0.0007928167304442657,-3.5882249147414064e-05,0.003547856346478652,88.52454796790057
2012-05-18,6.955571428571428,4.130789855453037,7.142857142857143,7.94642857142857,0.001959183673469335,0.0013428846153846151,0.0033020682888539503,0.0001816326530611843,0.0007948222249497598,0.0009764548780109441,0.002325613410843006,88.73042184384352
2012-05-25,6.974714285714285,4.1393255697387525,7.142857142857143,7.94642857142857,-0.0013673469387754775,0.00133760989010989,-2.9737048665587568e-05,-0.0006782844387755828,0.0007943826645101995,0.00011609822573461668,-0.00014583527440020425,88.71748181842628
2012-06-01,6.864428571428571,4.037651776499387,7.142857142857143,7.982142857142856,0.007877551020408102,0.0013412912087912084,0.00921884222919931,0.00811574742464222,0.0007960241480266832,0.008911771572668904,0.000307070656530406,88.744724353814
2012-06-08,6.849714285714285,4.052973205070816,7.142857142857143,7.982142857142856,0.0010510204081633262,0.0013200824175824176,0.002371102825745744,-0.0012229783163265767,0.0007764714954806513,-0.00044650682084592535,0.002817609646591669,88.99477234523742
2012-06-15,6.862857142857142,4.044687490785101,7.142857142857143,7.982142857142856,-0.0009387755102040962,0.0013172527472527472,0.000378477237048651,0.0006613775510204568,0.00077941792405208,0.0014407954750725368,-0.0010623182380238858,88.90023157548629
2012-06-22,6.884,4.01900891935653,7.142857142857143,7.982142857142856,-0.0015102040816327314,0.0013197802197802198,-0.00019042386185251156,0.0020497002551020235,0.0007778245174586732,0.0028275247725606965,-0.003017948634413208,88.63193524300404
2012-06-29,6.891285714285714,4.000937490785102,7.142857142857143,7.982142857142856,-0.0005204081632652624,0.0013238461538461537,0.0008034379905808913,0.0014424872448979191,0.0007728863306454865,0.0022153735755434056,-0.0014119355849625142,88.50679265967034
2012-07-06,6.735428571428571,3.8500354878351835,7.142857142857143,8.035714285714285,0.01113265306122451,0.0013252472527472527,0.012457900313971763,0.012126053808475583,0.0007694110559202118,0.012895464864395795,-0.0004375645504240324,88.46806522473074
2012-07-13,6.733142857142857,3.826392630692326,7.142857142857143,8.035714285714285,0.00016326530612241288,0.0012952747252747252,0.001458540031397138,0.001899872448979604,0.0007403914399683046,0.0026402638889479087,-0.0011817238575507706,88.36352040142333
2012-07-20,6.664714285714285,3.764464059263754,7.142857142857143,8.035714285714285,0.004887755102040854,0.0012948351648351649,0.006182590266876019,0.004976403061224535,0.0007358447366716011,0.0057122477978961365,0.00047034246897988217,88.40508151777668
2012-07-27,6.731,3.773285487835183,7.142857142857143,8.035714285714285,-0.004734693877551052,0.001281675824175824,-0.0034530180533752274,-0.0007088647959183822,0.0007239353960122604,1.5070600093878184e-05,-0.0034680886534691055,88.09848485765586
2012-08-03,6.708428571428572,3.7312948191068487,7.142857142857143,8.035714285714285,0.0016122448979591602,0.001294423076923077,0.0029066679748822374,0.0033742501656697146,0.0007256318245836891,0.004099881990253403,-0.0011932140153711659,87.99336451079074
2012-08-10,6.707285714285714,3.760509104821134,7.142857142857143,8.035714285714285,8.163265306126989e-05,0.0012900824175824178,0.0013717150706436876,-0.0023475765306122027,0.0007175566959820863,-0.0016300198346301165,0.003001734905273804,88.25749726447526
2012-08-17,6.7587142857142855,3.7921519619639903,7.142857142857143,8.035714285714285,-0.003673469387755115,0.0012898626373626374,-0.0023836067503924772,-0.002542729591836676,0.000723174827850218,-0.001819554763986458,-0.0005640519864060192,88.20771544782802
2012-08-24,6.767999999999999,3.783509104821134,7.142857142857143,8.035714285714285,-0.0006632653061223896,0.0012997527472527472,0.0006364874411303576,0.0006945153061223801,0.0007292599926853828,0.0014237752988077628,-0.0007872878576774051,88.13827058450248
2012-08-31,6.758571428571429,3.7716876762497047,7.142857142857143,8.035714285714285,0.0006734693877550007,0.0013015384615384614,0.001975007849293462,0.0009499362244898556,0.000727597904773295,0.0016775341292631506,0.00029747372003031134,88.16448940373029
2012-09-07,6.778285714285714,3.696081480014862,7.142857142857143,8.035714285714285,-0.001408163265306049,0.001299725274725275,-0.00010843799058077416,0.006075497911728427,0.0007253245531249433,0.006800822464853371,-0.006909260455434145,87.55533798351955
2012-09-14,6.819142857142857,3.715938622872004,7.142857142857143,8.035714285714285,-0.0029183673469388442,0.0013035164835164834,-0.0016148508634223609,-0.0015956632653060638,0.0007107849000028582,-0.0008848783653032056,-0.0007299724981191553,87.49142499472805
2012-09-21,6.897857142857143,3.7034029085862903,7.142857142857143,8.035714285714285,-0.005622448979591839,0.0013113736263736264,-0.004311075353218213,0.0010073341836734362,0.0007146035813215392,0.0017219377649949753,-0.006033013118213188,86.96358808000369
2012-09-28,6.836714285714286,3.679331480014862,7.142857142857143,8.035714285714285,0.004367346938775528,0.0013265109890109891,0.005693857927786517,0.0019343112244897737,0.000712192867035825,0.0026465040915255988,0.003047353836260918,87.22859690375432
2012-10-05,6.775857142857142,3.5988388447799817,7.142857142857143,8.124999999999998,0.004346938775510243,0.0013147527472527473,0.00566169152276299,0.00654002661283402,0.0007075637461567043,0.007247590358990724,-0.0015858988362277343,87.09026117343888
2012-10-12,6.78142857142857,3.5844102733514114,7.142857142857143,8.124999999999998,-0.00039795918367342107,0.0013030494505494503,0.0009050902668760292,0.0011723214285713403,0.0006920843932269195,0.0018644058217982598,-0.0009593155549222306,87.00671413121296
2012-10-19,6.785285714285714,3.584303130494268,7.142857142857143,8.089285714285714,-0.0002755102040817066,0.001304120879120879,0.0010286106750391722,8.667091836770946e-06,0.0006893096679521945,0.0006979767597889654,0.0003306339152502069,87.03548150175922
2012-10-26,6.629999999999999,3.5738388447799823,7.142857142857143,8.089285714285714,0.011091836734693938,0.0013048626373626374,0.012396699372056575,0.0008464859693877631,0.0006892890635565899,0.001535775032944353,0.010860924339112222,87.98076728116803
2012-11-02,6.661142857142857,3.5235430796754077,7.142857142857143,8.089285714285714,-0.0022244897959184306,0.0012749999999999997,-0.000949489795918431,0.004068568141495049,0.0006872767009192273,0.004755844842414276,-0.005705334638332707,87.47880756209169
2012-11-09,6.656142857142857,3.5064359368182645,7.142857142857143,8.089285714285714,0.00035714285714284955,0.001280989010989011,0.0016381318681318606,0.0013838456632653344,0.0006776044383991169,0.0020614501016644514,-0.00042331823353259084,87.44177618780297
2012-11-16,6.785857142857142,3.5080073653896924,7.142857142857143,8.089285714285714,-0.009265306122448929,0.0012800274725274727,-0.007985278649921455,-0.00012711734693872045,0.0006743146032342817,0.0005471972562955613,-0.008532475906217016,86.69568133928372
2012-11-23,6.523285714285715,3.510614508246836,7.142857142857143,8.089285714285714,0.018755102040816256,0.0013049725274725274,0.020060074568288785,-0.0002108992346939454,0.0006746168010364794,0.000463717566342534,0.01959635700194625,88.39460086133529
2012-11-30,6.796428571428571,3.4961859368182644,7.142857142857143,8.089285714285714,-0.019510204081632593,0.0012544780219780221,-0.01825572605965457,0.001167168367346959,0.0006751181746628531,0.001842286542009812,-0.02009801260166438,86.61804505930509
2012-12-07,6.721142857142857,3.3783667468133545,7.142857142857143,8.160714285714285,0.0053775510204081564,0.0013070054945054945,0.006684556514913651,0.00961488747004354,0.0006723434493881278,0.010287230919431668,-0.0036026744045180165,86.30598844540054
2012-12-14,6.696428571428571,3.375652461099068,7.142857142857143,8.160714285714285,0.0017653061224489621,0.0012925274725274724,0.0030578335949764347,0.00022150510204088511,0.000649685912848722,0.000871191014889607,0.0021866425800868275,86.49470879465173
2012-12-21,6.680999999999999,3.377152461099068,7.142857142857143,8.160714285714285,0.0011020408163265724,0.0012877747252747253,0.0023898155416012977,-0.0001224107142857189,0.0006491639348267438,0.0005267532205410249,0.0018630623210602727,86.65585382757813
2012-12-28,6.663714285714285,3.348723889670497,7.142857142857143,8.160714285714285,0.001234693877551025,0.0012848076923076923,0.002519501569858717,0.002319974489795885,0.0006494523963652053,0.0029694268861610905,-0.0004499253163023735,86.6168651651353
2013-01-04,6.6974285714285715,3.4048969004871705,7.142857142857143,8.142857142857142,-0.002408163265306193,0.0012814835164835165,-0.0011266797488226764,-0.00457408802364342,0.0006439853633981725,-0.003930102660245248,0.0028034229114225714,86.85968886945484
2013-01-11,6.596428571428571,3.404682614772885,7.142857142857143,8.142857142857142,0.007214285714285777,0.0012879670329670329,0.00850225274725281,1.7448979591837395e-05,0.0006547878654783021,0.0006722368450701395,0.00783001590218267,87.53980161456131
2013-01-18,6.470857142857143,3.4085040433443132,7.142857142857143,8.142857142857142,0.008969387755102,0.001268543956043956,0.010237931711145957,-0.00031117346938774274,0.0006547466566870932,0.0003435731872993504,0.009894358523846606,88.4059517968422
2013-01-25,6.49742857142857,3.4081469004871705,7.142857142857143,8.142857142857142,-0.0018979591836734146,0.0012443956043956042,-0.0006535635792778104,2.908163265305027e-05,0.0006554815467969833,0.0006845631794500336,-0.001338126758727844,88.28765342711205
2013-02-01,6.490714285714286,3.4613062453272625,7.142857142857143,8.107142857142856,0.00047959183673462746,0.0012495054945054944,0.0017290973312401219,-0.0043097040281074575,0.000655412865478302,-0.0036542911626291554,0.005383388493869277,88.76294016472227
2013-02-08,6.499,3.4496991024701202,7.142857142857143,8.160714285714285,-0.0005918367346938577,0.0012482142857142857,0.0006563775510204279,0.0009472257653060736,0.000665635816409089,0.0016128615817151627,-0.0009564840306947348,88.6780398299372
2013-02-15,6.525142857142856,3.439377673898691,7.142857142857143,8.142857142857142,-0.001867346938775454,0.0012498076923076922,-0.0006175392464677618,0.0008404591836735253,0.0006634036735519462,0.0015038628572254715,-0.0021214021036932333,88.48991804969059
2013-02-22,6.469714285714286,3.435234816755835,7.142857142857143,8.160714285714285,0.003959183673469305,0.0012548351648351645,0.00521401883830447,0.0003380867346937937,0.0006614187834420559,0.0009995055181358497,0.00421451332016862,88.86285998801164
2013-03-01,6.458714285714285,3.330023879951496,7.142857142857143,8.232142857142856,0.0007857142857143578,0.001244175824175824,0.002029890109890182,0.008661114619071477,0.0006606220801453528,0.009321736699216831,-0.007291846589326649,88.21488564549024
2013-03-08,6.500285714285714,3.331631022808639,7.142857142857143,8.214285714285714,-0.00296938775510209,0.0012420604395604394,-0.0017273273155416508,-0.00013201530612249045,0.00064038920768298,0.0005083739015604896,-0.0022357012171021406,88.0176635182861
2013-03-15,6.510428571428571,3.3419524513800676,7.142857142857143,8.214285714285714,-0.0007244897959183737,0.001250054945054945,0.0005255651491365712,-0.0008478316326530446,0.000640698273617046,-0.0002071333590359986,0.0007326985081725698,88.08215392903878
2013-03-22,6.494,3.358273879951497,7.142857142857143,8.232142857142856,0.0011734693877551042,0.0012520054945054945,0.0024254748822605987,-0.0013436033163266056,0.0006426831637269361,-0.0007009201525996695,0.003126395034860268,88.35753353774233
2013-03-29,6.474142857142858,3.3463095942372103,7.142857142857143,8.232142857142856,0.0014183673469387236,0.0012488461538461538,0.0026672135007848774,0.0009849170918368206,0.0006458218999906725,0.001630738991827493,0.0010364745089573844,88.44911386892853
2013-04-05,6.4590000000000005,3.1879848534612147,7.142857142857143,8.249999999999998,0.0010816326530612233,0.0012450274725274726,0.002326660125588696,0.013061791114019632,0.0006435210758148481,0.01370531218983448,-0.011378652064245785,87.44268217682314
2013-04-12,6.365571428571428,3.197484853461215,7.142857142857143,8.249999999999998,0.006673469387755164,0.0012421153846153847,0.00791558477237055,-0.0007837500000000051,0.0006130740102810028,-0.0001706759897190023,0.00808626076208955,88.14976650664144
2013-04-19,6.3345714285714285,3.175020567746929,7.142857142857143,8.249999999999998,0.0022142857142856925,0.0012241483516483517,0.0034384340659340444,0.0018533035714285802,0.0006149009333579259,0.002468204504786506,0.0009702295611475386,88.23529201591444
2013-04-26,6.3422857142857145,3.1649491391755005,7.142857142857143,8.249999999999998,-0.0005510204081632862,0.001218186813186813,0.0006671664050235268,0.0008308928571428518,0.000610580878412871,0.0014414737355557226,-0.0007743073305321958,88.16697078249489
2013-05-03,6.229285714285714,3.140156732343396,7.428571428571429,8.249999999999998,0.008394285714285746,0.0012196703296703296,0.009613956043956077,0.002045373563648629,0.0006086440652260578,0.002654017628874687,0.00695993841508139,88.78060746938532
2013-05-10,6.210857142857142,3.14144244662911,7.428571428571429,8.214285714285714,0.0013689795918367866,0.0011979395604395605,0.002566919152276347,-0.00010561224489796319,0.0006038762946814223,0.0004982640497834591,0.002068655102492888,88.96426392602929
2013-05-17,6.167428571428571,3.1507638752005382,7.428571428571429,8.214285714285714,0.003226122448979538,0.0011943956043956043,0.004420518053375143,-0.00076568877551016,0.000604123547428675,-0.00016156522808148503,0.004582083281456628,89.37190559241185
2013-05-24,6.215857142857143,3.20469244662911,7.428571428571429,8.19642857142857,-0.003597551020408168,0.001186043956043956,-0.002411507064364212,-0.004420216836734703,0.0006059161298462573,-0.0038143007068884454,0.0014027936425242333,89.49727593339716
2013-05-31,6.281999999999999,3.3158353037719666,7.285714285714286,8.19642857142857,-0.00481897959183668,0.0011953571428571428,-0.0036236224489795367,-0.009109744897959151,0.0006162870089671366,-0.008493457888992015,0.004869835440012478,89.9331129395222
2013-06-07,6.563428571428571,3.5796058189531497,7.142857142857143,8.089285714285714,-0.020102040816326574,0.0012080769230769228,-0.01889396389324965,-0.021337150603049273,0.0006376606353407627,-0.02069948996770851,0.0018055260744588575,90.09548951989177
2013-06-14,6.6088571428571425,3.6131772475245776,7.07142857142857,8.089285714285714,-0.0032124489795918323,0.0012621978021978022,-0.00195025117739403,-0.0027156887755101513,0.0006883857344140672,-0.0020273030410960843,7.705186370205418e-05,90.10243154527043
2013-06-21,6.722571428571428,3.737891533238864,7.07142857142857,8.089285714285714,-0.008041224489795927,0.001270934065934066,-0.006770290423861861,-0.010088494897959242,0.0006948417783701111,-0.00939365311958913,0.002623362695727269,90.33880290298062
2013-06-28,6.706428571428571,3.714927247524578,7.07142857142857,8.071428571428571,0.00114153061224492,0.0012928021978021976,0.002434332810047118,0.0018535459183673694,0.0007188252948536277,0.0025723712132209972,-0.00013803840317387931,90.32633267888326
2013-07-05,6.701285714285714,3.8066100406555727,7.07142857142857,8.089285714285714,0.00036367346938776885,0.0012896978021978021,0.001653371271585571,-0.007416483087203677,0.0007144090860624187,-0.006702074001141259,0.00835544527272683,91.08104940826777
2013-07-12,6.663285714285714,3.7912171835127153,7.07142857142857,8.089285714285714,0.002687142857142812,0.0012887087912087911,0.003975851648351603,0.0012451721938775743,0.000732040392433764,0.0019772125863113383,0.001998639062040265,91.26308755142676
2013-07-19,6.643857142857143,3.7534671835127154,7.2142857142857135,8.089285714285714,0.0014016326530612347,0.001281401098901099,0.002683033751962334,0.003053705357142853,0.0007290802275985992,0.003782785584741452,-0.0010997518327791182,91.16272080362701
2013-07-26,6.641857142857143,3.7944314692270016,7.2142857142857135,8.089285714285714,0.00014428571428569837,0.0012776648351648353,0.0014219505494505336,-0.0033137181122449397,0.0007218206122139837,-0.002591897500030956,0.00401384804948149,91.52863411271008
2013-08-02,6.643571428571428,3.8447415163588983,7.2142857142857135,8.089285714285714,-0.0001236734693876957,0.0012772802197802196,0.0011536067503925239,-0.004069723455490928,0.0007296983594667311,-0.0033400250960241968,0.004493631846416721,91.93993009781799
2013-08-09,6.608714285714285,3.842777230644612,7.2142857142857135,8.089285714285714,0.0025146938775510086,0.00127760989010989,0.0037923037676608987,0.00015889668367349936,0.0007393733685305573,0.0008982700522040567,0.002894033715456842,92.20600735531782
2013-08-16,6.610142857142856,3.9193129449303266,7.2142857142857135,8.0,-0.00010306122448975709,0.0012709065934065932,0.0011678453689168361,-0.0061228571428571495,0.0007389956212778101,-0.005383861521579339,0.006551706890496175,92.81011408905279
2013-08-23,6.757285714285714,3.95267008778747,7.2142857142857135,8.0,-0.010615306122449018,0.0012711813186813184,-0.009344124803767699,-0.0026685714285714823,0.0007537140278712167,-0.0019148574007002658,-0.007429267403067433,92.12060293377601
2013-08-30,6.7412857142857145,3.971741516358898,7.07142857142857,8.0,0.0011314285714285094,0.001299478021978022,0.0024309065934065314,-0.001525714285714237,0.0007601288630360519,-0.0007655854226781851,0.0031964920160847165,92.41506570557073
2013-09-06,6.8455714285714295,4.06623950743492,7.07142857142857,7.964285714285714,-0.007374489795918416,0.001296401098901099,-0.006078088697017317,-0.0075260900035546245,0.0007637964454536342,-0.00676229355810099,0.000684204861083673,92.47829654276386
2013-09-13,6.797714285714285,4.015989507434921,7.07142857142857,8.0,0.0033841836734694944,0.0013164560439560442,0.004700639717425539,0.004019999999999939,0.0007819691360451771,0.004801969136045117,-0.00010132941861957807,92.46892577074026
2013-09-20,6.682142857142857,3.9521680788634916,7.2142857142857135,8.035714285714285,0.008337653061224462,0.0013072527472527472,0.00964490580847721,0.005128507653061287,0.0007723056745067155,0.005900813327568003,0.0037440924809092066,92.81513798043622
2013-09-27,6.722857142857142,3.967275221720634,7.07142857142857,8.0,-0.0028790816326530445,0.0012850274725274727,-0.0015940541601255718,-0.0012085714285714033,0.0007600323228583639,-0.0004485391057130394,-0.0011455150544125324,92.70881684260226
2013-10-04,6.639714285714286,3.8435336254825327,7.07142857142857,8.035714285714285,0.005879387755102011,0.001292857142857143,0.0071722448979591544,0.009943521126276007,0.0007629375426385835,0.01070645866891459,-0.0035342137709554362,92.38116406542815
2013-10-11,6.638428571428571,3.8272121969111046,7.07142857142857,8.035714285714285,9.091836734694221e-05,0.0012768681318681319,0.0013677864992150742,0.0013115433673469051,0.000739141081823564,0.002050684449170469,-0.000682897949955395,92.31807715787339
2013-10-18,6.598,3.7967836254825333,7.2142857142857135,8.071428571428571,0.002916632653061228,0.0012766208791208792,0.0041932535321821075,0.0024560204081632508,0.0007360023455598279,0.003192022753723079,0.0010012307784590287,92.41050885813202
2013-10-25,6.554000000000001,3.7526407683396754,7.2142857142857135,8.089285714285714,0.0031742857142856204,0.0012688461538461538,0.004443131868131774,0.003570841836734757,0.0007301506972081795,0.004300992533942937,0.00014213933418883752,92.42364402633318
2013-11-01,6.594285714285714,3.75687461693489,7.2142857142857135,8.125,-0.0029063265306121626,0.0012603846153846157,-0.001645941915227547,-0.00034400019836119397,0.0007216616862191684,0.0003776614878579744,-0.0020236034030855212,92.23661522575593
2013-11-08,6.661428571428571,3.802553188363461,7.07142857142857,8.089285714285714,-0.00474795918367344,0.001268131868131868,-0.0034798273155415716,-0.0036950701530611726,0.0007224758878720943,-0.0029725942651890784,-0.0005072330503524932,92.18982976606077
2013-11-15,6.721,3.808767474077747,7.07142857142857,8.053571428571429,-0.004212551020408197,0.001281043956043956,-0.0029315070643642412,-0.0005004719387755292,0.0007312602285314348,0.00023078828975590568,-0.003162295354120147,91.89829829569443
2013-11-22,6.4962857142857136,3.836553188363461,7.07142857142857,8.053571428571429,0.01589051020408169,0.0012925,0.017183010204081688,-0.0022377423469387768,0.0007324552834764898,-0.001505287063462287,0.018688297267543976,93.61572101262578
2013-11-29,6.490999999999999,3.8555889026491754,7.07142857142857,8.017857142857142,0.00037377551020411666,0.0012492857142857143,0.0016230612244898309,-0.0015262563775510188,0.0007377986900698964,-0.0007884576874811224,0.0024115189119709533,93.84147709430553
2013-12-06,6.584142857142856,3.935750956168095,7.07142857142857,7.964285714285714,-0.006586530612244916,0.0012482692307692303,-0.0053382613814756865,-0.006384334976685381,0.0007414594043556107,-0.005642875572329771,0.0003046141908540842,93.87006253991915
2013-12-13,6.569857142857144,3.910536670453809,7.07142857142857,8.0,0.0010102040816325239,0.0012661813186813187,0.0022763854003138425,0.002017142857142886,0.0007568751838784798,0.002774018041021366,-0.0004976326407075235,93.82334973281404
2013-12-20,6.598,3.9217152418823806,7.07142857142857,8.0,-0.001990102040816255,0.001263434065934066,-0.0007266679748821889,-0.0008942857142857363,0.0007520262827795787,-0.00014225943150615768,-0.0005844085433760313,93.76851856566202
2013-12-27,6.577285714285715,3.9359652418823803,7.07142857142857,7.982142857142857,0.0014647959183672974,0.0012688461538461538,0.002733642072213451,-0.0011374553571428293,0.000754176008054304,-0.00038327934908852527,0.0031169214213019763,94.06078766982309
2014-01-03,6.582857142857143,3.8737514979734864,7.07142857142857,7.982142857142857,-0.0003939795918366868,0.0012648626373626373,0.0008708830455259506,0.0049659899155849235,0.0007569163926696885,0.005722906308254612,-0.004852023262728661,93.60440253993852
2014-01-10,6.589428571428571,3.872715783687772,7.07142857142857,8.0,-0.0004646938775509961,0.001265934065934066,0.0008012401883830699,8.285714285715784e-05,0.0007449522111487474,0.0008278093540059052,-2.6569165622835266e-05,93.60191554906442
2014-01-17,6.599857142857143,3.8591443551163445,7.07142857142857,7.982142857142857,-0.0007374489795918855,0.0012671978021978022,0.0005297488226059167,0.0010832908163264418,0.0007447530353245715,0.0018280438516510133,-0.0012982950290450967,93.48039264739796
2014-01-24,6.580857142857143,3.889501497973487,7.07142857142857,7.982142857142857,0.0013435714285714375,0.001269203296703297,0.0026127747252747344,-0.0024231505102040554,0.0007421431452146817,-0.0016810073649893738,0.004293782090264108,93.88177708313823
2014-01-31,6.715571428571428,3.9213943551163437,7.07142857142857,7.982142857142857,-0.00952622448979586,0.0012655494505494505,-0.00826067503924641,-0.002545733418367313,0.0007479810573025937,-0.0017977523610647195,-0.006462922678181691,93.27502641695962
2014-02-07,6.654,3.8249089285714284,7.07142857142857,8.053571428571427,0.00435397959183669,0.0012914560439560437,0.005645435635792733,0.007770522744956572,0.0007541142990608353,0.008524637044017408,-0.002879201408224674,93.00646882954771
2014-02-14,6.623142857142857,3.819658928571428,7.07142857142857,8.053571428571427,0.0021820408163265503,0.0012796153846153847,0.003461656200941935,0.00042281250000001595,0.0007355594093406593,0.0011583719093406753,0.0023032842916012597,93.22068916822012
2014-02-21,6.614857142857143,3.7961232142857138,7.07142857142857,8.053571428571427,0.0005859183673469191,0.0012736813186813186,0.0018595996860282377,0.0018954655612245018,0.0007345497939560438,0.002630015355180546,-0.0007704156691523082,93.14887048859575
2014-02-28,6.586285714285713,3.779766071428571,7.07142857142857,8.053571428571427,0.0020204081632653617,0.0012720879120879122,0.0032924960753532738,0.0013173341836734593,0.000730023695054945,0.0020473578787284044,0.0012451381966248694,93.26485370521357
2014-03-07,6.573428571428572,3.704956038290268,7.07142857142857,8.053571428571427,0.0009091836734692964,0.0012665934065934066,0.0021757770800627033,0.006024879454531189,0.0007268780906593406,0.00675175754519053,-0.004575980465127826,92.8380755565755
2014-03-14,6.553,3.6892060382902687,7.07142857142857,8.053571428571427,0.0014445918367347276,0.0012641208791208793,0.002708712715855607,0.0012684374999999404,0.0007124915458250515,0.001980929045824992,0.0007277836700306148,92.90564159192265
2014-03-21,6.579571428571429,3.708920324004554,7.07142857142857,8.053571428571427,-0.0018789795918367426,0.0012601923076923079,-0.0006187872841444347,-0.0015877040816326057,0.0007094626996712055,-0.0008782413819614002,0.00025945409781696546,92.92974634134399
2014-03-28,6.566714285714285,3.665027466861697,7.07142857142857,8.089285714285714,0.0009091836734694221,0.0012653021978021978,0.00217448587127162,0.0035506186224489463,0.0007132539084624142,0.00426387253091136,-0.0020893866596397403,92.73558016905467
2014-04-04,6.544714285714285,3.5862061380593486,7.07142857142857,8.142857142857142,0.0015557142857143026,0.0012628296703296703,0.002818543956043973,0.006418308202476948,0.0007048129743964803,0.007123121176873428,-0.004304577220829455,92.33639270309855
2014-04-11,6.4835714285714285,3.558206138059348,7.07142857142857,8.142857142857142,0.0043236734693877085,0.001258598901098901,0.005582272370486609,0.002280000000000038,0.0006896550265498748,0.0029696550265499127,0.0026126173439366966,92.57763236415121
2014-04-18,6.466714285714285,3.568027566630777,7.07142857142857,8.142857142857142,0.0011920408163265965,0.0012468406593406595,0.002438881475667256,-0.0007997448979591899,0.0006842704111652592,-0.00011547448679393064,0.0025543559624611866,92.81410859137114
2014-04-25,6.425142857142856,3.568491852345063,7.2142857142857135,8.142857142857142,0.0029990816326530465,0.001243598901098901,0.0042426805337519476,-3.780612244900513e-05,0.0006861591474289955,0.0006483530249799905,0.0035943275087719573,93.14771289508325
2014-05-02,6.414571428571428,3.4660260670631455,7.2142857142857135,8.214285714285712,0.0007626530612244972,0.0012356043956043956,0.0019982574568288927,0.008416832362443203,0.0006862484331432813,0.009103080795586485,-0.007104823338757593,92.48591485055437
2014-05-09,6.393571428571428,3.4422760670631454,7.2142857142857135,8.214285714285712,0.0015149999999999933,0.0012335714285714285,0.002748571428571422,0.0019508928571428698,0.0006665434744352204,0.0026174363315780904,0.00013113509699333144,92.4980429999688
2014-05-16,6.374714285714286,3.431347495634574,7.2142857142857135,8.249999999999998,0.0013604081632652293,0.001229532967032967,0.002589941130298196,0.0009016071428571402,0.0006619761667429127,0.001563583309600053,0.001026357820698143,92.59297908980109
2014-05-23,6.398,3.4191332099202887,7.2142857142857135,8.232142857142856,-0.0016798979591836302,0.0012259065934065935,-0.00045399136577703664,0.0010054974489795566,0.0006598745183912642,0.0016653719673708207,-0.0021193633331478574,92.39674092501123
2014-05-30,6.407,3.418383209920288,7.2142857142857135,8.19642857142857,-0.0006492857142857388,0.0012303846153846154,0.0005810989010988766,6.1473214285753e-05,0.0006575256172923632,0.0007189988315781163,-0.0001378999304792397,92.38399942086117
2014-06-06,6.395714285714285,3.343770439831397,7.2142857142857135,8.214285714285714,0.0008141836734694398,0.0012321153846153847,0.0020462990580848244,0.006128906114444618,0.0006573813865231323,0.00678628750096775,-0.004739988442882925,91.94610033129898
2014-06-13,6.368714285714286,3.3439132969742547,7.2142857142857135,8.249999999999998,0.0019478571428570882,0.0012299450549450549,0.003177802197802143,-1.1785714285739155e-05,0.0006430327768906532,0.0006312470626049141,0.002546555135197229,92.18024614525902
2014-06-20,6.3801428571428564,3.356699011259969,7.2142857142857135,8.214285714285714,-0.0008244897959183131,0.0012247527472527473,0.00040026295133443416,-0.0010502551020408074,0.0006430602494181259,-0.0004071948526226815,0.0008074578039571156,92.25467780437971
2014-06-27,6.346285714285714,3.3595204398313983,7.2142857142857135,8.214285714285714,0.0024425510204081277,0.0012269505494505494,0.003669501569858677,-0.0002317602040817022,0.0006455190406269172,0.000413758836545215,0.003255742733313462,92.5550353012555
2014-07-04,6.308714285714284,3.270473200757118,7.2142857142857135,8.214285714285714,0.0027105102040817135,0.0012204395604395605,0.003930949764521274,0.007314594638244448,0.0006460616230444996,0.007960656261288949,-0.004029706496767675,92.18206567419347
2014-07-11,6.293714285714285,3.259508915042832,7.2142857142857135,8.214285714285714,0.001082142857142834,0.0012132142857142853,0.0022953571428571194,0.0009006377551020627,0.0006289371539917535,0.0015295749090938162,0.0007657822337633032,92.25265706235835
2014-07-18,6.277142857142856,3.2332946293285465,7.2142857142857135,8.285714285714285,0.0011955102040816564,0.00121032967032967,0.0024058398744113262,0.0021720408163265143,0.000626828637508237,0.0027988694538347513,-0.0003930295794234251,92.21639903935245
2014-07-25,6.319000000000001,3.2250446293285466,7.2142857142857135,8.285714285714285,-0.0030196938775511775,0.001207142857142857,-0.0018125510204083206,0.0006835714285714176,0.0006217874287170282,0.001305358857288446,-0.0031179098776967663,91.92887661790202
2014-08-01,6.356142857142856,3.1453388752562352,7.2142857142857135,8.214285714285714,-0.002679591836734581,0.001215192307692308,-0.0014643995290422732,0.006547258370225579,0.0006202008902554898,0.007167459260481068,-0.008631858789523342,91.13535953625677
2014-08-08,6.3028571428571425,3.1534103038276635,7.2142857142857135,8.214285714285714,0.0038441836734693625,0.0012223351648351646,0.005066518838304527,-0.000663010204081609,0.0006048728606261991,-5.8137343455409935e-05,0.005124656181759937,91.60239691988117
2014-08-15,6.232857142857143,3.1251960181133778,7.357142857142858,8.249999999999998,0.005149999999999956,0.0012120879120879119,0.006362087912087868,0.002327678571428574,0.0006064250584283967,0.002934103629856971,0.003427984282230897,91.9164084967372
2014-08-22,6.236999999999999,3.1272674466848063,7.357142857142858,8.285714285714285,-0.0003047959183672714,0.0011986263736263737,0.0008938304552591023,-0.00017163265306121872,0.0006009992342525726,0.00042936658119135387,0.00046446387406774844,91.959100347918
2014-08-29,6.253,3.0813745895419498,7.2142857142857135,8.285714285714285,-0.001154285714285779,0.0011994230769230769,4.513736263729779e-05,0.003802551020408111,0.0006013975859009243,0.0044039486063090355,-0.004358811243671738,91.55826798736355
2014-09-05,6.231,3.035872429362022,7.357142857142858,8.339285714285712,0.0016185714285714464,0.0012025,0.002821071428571446,0.003794555143576131,0.000592572036450375,0.004387127180026506,-0.0015660557514550599,91.41488263518868
2014-09-12,6.192571428571429,3.0959438579334506,7.357142857142858,8.303571428571427,0.0028272448979591385,0.0011982692307692306,0.004025514128728369,-0.004988073979591853,0.000583821621031158,-0.004404252358560695,0.008429766487289065,92.18548874926624
2014-09-19,6.176571428571428,3.0779081436477362,7.357142857142858,8.303571428571427,0.0011771428571429234,0.001190879120879121,0.0023680219780220445,0.0014976084183673543,0.0005953738188333559,0.00209298223720071,0.0002750397408213343,92.21084342219933
2014-09-26,6.0602857142857145,3.0876938579334503,7.357142857142858,8.303571428571427,0.008555306122448933,0.0011878021978021978,0.009743108320251131,-0.0008125637755101856,0.0005919054122399492,-0.00022065836327023636,0.009963766683521369,93.12961075174884
2014-10-03,6.0401428571428575,3.036468758516313,7.357142857142858,8.249999999999998,0.001481938775510195,0.0011654395604395605,0.0026473783359497556,0.004226070701913823,0.0005937872803718174,0.00481985798228564,-0.0021724796463358847,92.92728856791948
2014-10-10,5.97,2.9912187585163132,7.357142857142858,8.32142857142857,0.005160510204081676,0.0011615659340659342,0.006322076138147611,0.00376544642857141,0.0005839362997146756,0.004349382728286086,0.001972693409861525,93.11060561767371
2014-10-17,5.964142857142857,2.972540187087742,7.357142857142858,8.32142857142857,0.00043091836734693333,0.001148076923076923,0.0015789952904238565,0.001554323979591809,0.0005752343766377525,0.0021295583562295616,-0.0005505630658057051,93.05934235718583
2014-10-24,5.96,2.9715044728020272,7.357142857142858,8.285714285714285,0.0003047959183673367,0.0011469505494505494,0.001451746467817886,8.581632653066455e-05,0.0005716423436707196,0.0006574586702013842,0.0007942877976165019,93.13325825727436
2014-10-31,5.945714285714286,2.9765401870877417,7.357142857142858,8.285714285714285,0.0010510204081632616,0.0011461538461538462,0.002197174254317108,-0.00041724489795919945,0.0005714431678465437,0.00015419826988734422,0.0020429759844297637,93.32352726724568
2014-11-07,5.897571428571429,2.9159220221879596,7.357142857142858,8.32142857142857,0.003541938775510164,0.0011434065934065934,0.004685345368916757,0.005044297293446153,0.0005724115744399504,0.005616708867886104,-0.0009313634989693469,93.23660914035389
2014-11-14,5.906571428571429,2.927457736473674,7.357142857142858,8.32142857142857,-0.0006621428571428169,0.0011341483516483517,0.0004720054945055348,-0.0009599362244898075,0.0005607542350361461,-0.00039918198945366134,0.0008711874839591961,93.31783570728375
2014-11-21,5.939857142857142,2.897564879330817,7.357142857142858,8.32142857142857,-0.0024488775510203486,0.0011358791208791207,-0.0013129984301412279,0.0024875127551020238,0.0005629726416295527,0.0030504853967315763,-0.004363483826872804,92.91064484041624
2014-11-28,5.913285714285714,2.854814879330817,7.357142857142858,8.357142857142856,0.0019548979591836172,0.0011422802197802195,0.0030971781789638367,0.0035726785714285947,0.0005572240152559263,0.004129902586684521,-0.001032724407720684,92.81469374975248
2014-12-05,5.922714285714286,2.785877777435109,7.357142857142858,8.44642857142857,-0.0006936734693877815,0.0011371703296703295,0.00044349686028254804,0.005822723070833898,0.0005490028614097724,0.00637172593224367,-0.005928229071961122,92.26446698396002
2014-12-12,5.742,2.8296634917208237,7.428571428571429,8.410714285714283,0.013424489795918393,0.0011389835164835166,0.01456347331240191,-0.0036826913265306507,0.0005357457264298286,-0.0031469456001008223,0.01771041891250273,93.89850934498473
2014-12-19,5.861714285714285,2.8341277774351097,7.357142857142858,8.410714285714283,-0.008807551020408127,0.0011042307692307692,-0.007703320251177358,-0.0003754783163265572,0.0005441660561001584,0.0001686877397736012,-0.007872007990950959,93.15933952908263
2014-12-26,5.789,2.830377777435109,7.357142857142858,8.44642857142857,0.005349693877551006,0.0011272527472527471,0.006476946624803753,0.0003167410714286209,0.0005450245725836749,0.0008617656440122958,0.005615180980791458,93.68244608058941
2015-01-02,5.758571428571428,2.630083030974205,7.428571428571429,8.44642857142857,0.002260408163265326,0.0011132692307692306,0.0033736773940345566,0.016917752692144225,0.000544303418737521,0.017462056110881745,-0.014088378716847188,92.36261230108546
2015-01-09,5.701428571428571,2.584440173831348,7.428571428571429,8.464285714285712,0.004244897959183659,0.0011074175824175823,0.005352315541601241,0.0038633418367346887,0.0005057851982642702,0.004369127034998959,0.0009831885066022821,92.45342215993965
2015-01-16,5.597571428571428,2.5306544595456333,7.5,8.482142857142854,0.007789285714285698,0.0010964285714285713,0.00888571428571427,0.004562181122449,0.0004970077257367976,0.005059188848185798,0.0038265254375284717,92.80719753162121
2015-01-23,5.558142857142857,2.4792973166884913,7.571428571428572,8.51785714285714,0.002985306122448958,0.0010764560439560438,0.004061762166405002,0.004374528061224414,0.000486664319143391,0.004861192380367805,-0.0007994302139628035,92.73300465384122
2015-01-30,5.427428571428571,2.461083030974205,7.571428571428572,8.51785714285714,0.009896938775510244,0.0010688736263736265,0.01096581240188387,0.0015514668367347523,0.00047678794551701755,0.0020282547822517696,0.008937557619632101,93.56181122617653
2015-02-06,5.337285714285713,2.448699486228051,7.571428571428572,8.482142857142854,0.006825102040816406,0.0010437362637362637,0.00786883830455267,0.0010503899561469716,0.0004732851982642702,0.0015236751544112418,0.006345163150141429,94.15547618302935
2015-02-13,5.3905714285714295,2.4796637719423367,7.5,8.464285714285712,-0.003996428571428745,0.0010264010989010986,-0.0029700274725276464,-0.002620905612244884,0.0004709037473515483,-0.0021500018648933357,-0.0008200256076343108,94.07826628146026
2015-02-20,5.376571428571428,2.49752091479948,7.428571428571429,8.464285714285712,0.0010400000000000836,0.0010366483516483518,0.0020766483516484356,-0.0015114795918367663,0.00047685841768121864,-0.0010346211741555475,0.003111269525803983,94.37096912438224
2015-02-27,5.3149999999999995,2.458056629085194,7.5,8.464285714285712,0.004617857142857162,0.001033956043956044,0.005651813186813206,0.003340369897959184,0.0004802924836152846,0.003820662381574469,0.001831150805238737,94.5437766004855
2015-03-06,5.441,2.4856387672261224,7.5,8.482142857142854,-0.009450000000000024,0.0010221153846153846,-0.00842788461538464,-0.00233955636016802,0.00047270319790099886,-0.0018668531622670211,-0.006561031453117618,93.9234719085132
2015-03-13,5.486428571428571,2.5108173386546944,7.428571428571429,8.482142857142854,-0.0033746938775510165,0.0010463461538461538,-0.0023283477237048627,-0.0021356823979592258,0.00047800745523579277,-0.001657674942723433,-0.0006706727809814297,93.86047999240888
2015-03-20,5.523999999999999,2.4498887672261223,7.428571428571429,8.499999999999998,-0.0027910204081632176,0.0010550824175824176,-0.0017359379905808,0.005178928571428628,0.00048284948820282586,0.0056617780596314535,-0.007397716050212253,93.16612681308843
2015-03-27,6.154000000000001,2.47828162436898,7.25,8.499999999999998,-0.04567500000000012,0.001062307692307692,-0.04461269230769243,-0.0024133928571429103,0.0004711324552357927,-0.0019422604019071177,-0.04267043190578531,89.19068794298477
2015-04-03,6.1427499999999995,2.4399226115711032,7.25,8.499999999999998,0.0008156250000000952,0.0011834615384615386,0.001999086538461634,0.003260516087819526,0.0004765926200709577,0.003737108707890484,-0.00173802216942885,89.03567255003325
2015-04-10,6.152750000000001,2.4193511829996748,7.25,8.499999999999998,-0.0007250000000001134,0.0011812980769230767,0.0004562980769229634,0.001748571428571419,0.0004692158868405968,0.0022177873154120157,-0.0017614892384890523,88.87883717099473
2015-04-17,6.1565,2.4269226115711033,7.25,8.499999999999998,-0.0002718749999999459,0.001183221153846154,0.0009113461538462082,-0.0006435714285714276,0.0004652598428845529,-0.0001783115856868747,0.001089657739533083,88.97568468379882
2015-04-24,6.13575,2.4339226115711035,7.25,8.464285714285712,0.0015043750000000356,0.0011839423076923077,0.0026883173076923434,-0.0005925000000000098,0.00046671588684059676,-0.00012578411315941303,0.0028141014208517565,89.22607128448877
2015-05-01,6.125000000000001,2.7134423552890405,7.25,8.44642857142857,0.0007793749999999223,0.0011799519230769229,0.001959326923076845,-0.02360943549617575,0.0004680620406867506,-0.023141373455489,0.025100700378565845,91.46570816575728
2015-05-08,6.191,2.7576566410033267,7.25,8.374999999999998,-0.004784999999999924,0.0011778846153846156,-0.0036071153846153085,-0.003702946428571469,0.0005218158375555847,-0.0031811305910158846,-0.00042598479359942393,91.42674516494286
2015-05-15,6.196625,2.752335212431898,7.25,8.410714285714283,-0.0004078125000000155,0.001190576923076923,0.0007827644230769076,0.0004475701530612538,0.0005303185848083321,0.0009778887378695859,-0.00019512431479267822,91.40890558393883
2015-05-22,6.17825,2.7462637838604698,7.25,8.374999999999998,0.001332187499999986,0.0011916586538461538,0.0025238461538461395,0.0005084821428571,0.0005292952331599804,0.0010377773760170805,0.001486068777829059,91.54474550454265
2015-05-29,6.25125,2.7420494981461836,7.25,8.374999999999998,-0.005292499999999965,0.0011881250000000002,-0.004104374999999965,0.0003529464285714667,0.000528127650742398,0.0008810740793138646,-0.004985449079313829,91.088353837351
2015-06-05,6.369625,2.9960821134658193,7.1875,8.303571428571427,-0.008508203125000025,0.0012021634615384615,-0.007306039663461564,-0.021093779664934035,0.0005273172111819583,-0.020566462453752078,0.013260422790290514,92.29622392050587
2015-06-12,6.43775,3.0090463991801046,7.1875,8.303571428571427,-0.004896484375000016,0.0012249278846153846,-0.003671556490384631,-0.0010764987244897628,0.0005761696372049653,-0.0005003290872847975,-0.0031712274030998334,92.00353160600652
2015-06-19,6.443125,2.992689256322962,7.25,8.303571428571427,-0.0003896874999999933,0.0012380288461538462,0.0008483413461538528,0.0013582270408163163,0.0005786627690730971,0.0019368898098894134,-0.0010885484637355605,91.90338130301856
2015-06-26,6.441,3.010010684894391,7.25,8.303571428571427,0.0001540625000000273,0.0012390625,0.0013931250000000272,-0.0014382971938775807,0.0005755171646774927,-0.000862780029200088,0.0022559050292001153,92.11070660310054
2015-07-03,6.473625,2.928270892243724,7.25,8.303571428571427,-0.002365312500000025,0.0012386538461538461,-0.0011266586538461788,0.006787322068314284,0.0005788482086335367,0.007366170276947821,-0.008492828930794,91.32842612922585
2015-07-10,6.411375,2.9441994636722955,7.25,8.303571428571427,0.004513125000000042,0.0012449278846153845,0.0057580528846154265,-0.0013226403061224372,0.0005631290177391777,-0.0007595112883832595,0.006517564172998686,91.92366500734205
2015-07-17,6.416,2.9224851779580097,7.25,8.303571428571427,-0.00033531250000005567,0.0012329567307692306,0.000897644230769175,0.0018030612244898025,0.0005661922045523645,0.0023692534290421672,-0.0014716091982729922,91.78838929637828
2015-07-24,6.277,2.927628035100867,7.25,8.303571428571427,0.010077500000000017,0.001233846153846154,0.011311346153846172,-0.00042704081632654673,0.0005620163803765403,0.00013497556404999358,0.011176370589796179,92.8142503509951
2015-07-31,6.336375,2.932199463672296,7.25,8.303571428571427,-0.004304687500000013,0.0012071153846153848,-0.0030975721153846288,-0.0003795918367347205,0.0005630053913655513,0.0001834135546308308,-0.0032809856700154595,92.50972812562026
2015-08-07,6.3488750000000005,2.872851925371597,7.25,8.374999999999998,-0.0009062500000000128,0.0012185336538461538,0.00031228365384614097,0.004970356332683535,0.0005638845122446723,0.005534240844928207,-0.005221957191082066,92.02664628558963
2015-08-14,6.336875,2.8689590682287403,7.25,8.374999999999998,0.000870000000000033,0.0012209375000000002,0.0020909375000000333,0.0003260267857142484,0.0005524715241099225,0.0008784983098241709,0.0012124391901758625,92.13822299808673
2015-08-21,6.13275,2.8942447825144546,7.25,8.374999999999998,0.014799062500000022,0.0012186298076923077,0.01601769230769233,-0.0021176785714285768,0.0005517228977362962,-0.0015659556736922807,0.01758364798138461,93.75834907691541
2015-08-28,6.175624999999999,2.9063876396573116,7.25,8.374999999999998,-0.0031084374999999676,0.001179375,-0.0019290624999999675,-0.0010169642857142745,0.0005565855350989335,-0.00046037875061534094,-0.0014686837493846265,93.62064771325701
2015-09-04,6.192374999999999,2.989877522379377,7.25,8.357142857142854,-0.0012143750000000032,0.0011876201923076922,-2.6754807692310964e-05,-0.006977368770344032,0.0005589206999340984,-0.006418448070409933,0.006391693262717622,94.2190421764971
2015-09-11,6.2253750000000005,2.99373466523652,7.1875,8.357142857142854,-0.00237187500000009,0.001190841346153846,-0.001181033653846244,-0.0003223469387755223,0.0005749764466114187,0.00025262950783589636,-0.0014336631616821403,94.08396380659968
2015-09-18,6.142874999999999,2.991627522379378,7.25,8.357142857142854,0.0059812500000000985,0.0011971875000000001,0.007178437500000099,0.00017609693877545496,0.000575718204853177,0.000751815143628632,0.006426622356371467,94.6886059117752
2015-09-25,6.176375,3.023520379522234,7.25,8.357142857142854,-0.0024287500000000706,0.0011813221153846151,-0.0012474278846154555,-0.002665331632652988,0.0005753129850729573,-0.0020900186475800307,0.0008425907629645752,94.76838965647445
2015-10-02,6.03175,2.8791962508750393,7.25,8.39285714285714,0.010485312500000031,0.0011877644230769231,0.011673076923076954,0.012112917940032417,0.0005814462268311989,0.012694364166863616,-0.001021287243786662,94.6716039090041
2015-10-09,6.004375,2.862946250875039,7.25,8.374999999999998,0.0019846875000000107,0.001159951923076923,0.003144639423076934,0.0013609375000000264,0.0005536915867067383,0.0019146290867067648,0.0012300103363701693,94.78805096037293
2015-10-16,5.959,2.8579105365893245,7.25,8.374999999999998,0.003289687499999996,0.0011546875,0.004444374999999996,0.00042174107142858733,0.0005505665867067383,0.0009723076581353256,0.0034720673418646704,95.11716145651144
2015-10-23,5.947,2.8706248223036104,7.375,8.374999999999998,0.0008849999999999681,0.0011459615384615384,0.0020309615384615067,-0.001064821428571444,0.0005495981801133316,-0.0005152232484581125,0.0025461847869196193,95.359347325987
2015-10-30,6.00575,2.8763391080178966,7.375,8.374999999999998,-0.0043328124999999895,0.0011436538461538461,-0.003189158653846143,-0.0004785714285714714,0.0005520432350583866,7.34718064869152e-05,-0.0032626304603330584,95.04822501472376
2015-11-06,6.0447500000000005,2.9182020195840965,7.375,8.374999999999998,-0.0028762500000000437,0.001154951923076923,-0.0017212980769231207,-0.003506018843669243,0.0005531421361572879,-0.0029528767075119554,0.0012315786305888347,95.16528437752729
2015-11-13,6.059875,2.9367020195840965,7.375,8.339285714285712,-0.001115468749999955,0.0011624519230769232,4.698317307696813e-05,-0.0015427678571428534,0.0005611926960738647,-0.0009815751610689886,0.0010285583341459567,95.26316742389517
2015-11-20,5.913625,2.9167377338698106,7.375,8.339285714285712,0.010785937500000016,0.0011653605769230769,0.011951298076923092,0.0016648788265306255,0.000564750388381557,0.0022296292149121826,0.00972166886201091,96.18928439233659
2015-11-27,5.89125,2.9333805910126682,7.375,8.339285714285712,0.0016501562499999533,0.001137235576923077,0.0027873918269230302,-0.0013878954081633051,0.0005609111026672713,-0.0008269843054960339,0.0036143761324190643,96.53694864603871
2015-12-04,5.902125,2.9593380849827673,7.375,8.339285714285712,-0.0008020312499999649,0.0011329326923076924,0.00033090144230772753,-0.0021646695864350456,0.0005641116521178209,-0.0016005579343172248,0.0019314593766249523,96.72340584069185
2015-12-11,5.90125,3.0410523706970536,7.375,8.339285714285712,6.453124999998062e-05,0.0011350240384615383,0.001199555288461519,-0.0068143877551020875,0.0005691034778813014,-0.0062452842772207865,0.007444839565682306,97.44349607942219
2015-12-18,5.89175,3.0144809421256245,7.375,8.339285714285712,0.0007006250000000047,0.0011348557692307693,0.0018354807692307741,0.0022158673469388217,0.0005848177635955872,0.0028006851105344087,-0.0009652043413036345,97.34944319397452
2015-12-25,5.937500000000001,3.0460523706970535,7.4375,8.339285714285712,-0.0034026562500000627,0.0011330288461538461,-0.0022696274038462166,-0.0026328316326530983,0.000579707873485697,-0.0020531237591674013,-0.00021650364467881537,97.32836668471558
2016-01-01,5.985875,2.987870562035164,7.4375,8.339285714285712,-0.003597890624999938,0.0011418269230769234,-0.0024560637019230146,0.004851947258053978,0.0005857793020571257,0.005437726560111104,-0.007893790262034118,96.56007697156008
2016-01-08,5.991249999999999,2.962870562035164,7.4375,8.339285714285712,-0.0003997656249999271,0.0011511298076923077,0.0007513641826923806,0.0020848214285714576,0.0005745904926990701,0.0026594119212705277,-0.0019080477385781472,96.37583573505756
2016-01-15,5.933375000000001,2.9656205620351646,7.4375,8.357142857142854,0.004304453124999877,0.0011521634615384614,0.005456616586538339,-0.00022982142857148668,0.0005697828003913776,0.00033996137181989096,0.005116655214718448,96.8689576575442
2016-01-22,5.9731250000000005,2.964763419178021,7.4375,8.357142857142854,-0.00295640624999998,0.001141033653846154,-0.001815372596153826,7.163265306126428e-05,0.0005703116465452239,0.0006419442996064883,-0.002457316895760314,96.63091993121762
2016-01-29,5.937999999999999,2.9042991334637356,7.4375,8.374999999999998,0.002612421875000121,0.0011486778846153847,0.003761099759615506,0.005063883928571421,0.0005701468113803887,0.00563403073995181,-0.001872930980336304,96.44993688762004
2016-02-05,5.86275,2.8161944580866516,7.4375,8.339285714285712,0.005596718749999904,0.0011419230769230766,0.006738641826922981,0.007347300607338967,0.0005585190641276415,0.007905819671466608,-0.001167177844543627,96.33736265817718
2016-02-12,5.829625,2.8159801723723654,7.4375,8.374999999999998,0.0024636718750000054,0.001127451923076923,0.003591123798076928,1.794642857146644e-05,0.0005415758573243561,0.0005595222858958225,0.0030316015121811058,96.62941915249125
2016-02-19,5.664375,2.7951230295152225,7.4375,8.339285714285712,0.012290468750000024,0.0011210817307692308,0.013411550480769256,0.0017393367346938812,0.0005415346485331472,0.0022808713832270285,0.011130679097542227,97.70497020845954
2016-02-26,5.674375,2.8098730295152228,7.4375,8.339285714285712,-0.0007437500000000503,0.0010893028846153845,0.0003455528846153343,-0.0012300446428571644,0.0005375236595221582,-0.0006925209833350063,0.0010380738679503405,97.80639518480181
2016-03-04,5.6555,2.7159559806468008,7.5,8.410714285714283,0.0014156250000000314,0.0010912259615384616,0.002506850961538493,0.007899094645897635,0.0005403601979836966,0.008439454843881332,-0.005932603882342839,97.22614858501049
2016-03-11,5.671749999999999,2.715455980646801,7.5,8.410714285714283,-0.0012187499999999575,0.0010875961538461538,-0.00013115384615380366,4.205357142854811e-05,0.0005222992270474617,0.0005643527984760099,-0.0006955066446298135,97.15852715263786
2016-03-18,5.744625,2.6956345520753726,7.5,8.44642857142857,-0.005465625000000051,0.0010907211538461537,-0.004374903846153897,0.0016742028061224369,0.0005222030732013079,0.0021964058793237447,-0.006571309725477642,96.52006837824665
2016-03-25,5.8603749999999994,2.7084202663610872,7.5625,8.410714285714283,-0.008753593749999952,0.001104735576923077,-0.007648858173076875,-0.0010753698979592116,0.0005183912600144947,-0.0005569786379447169,-0.007091879535132158,95.8355596805854
2016-04-01,5.798875,2.675850929466134,7.5625,8.428571428571427,0.0046509374999999745,0.0011269951923076923,0.005777932692307667,0.002745129824003209,0.000520850051223286,0.003265979875226495,0.0025119528170811723,96.0762940847016
2016-04-08,5.812125,2.6736366437518484,7.5625,8.39285714285714,-0.0010020312500000155,0.0011151682692307691,0.00011313701923075362,0.00018584183673467602,0.0005145867172050258,0.0007004285539397017,-0.0005872915347089481,96.01986929049944
2016-04-15,5.87875,2.6273509294661346,7.5625,8.428571428571427,-0.005038515625000012,0.0011177163461538462,-0.003920799278846166,0.0039012244897958783,0.0005141608930292016,0.00441538538282508,-0.008336184661671246,95.2194299289043
2016-04-22,5.934250000000001,2.644993786608991,7.5625,8.428571428571427,-0.004197187500000092,0.0011305288461538462,-0.003066658653846246,-0.001487040816326487,0.0005052597941281028,-0.0009817810221983841,-0.0020848776316478622,95.02090906934727
2016-04-29,5.945625000000001,2.6393866437518487,7.5,8.39285714285714,-0.0008531249999999434,0.0011412019230769234,0.00028807692307697994,0.00047059948979588634,0.0005086526512709599,0.0009792521410668463,-0.0006911752179898663,94.95523297180767
2016-05-06,5.9186250000000005,2.648407126238986,7.5625,8.374999999999998,0.0020418750000000103,0.0011433894230769232,0.0031852644230769334,-0.0007554654082977556,0.0005075743545676632,-0.0002478910537300924,0.003433155476807026,95.28122904993631
2016-05-13,5.90775,2.6232642690961283,7.5625,8.410714285714283,0.0008224218750000311,0.0011381971153846154,0.0019606189903846466,0.002114693877551075,0.0005093090627382665,0.0026240029402893415,-0.0006633839499046949,95.21802101185739
2016-05-20,5.99125,2.660085697667557,7.4375,8.374999999999998,-0.006210312499999993,0.0011361057692307692,-0.005074206730769223,-0.0030837946428571602,0.0005044738979031016,-0.002579320744954059,-0.0024948859858151644,94.98046290563785
2016-05-27,5.9777499999999995,2.6655856976675576,7.4375,8.374999999999998,0.0010040625000000381,0.0011521634615384616,0.0021562259615384998,-0.00046062500000004216,0.0005115549418591456,5.092994185910342e-05,0.0021052960196793966,95.18042489614041
2016-06-03,6.032,2.5617859733082664,7.375,8.410714285714283,-0.004000937500000043,0.0011495673076923076,-0.002851370192307735,0.008730298245218952,0.000512612634166838,0.00924291087938579,-0.012094281071693525,94.02928608492327
2016-06-10,6.013375,2.527178830451124,7.375,8.410714285714283,0.0013735937500000085,0.00116,0.0025335937500000085,0.0029107079081632254,0.0004926511487131282,0.0034033590568763534,-0.0008697653068763449,93.94750267405625
2016-06-17,5.937125,2.540607401879695,7.4375,8.374999999999998,0.005671093749999995,0.0011564182692307692,0.006827512019230764,-0.0011246428571428128,0.00048599592893290843,-0.0006386469282099044,0.007466158947440668,94.64892966173586
2016-06-24,6.098375000000001,2.5400002590225523,7.5,8.374999999999998,-0.01209375000000006,0.0011417548076923076,-0.010951995192307752,5.084821428569141e-05,0.000488578346515326,0.0005394265608010175,-0.01149142175310877,93.56127889251253
2016-07-01,6.037625,2.330442327903587,7.5625,8.44642857142857,0.00459421875000004,0.0011727644230769233,0.005766983173076963,0.01770016096772688,0.0004884615882735677,0.01818862255600045,-0.012421639382923486,92.39909442590462
2016-07-08,5.94325,2.3086208993321584,7.5625,8.44642857142857,0.007137109375000024,0.0011610817307692307,0.008298191105769254,0.0018431313775510274,0.00044816198613530523,0.0022912933636863326,0.006006897742082922,92.95412633758208
2016-07-15,5.962250000000001,2.321692327903587,7.5625,8.482142857142854,-0.0014368750000000768,0.0011429326923076922,-0.00029394230769238454,-0.001108737244897963,0.00044396555756387663,-0.0006647716873340864,0.0003708293796417019,92.98859645858697
2016-07-22,5.998374999999999,2.26929947076073,7.5,8.482142857142854,-0.0027093749999998807,0.0011465865384615386,-0.0015627884615383421,0.0044440369897958965,0.0004464792938276129,0.004890516283623509,-0.0064533047451618515,92.38851270781483
2016-07-29,6.031625,2.2537637564750157,7.5,8.482142857142854,-0.00249375000000005,0.0011535336538461539,-0.0013402163461538963,0.0013177614795918486,0.0004364037443770635,0.0017541652239689122,-0.0030943815701228086,92.10262739680071
2016-08-05,6.01475,2.2194749223240637,7.5625,8.499999999999996,0.0012761718749999813,0.0011599278846153847,0.002436099759615366,0.0029145509028309156,0.0004334161070144261,0.003347967009845342,-0.0009118672502299759,92.01864202721744
2016-08-12,5.9677500000000006,2.2051892080383495,7.5625,8.499999999999996,0.003554374999999978,0.0011566826923076923,0.004711057692307671,0.0012142857142857094,0.0004268221004469353,0.0016411078147326448,0.003069949877575026,92.30113464604352
2016-08-19,5.899875,2.201546350895492,7.5625,8.499999999999996,0.00513304687500006,0.001147644230769231,0.006280691105769291,0.00030964285714286873,0.0004240748476996826,0.0007337177048425513,0.005546973400926739,92.81312658480049
2016-08-26,5.895375,2.2514392080383496,7.5625,8.464285714285712,0.00034031250000001286,0.0011345913461538462,0.001474903846153859,-0.004223073979591858,0.00042337429824913314,-0.003799699681342725,0.005274603527496584,93.30267902968266
2016-09-02,5.941625,2.2900923662738095,7.5625,8.428571428571427,-0.003497656250000043,0.0011337259615384616,-0.002363930288461581,-0.0032579090512744762,0.0004329690784689134,-0.002824939972805563,0.00046100968434398173,93.3456924682906
2016-09-09,5.923625,2.2808066519880947,7.5625,8.428571428571427,0.0013612499999999844,0.0011426201923076923,0.0025038701923076768,0.0007826530612245319,0.0004404023781295787,0.0012230554393541106,0.0012808147529535662,93.46525100832864
2016-09-16,5.92625,2.298663794845238,7.5625,8.428571428571427,-0.00019851562499994036,0.001139158653846154,0.0009406430288462136,-0.0015051020408163582,0.00043861666384386434,-0.0010664853769724938,0.0020071284058187076,93.65284776858444
2016-09-23,5.865875,2.2575923662738093,7.5625,8.464285714285712,0.004565859374999971,0.0011396634615384615,0.005705522836538433,0.0034764030612244954,0.0004420507297779304,0.003918453791002426,0.0017870690455360078,93.82021187385796
2016-09-30,5.8191250000000005,2.2604495091309524,7.5625,8.464285714285712,0.003535468749999955,0.0011280528846153847,0.00466352163461534,-0.0002418367346938992,0.00043415237812957874,0.00019231564343567955,0.00447120599117966,94.2397013672821
2016-10-07,5.848625,2.3499241109414664,7.5625,8.44642857142857,-0.0022309374999999725,0.0011190625,-0.0011118749999999725,-0.007557408331495192,0.0004347018286790293,-0.007122706502816163,0.006010831502816191,94.80616033307653
2016-10-14,5.823999999999999,2.3580669680843234,7.5625,8.44642857142857,0.001862265625000093,0.001124735576923077,0.00298700120192317,-0.0006877806122448863,0.00045190848287335886,-0.00023587212937152747,0.0032228733312946976,95.11170857885645
2016-10-21,5.7555,2.3531026823700376,7.5625,8.44642857142857,0.00518031249999995,0.0011199999999999997,0.006300312499999949,0.0004193048469387788,0.000453474416939293,0.0008727792638780717,0.005427533236121877,95.62793053831254
2016-10-28,5.77075,2.3830669680843233,7.5625,8.44642857142857,-0.001153281249999999,0.001106826923076923,-4.645432692307588e-05,-0.002530911989795914,0.0004525197466096226,-0.0020783922431862915,0.0020319379162632156,95.82224055622711
2016-11-04,5.8233749999999995,2.571460739291694,7.5,8.44642857142857,-0.003946874999999995,0.0011097596153846153,-0.0028371153846153793,-0.015912545318051145,0.0004582821092469852,-0.015454263208804159,0.01261714782418878,97.03124393017
2016-11-11,6.295625,2.689353596434551,7.4375,8.374999999999998,-0.03512359375000005,0.0011198798076923076,-0.034003713942307744,-0.009873526785714272,0.0004945116806330181,-0.009379015105081254,-0.02462469883722649,94.64187877058811
2016-11-18,6.108999999999999,2.719032167863123,7.4375,8.374999999999998,0.013880234375000087,0.0012106971153846154,0.015090931490384702,-0.0024855803571428763,0.0005171833839297214,-0.001968396973213155,0.017059328463597857,96.25640566694757
2016-11-25,5.917375,2.739817882148837,7.4375,8.339285714285712,0.014252109374999945,0.0011748076923076922,0.015426917067307637,-0.0017333801020408073,0.000522890801512139,-0.0012104893005286683,0.016637406367836304,97.85786260353588
2016-12-02,6.109,2.7821619473535395,7.375,8.339285714285712,-0.01413234375000001,0.0011379567307692308,-0.01299438701923078,-0.0035311925804635794,0.0005268880542593917,-0.0030043045262041876,-0.009990082493026593,96.8802544835353
2016-12-09,6.074875,2.7392690902106818,7.375,8.410714285714283,0.0025167187500000298,0.0011748076923076922,0.0036915264423077222,0.0036075956632653544,0.0005350311437218345,0.004142626806987189,-0.0004511003646794666,96.83655176540753
2016-12-16,6.1675,2.7902333759249682,7.375,8.303571428571427,-0.006831093750000062,0.0011682451923076922,-0.0056628485576923696,-0.004231855867347,0.0005267825173482081,-0.0037050733499987922,-0.0019577752076935773,96.64696756516268
2016-12-23,6.186375,2.745554804496397,7.375,8.374999999999998,-0.0013920312499999656,0.0011860576923076924,-0.00020597355769227314,0.0037418303571428494,0.0005365833415240323,0.004278413698666881,-0.004484387256359155,96.21356513544772
2016-12-30,6.124874999999999,2.7216262330678256,7.375,8.410714285714283,0.0045356250000000405,0.0011896875,0.00572531250000004,0.0020125637755101923,0.0005279913085569994,0.0025405550840671915,0.003184757415932849,96.51998200052618
2017-01-06,6.198625,2.7195955955415263,7.375,8.410714285714283,-0.005439062500000031,0.0011778605769230768,-0.004261201923076954,0.000170791120515529,0.0005233896602053511,0.0006941807807208801,-0.004955382703797835,96.04168855114989
2017-01-13,6.176874999999999,2.6958813098272403,7.375,8.410714285714283,0.0016040625000000607,0.0011920432692307692,0.00279610576923083,0.0019945408163265558,0.000522999152988755,0.002517539969315311,0.0002785657999155194,96.06844248094639
2017-01-20,6.226375000000001,2.7107384526843834,7.375,8.410714285714283,-0.003650625000000138,0.0011878605769230768,-0.0024627644230770613,-0.0012495918367347158,0.0005184387134283154,-0.0007311531233064004,-0.001731611299770661,95.90208928039502
2017-01-27,6.235625,2.705667024112955,7.375,8.410714285714283,-0.0006821874999999166,0.0011973798076923077,0.0005151923076923911,0.00042654336734694235,0.0005212958562854583,0.0009478392236324006,-0.00043264691594000946,95.86059753723565
2017-02-03,6.2227500000000004,2.746536555303273,7.375,8.39285714285714,0.0009495312499999487,0.0011991586538461537,0.0021486899038461026,-0.00343012136775885,0.0005203205815601836,-0.002909800786198666,0.005058490690044768,96.34550747741989
2017-02-10,6.194375,2.7006794124461306,7.375,8.39285714285714,0.0020926562500000355,0.0011966826923076924,0.0032893389423077277,0.003848724489795877,0.000528180106789091,0.004376904596584968,-0.0010875656542772404,96.24072541254354
2017-02-17,6.110875000000001,2.718286555303274,7.375,8.39285714285714,0.0061581249999999275,0.0011912259615384614,0.007349350961538389,-0.0014777423469388188,0.0005193614254704097,-0.0009583809214684091,0.008307731883006798,97.04026755549702
2017-02-24,6.102125,2.6958579838747023,7.375,8.39285714285714,0.0006453125000000681,0.0011751682692307695,0.0018204807692308376,0.0018823979591836948,0.0005227474144813989,0.0024051453736650937,-0.000584664604434256,96.98353154585249
2017-03-03,6.102125,2.7410617275406763,7.375,8.39285714285714,-0.0,0.001173485576923077,0.001173485576923077,-0.0037938856291085325,0.000518434227668212,-0.0032754514014403206,0.004448936978363398,97.4150051656391
2017-03-10,6.2132499999999995,2.758990298969248,7.375,8.357142857142856,-0.008195468749999962,0.001173485576923077,-0.007021983173076885,-0.0014983163265306194,0.000527127255296284,-0.0009711890712343354,-0.00605079410184255,96.8255670269519
2017-03-17,6.1530000000000005,2.714597441826391,7.375,8.357142857142856,0.004443437499999928,0.001194855769230769,0.005638293269230698,0.003709974489795898,0.0005305750574940861,0.004240549547289984,0.0013977437219407137,96.96090435538719
2017-03-24,6.126875000000001,2.695561727540677,7.375,8.357142857142856,0.0019267187499999638,0.0011832692307692308,0.003109987980769195,0.0015908418367346548,0.0005220379695819983,0.002112879806316653,0.0009971081744525418,97.05758486572226
2017-03-31,6.132625000000001,2.697561727540676,7.375,8.357142857142856,-0.0004240624999999942,0.0011782451923076924,0.0007541826923076982,-0.0001671428571427645,0.0005183772552962841,0.0003512343981535196,0.0004029482941541786,97.09669405397861
2017-04-07,6.04425,2.6247653985073027,7.375,8.357142857142856,0.006517656250000073,0.0011793509615384617,0.007697007211538535,0.006083693212074767,0.0005187618706808992,0.006602455082755666,0.0010945521287828684,97.20297144715317
2017-04-14,6.0486249999999995,2.613551112793017,7.375,8.357142857142856,-0.0003226562499999686,0.0011623557692307693,0.0008396995192308007,0.0009371938775510311,0.0005047625766360197,0.0014419564541870507,-0.00060225693495625,97.14443028350077
2017-04-21,6.0451250000000005,2.6102653985073023,7.375,8.357142857142856,0.0002581249999999225,0.0011631971153846152,0.0014213221153845377,0.0002745918367347166,0.0005026059832294263,0.0007771978199641429,0.0006441242954203948,97.20700337121116
2017-04-28,6.0855,2.6083368270787313,7.375,8.357142857142856,-0.0029776562499999383,0.0011625240384615385,-0.0018151322115383998,0.00016117346938772408,0.0005019741150975581,0.0006631475844852822,-0.0024782797960236818,96.96609721872427
2017-05-05,6.102375,2.593571087428757,7.375,8.357142857142856,-0.0012445312500000472,0.0011702884615384615,-7.42427884615857e-05,0.0012339939564621374,0.000501603235976679,0.0017355971924388164,-0.001809839980900402,96.79060409918596
2017-05-12,6.121,2.592999658857328,7.375,8.357142857142856,-0.0013735937500000085,0.001173533653846154,-0.00020006009615385458,4.775510204084288e-05,0.0004987636706593764,0.0005465187727002193,-0.0007465788688540739,96.71834227946188
2017-05-19,6.086,2.6295710874287566,7.375,8.357142857142856,0.00258125000000001,0.0011771153846153847,0.0037583653846153947,-0.0030563265306122363,0.0004986537805494862,-0.00255767275006275,0.006316038134678145,97.32921901762181
2017-05-26,6.219124999999999,2.590463944571614,7.375,8.39285714285714,-0.009817968749999913,0.0011703846153846155,-0.008647584134615298,0.0032822066326530356,0.0005056867475824532,0.0037878933802354886,-0.012435477514850787,96.11888370299019
2017-06-02,6.251250000000001,2.5041776909735494,7.375,8.410714285714283,-0.0023692187500001117,0.0011959855769230767,-0.001173233173077035,0.007257290257980076,0.0004981661431868489,0.007755456401166925,-0.00892868957424396,95.26066802818333
2017-06-09,6.23875,2.514641976687835,7.375,8.410714285714283,0.0009218750000000786,0.0012021634615384618,0.0021240384615385404,-0.000880121173469396,0.0004815726328795287,-0.00039854854058986723,0.0025225870021284074,95.50097135116529
2017-06-16,6.194000000000001,2.4964634052592634,7.375,8.410714285714283,0.0033003124999999066,0.0011997596153846153,0.004500072115384522,0.001528947704081665,0.00048358499551689137,0.002012532699598556,0.002487539415785966,95.73853378164715
2017-06-23,6.228999999999999,2.5027134052592634,7.4375,8.410714285714283,-0.0026031249999998785,0.0011911538461538463,-0.0014119711538460322,-0.0005256696428571501,0.0004800891163960122,-4.55805264611379e-05,-0.0013663906273848943,95.60771754640834
2017-06-30,6.274375,2.5233562624021206,7.375,8.410714285714283,-0.003346406250000061,0.0011978846153846152,-0.0021485216346154457,-0.0017362117346938805,0.0004812910394729353,-0.0012549206952209451,-0.0008936009393945006,95.52228240019551
2017-07-07,6.244,2.676394309435459,7.375,8.39285714285714,0.0022401562500000195,0.001206610576923077,0.0034467668269230964,-0.012844264661726626,0.0004852608196927155,-0.01235900384203391,0.015805770668957005,97.03208568958834
2017-07-14,6.225125,2.6576085951497452,7.375,8.357142857142856,0.0013920312499999656,0.0012007692307692307,0.0025928004807691963,0.0015699489795918094,0.0005146912133529729,0.002084640192944782,0.0005081602878244142,97.08139354218058
2017-07-21,6.204,2.6173228808640303,7.375,8.410714285714283,0.0015579687500000372,0.0011971394230769232,0.0027551081730769604,0.0033883163265306646,0.0005110785759903356,0.0038993949025210002,-0.00114428672944404,96.97030459187434
2017-07-28,6.211250000000001,2.640072880864031,7.375,8.374999999999998,-0.000534687500000064,0.001193076923076923,0.000658389423076859,-0.0019053125000000593,0.0005033313232430828,-0.0014019811767569765,0.0020603705998338355,97.17009935651237
2017-08-04,6.100375,2.5690094846364593,7.375,8.428571428571425,0.00817703125000007,0.001194471153846154,0.009371502403846224,0.005989629110609616,0.0005077063232430828,0.0064973354338526985,0.0028741669699935257,97.44938244655384
2017-08-11,6.0255,2.557116627493602,7.375,8.428571428571425,0.00552203124999997,0.0011731490384615383,0.006695180288461508,0.0010023979591836736,0.0004940402855070114,0.001496438244690685,0.005198742043770823,97.95599664821826
2017-08-18,6.048,2.56168805606503,7.375,8.428571428571425,-0.0016593749999999974,0.00115875,-0.0005006249999999974,-0.00038530612244893166,0.0004917531975949234,0.00010644707514599177,-0.0006070720751459892,97.89653029806003
2017-08-25,6.0575,2.5528666274936014,7.375,8.428571428571425,-0.0007006250000000047,0.0011630769230769231,0.0004624519230769184,0.0007435204081632807,0.0004926323184740442,0.0012361527266373249,-0.0007737008035604065,97.82078767390264
2017-09-01,5.9959999999999996,2.536482115735796,7.375,8.410714285714283,0.0045356250000000405,0.0011649038461538463,0.005700528846153886,0.0013780544710582769,0.0004909358899026156,0.0018689903609608925,0.003831538485192994,98.19559178652709
2017-09-08,5.944,2.4978392585929385,7.4375,8.410714285714283,0.003867499999999971,0.001153076923076923,0.005020576923076893,0.0032501403061224714,0.00048778502225688386,0.0037379253283793554,0.0012826515946975378,98.32154251892436
2017-09-15,5.8793750000000005,2.509946401450081,7.375,8.410714285714283,0.004766093749999962,0.001143076923076923,0.005909170673076885,-0.0010182971938775146,0.00048035370357556515,-0.0005379434903019494,0.006447114163378834,98.95543272826337
2017-09-22,5.852125,2.514732115735796,7.375,8.410714285714283,0.0020096875000000323,0.0011306490384615385,0.003140336538461571,-0.00040251275510210573,0.0004826820002788617,8.016924517675596e-05,0.003060167293284815,99.25825290699125
2017-09-29,5.841374999999999,2.529053544307224,7.375,8.410714285714283,0.0007928125000000518,0.0011254086538461537,0.0019182211538462056,-0.0012045344387754558,0.0004836023299491915,-0.0007209321088262643,0.0026391532626724697,99.5202106489979
2017-10-06,5.811249999999999,2.558588964123957,7.375,8.410714285714283,0.002221718749999997,0.001123341346153846,0.003345060096153843,-0.0024841397738716514,0.00048635645082831225,-0.001997783323043339,0.005342843419197182,100.051931551541
2017-10-13,5.850875,2.548731821266814,7.375,8.410714285714283,-0.0029223437500000672,0.0011175480769230767,-0.0018047956730769905,0.0008290561224489734,0.0004920363392546071,0.0013210924617035806,-0.003125888134780571,99.73918040584215
2017-10-20,5.886875,2.562338964123957,7.375,8.410714285714283,-0.00265499999999997,0.0011251682692307694,-0.0015298317307692005,-0.0011444579081632711,0.0004901407348590028,-0.0006543171733042684,-0.0008755145574649322,99.65185730144722
2017-10-27,5.840222222222222,2.6020175355525286,7.333333333333332,8.410714285714283,0.0034212037037037266,0.001132091346153846,0.004553295049857573,-0.003337251275510205,0.000492757493100761,-0.002844493782409444,0.007397788832267016,100.38906069850653
2017-11-03,5.8614444444444445,2.5545832023827155,7.333333333333332,8.428571428571425,-0.001556296296296331,0.001123119658119658,-0.0004331766381766729,0.0039980366528842405,0.0005003879876062555,0.004498424640490496,-0.004931601278667168,99.89398187840158
2017-11-10,5.894555555555555,2.573797488097001,7.333333333333332,8.428571428571425,-0.0024281481481480973,0.0011272008547008547,-0.0013009472934472426,-0.0016194897959183408,0.0004912660004582146,-0.0011282237954601262,-0.00017272349798711645,99.87672784042367
2017-11-17,5.947555555555556,2.5673689166684297,7.333333333333332,8.428571428571425,-0.003886666666666726,0.001133568376068376,-0.00275309829059835,0.0005418367346938604,0.0004949610554032694,0.0010367977900971298,-0.00378989608069548,99.49820542102856
2017-11-24,5.943333333333333,2.55986891666843,7.333333333333332,8.428571428571425,0.0003096296296296389,0.0011437606837606839,0.0014533903133903227,0.0006321428571428435,0.0004937247916670057,0.0011258676488098492,0.00032752266458047356,99.53079333838903
2017-12-01,6.009222222222221,2.547585576836481,7.333333333333332,8.428571428571425,-0.004831851851851786,0.0011429487179487178,-0.003688903133903068,0.001035310071549974,0.000492282483974698,0.0015275925555246722,-0.00521649568942774,99.01159138397401
2017-12-08,5.992666666666667,2.5405141482650526,7.333333333333332,8.428571428571425,0.0012140740740740161,0.001155619658119658,0.002369693732193674,0.0005960204081632502,0.0004899203032377848,0.001085940711401035,0.0012837530207926392,99.13869781350667
2017-12-15,5.940555555555556,2.535014148265052,7.3888888888888875,8.428571428571425,0.0038504320987653904,0.0011524358974358973,0.0050028679962012875,0.0004635714285714709,0.0004885604131278947,0.0009521318416993656,0.004050736154501922,99.54028252105007
2017-12-22,5.952555555555555,2.5333355768364814,7.333333333333332,8.428571428571425,-0.000879999999999903,0.00114241452991453,0.00026241452991462703,0.0001414795918366776,0.0004875027208202023,0.0006289823126568799,-0.0003665677827422529,99.5037942603928
2017-12-29,5.950777777777777,2.51040700540791,7.333333333333332,8.428571428571425,0.0001303703703703777,0.001144722222222222,0.0012750925925925998,0.0019325510204081609,0.0004871799186224003,0.002419730939030561,-0.0011446383464379611,99.38989840186628
2018-01-05,5.937333333333334,2.59179701364817,7.333333333333332,8.410714285714283,0.0009859259259258062,0.0011443803418803417,0.002130306267806148,-0.00684548105020757,0.00048277057796305956,-0.006362710472244511,0.008493016740050659,100.23401847278525
2018-01-12,5.898111111111111,2.5892612993624557,7.444444444444445,8.410714285714283,0.0029198765432099628,0.001141794871794872,0.0040616714150048345,0.0002132716836734525,0.0004984225026246481,0.0007116941862981006,0.0033499772287067337,100.56980015221085
2018-01-19,5.848999999999999,2.6008684422195985,7.444444444444445,8.410714285714283,0.0036560493827160656,0.0011342521367521366,0.004790301519468202,-0.0009762436224489665,0.0004979348652620107,-0.0004783087571869558,0.005268610276655158,101.09966323481395
2018-01-26,5.79,2.6000112993624556,7.444444444444445,8.410714285714283,0.004392222222222168,0.001124807692307692,0.00551702991452986,7.209183673469658e-05,0.0005001670081191535,0.00057225884485385,0.00494477106967601,101.59957792473142
2018-02-02,5.788222222222222,2.715871249316663,7.444444444444445,8.374999999999996,0.00013234567901235315,0.0011134615384615384,0.0012458072174738916,-0.009703270808664852,0.0005000021729543184,-0.009203268635710533,0.010449075853184425,102.66119962111846
2018-02-09,5.768888888888888,2.7451926778880917,7.444444444444445,8.374999999999996,0.001439259259259299,0.0011131196581196582,0.002552378917378957,-0.002455669642857173,0.0005222829325608967,-0.0019333867102962763,0.004485765627675234,103.12171370167478
2018-02-16,5.752,2.74251410645952,7.444444444444445,8.374999999999996,0.0012572839506172558,0.0011094017094017091,0.002366685660018965,0.00022433035714286554,0.000527921668824633,0.0007522520259674986,0.0016144336340514665,103.28819686467581
2018-02-23,5.748999999999999,2.744121249316663,7.444444444444445,8.374999999999996,0.00022333333333340792,0.0011061538461538461,0.0013294871794872541,-0.00013459821428571934,0.0005274065589345231,0.00039280834464880377,0.0009366788348384504,103.38494473256756
2018-03-02,5.778111111111111,2.6733930645531854,7.444444444444445,8.410714285714283,-0.0021671604938272747,0.0011055769230769229,-0.0010615835707503518,0.005948745539928216,0.000527715624868589,0.006476461164796805,-0.007538044735547157,102.60562439419138
2018-03-09,5.7925555555555555,2.6419644931246142,7.444444444444445,8.410714285714283,-0.0010753086419752784,0.0011111752136752139,3.5866571699935505e-05,0.0026433673469387505,0.0005141140508756125,0.0031574813978143632,-0.0031216148261144277,102.28532915583975
2018-03-16,5.754333333333333,2.632214493124614,7.444444444444445,8.410714285714283,0.0028454320987654274,0.0011139529914529914,0.003959385090218419,0.0008200446428571737,0.0005080700948316565,0.0013281147376888302,0.0026312703525295886,102.55446950994622
2018-03-23,5.734666666666667,2.6244287788388996,7.444444444444445,8.44642857142857,0.0014640740740740781,0.001106602564102564,0.002570676638176642,0.0006576147959183671,0.0005061950948316565,0.0011638098907500237,0.0014068667474266185,102.69874998289974
2018-03-30,5.753555555555555,2.6028216359817575,7.444444444444445,8.44642857142857,-0.0014061728395061283,0.0011028205128205128,-0.0003033523266856154,0.0018250318877550333,0.0005046978420844037,0.002329729729839437,-0.0026330820565250526,102.42833574709222
2018-04-06,5.77,2.5778939542189834,7.444444444444445,8.410714285714283,-0.0012241975308642172,0.0011064529914529913,-0.0001177445394112259,0.00209659609111904,0.0005005426223041842,0.002597138713423224,-0.00271488325283445,102.15025477375674
2018-04-13,5.772333333333333,2.589858239933269,7.444444444444445,8.410714285714283,-0.00017370370370371765,0.0011096153846153845,0.0009359116809116668,-0.0010062818877550775,0.0004957488373498046,-0.0005105330504052729,0.0014464447313169396,102.29800947157692
2018-04-20,5.762222222222222,2.609429668504698,7.444444444444445,8.410714285714283,0.0007527160493826883,0.0011100641025641024,0.0018627801519467907,-0.001646096938775547,0.0004980496615256286,-0.0011480472772499185,0.003010827429196709,102.60601112444616
2018-04-27,5.832333333333333,2.6301796685046974,7.444444444444445,8.410714285714283,-0.005219382716049326,0.001108119658119658,-0.0041112630579296676,-0.0017452232142856803,0.000501813397789365,-0.0012434098164963154,-0.002867853241433352,102.31175214285237
2018-05-04,5.827444444444444,2.667352409344324,7.444444444444445,8.39285714285714,0.0003639506172839546,0.001121602564102564,0.0014855531813865186,-0.0031198550347543677,0.0005058037824047495,-0.0026140512523496182,0.004099604433736137,102.73118985556052
2018-05-11,5.86611111111111,2.702459552201467,7.444444444444445,8.39285714285714,-0.002878518518518466,0.001120662393162393,-0.001757856125356073,-0.002946492346938787,0.00051295238641237,-0.002433539960526417,0.0006756838351703437,102.80060365991372
2018-05-18,5.895444444444444,2.754959552201467,7.444444444444445,8.374999999999998,-0.0021837037037037935,0.0011280982905982903,-0.0010556054131055032,-0.004396875000000017,0.0005197037600387437,-0.0038771712399612735,0.0028215658268557703,103.09066233018069
2018-05-25,5.901222222222222,2.7419238379157527,7.444444444444445,8.39285714285714,-0.0004301234567900981,0.0011337393162393161,0.0007036158594492181,0.0010940688775510367,0.0005297999138848975,0.0016238687914359342,-0.0009202529319867162,102.9957928459109
2018-06-01,5.923555555555555,2.71828256029502,7.444444444444445,8.39285714285714,-0.001662592592592575,0.0011348504273504271,-0.0005277421652421478,0.0019841786574543467,0.0005272930457530294,0.002511471703207376,-0.003039213868449524,102.68276660390165
2018-06-08,5.944111111111111,2.7586754174378783,7.444444444444445,8.39285714285714,-0.0015302469135802877,0.001139145299145299,-0.0003911016144349886,-0.003390114795918458,0.0005227466462105807,-0.002867368149707877,0.0024762665352728885,102.93703650259214
2018-06-15,6.059999999999999,2.780496846009306,7.444444444444445,8.357142857142854,-0.008627283950617204,0.0011430982905982906,-0.007484185660018914,-0.0018236479591836059,0.0005305145033534382,-0.0012931334558301676,-0.0061910522041887465,102.29974793586013
2018-06-22,6.133333333333333,2.805568274580735,7.444444444444445,8.357142857142854,-0.005459259259259319,0.0011653846153846152,-0.004293874643874704,-0.002095255102040858,0.0005347109319248666,-0.0015605441701159913,-0.0027333304737587128,102.0201289173692
2018-06-29,6.216777777777778,2.7797468460093064,7.333333333333333,8.39285714285714,-0.00611925925925929,0.0011794871794871794,-0.004939772079772111,0.002167155612244905,0.0005395323604962953,0.0027066879727412002,-0.007646460052513311,101.24003607705028
2018-07-06,6.26711111111111,2.7179319607595347,7.333333333333333,8.374999999999998,-0.003691111111111063,0.001195534188034188,-0.0024955769230768747,0.005176996639668383,0.0005345667011556358,0.0057115633408240185,-0.008207140263900892,100.40914490064354
2018-07-13,6.2462222222222215,2.7153605321881065,7.444444444444445,8.374999999999998,0.0015550617283950669,0.0012052136752136752,0.0027602754036087423,0.00021535714285711378,0.0005226792232229875,0.0007380363660801012,0.002022239037528641,100.61219619318649
2018-07-20,6.246999999999999,2.719717675045249,7.444444444444445,8.374999999999998,-5.790123456788384e-05,0.0012011965811965812,0.0011432953466286974,-0.00036491071428570326,0.000522184717728482,0.00015727400344277872,0.0009860213431859186,100.71140196601777
2018-07-27,6.192222222222222,2.730610532188107,7.444444444444445,8.374999999999998,0.0040779012345678375,0.0012013461538461538,0.005279247388413991,-0.0009122767857143325,0.0005230226298163941,-0.00038925415589793845,0.005668501544311929,101.28228470359196
2018-08-03,6.191888888888888,2.760495769452095,7.333333333333332,8.357142857142856,2.4444444444474315e-05,0.0011908119658119657,0.00121525641025644,-0.002497551971347583,0.0005251174100361744,-0.0019724345613114083,0.0031876909715678483,101.60514132812135
2018-08-10,6.405444444444444,2.774710055166381,7.444444444444445,8.357142857142856,-0.015898024691358037,0.0011907478632478632,-0.014707276828110174,-0.001187908163265326,0.0005308645710484798,-0.0006570435922168463,-0.014050233235893328,100.17756539449533
2018-08-17,6.4382222222222225,2.8069600551663805,7.333333333333332,8.357142857142856,-0.0024037037037037538,0.0012318162393162393,-0.0011718874643875145,-0.0026951785714285246,0.0005335980875319963,-0.0021615804838965285,0.000989693019509014,100.27671043167767
2018-08-24,6.433555555555556,2.801602912309238,7.333333333333332,8.32142857142857,0.0003422222222221845,0.0012381196581196584,0.001580341880341843,0.00044579081632651046,0.0005398000106089193,0.0009855908269354298,0.0005947510534064131,100.33635011083904
2018-08-31,6.493333333333333,2.810567198023524,7.333333333333332,8.285714285714283,-0.004383703703703633,0.0012372222222222225,-0.0031464814814814103,-0.0007427551020408566,0.0005387697908286995,-0.00020398531121215702,-0.0029424961702692533,100.0411107848991
2018-09-07,6.511333333333333,2.8938700997714,7.333333333333332,8.303571428571427,-0.0013199999999999848,0.0012487179487179487,-7.128205128203611e-05,-0.0069171159487075706,0.0005404936919276008,-0.00637662225677997,0.006305340205497934,100.6719040229338
2018-09-14,6.505444444444445,2.933762956914257,7.333333333333332,8.303571428571427,0.0004318518518518151,0.001252179487179487,0.001684031339031302,-0.003312531887755067,0.0005565134807252693,-0.0027560184070297977,0.0044400497460611,101.11889228482632
2018-09-21,6.522333333333333,2.876155814057114,7.333333333333332,8.32142857142857,-0.0012385185185184904,0.0012510470085470085,1.2528490028518129e-05,0.0047937372448979675,0.0005641851840219725,0.00535792242891994,-0.005345393938891422,100.57837197089958
2018-09-28,6.560444444444444,2.8817986711999715,7.333333333333332,8.32142857142857,-0.0027948148148148216,0.0012542948717948717,-0.0015405199430199498,-0.00046956632653064224,0.0005531068873186758,8.354056078803358e-05,-0.0016240605038079835,100.41502660944433
2018-10-05,6.626333333333332,2.9774613959883984,7.222222222222221,8.285714285714285,-0.004758641975308577,0.0012616239316239316,-0.0034970180436846455,-0.007926340053898234,0.0005541920521538406,-0.007372148001744393,0.0038751299580597476,100.80414788729794
2018-10-12,6.605666666666666,2.9802471102741124,7.222222222222221,8.249999999999998,0.0014925925925925562,0.0012742948717948716,0.002766887464387428,-0.0002298214285714006,0.0005725887299977689,0.0003427673014263683,0.0024241201629610597,101.04850925470166
2018-10-19,6.600888888888888,2.9577828245598266,7.222222222222221,8.249999999999998,0.00034506172839507713,0.0012703205128205127,0.0016153822412155899,0.0018533035714285802,0.0005731244442834832,0.002426428015712063,-0.0008110457744964733,100.96655428825147
2018-10-26,6.6002222222222215,2.9430328245598263,7.222222222222221,8.285714285714285,4.8148148148142836e-05,0.0012694017094017093,0.0013175498575498522,0.0012221428571428789,0.0005688043893384282,0.001790947246481307,-0.0004733973889314547,100.91875698508201
2018-11-02,6.653555555555555,2.9015934165736947,7.222222222222221,8.303571428571427,-0.003851851851851876,0.001269273504273504,-0.0025825783475783718,0.0034409508417055654,0.0005659678508768897,0.004006918692582455,-0.006589497040160827,100.25375313463209
2018-11-09,6.621444444444445,2.8858791308594083,7.222222222222221,8.303571428571427,0.0023191358024690616,0.0012795299145299146,0.0035986657169989763,0.0013048469387755717,0.0005579987339564798,0.0018628456727320516,0.0017358200442669247,100.42777560883619
2018-11-16,6.576999999999999,2.856164845145124,7.222222222222221,8.303571428571427,0.003209876543209993,0.001273354700854701,0.0044832312440646945,0.002467346938775407,0.0005549767559345016,0.0030223236947099085,0.001460907549354786,100.57449130438805
2018-11-23,6.593666666666667,2.8242719880022658,7.222222222222221,8.339285714285712,-0.0012037037037037634,0.0012648076923076922,6.110398860392882e-05,0.002659636479591912,0.0005492624702202162,0.003208898949812128,-0.0031477949612081996,100.25790342743402
2018-11-30,6.616555555555555,2.817950559430838,7.222222222222221,8.339285714285712,-0.0016530864197530752,0.0012680128205128207,-0.0003850735992402545,0.0005271619897958641,0.0005431292284619742,0.0010702912182578384,-0.0014553648174980929,100.1119916021096
2018-12-07,6.594,2.7122259518652267,7.222222222222221,8.357142857142856,0.0016290123456789716,0.0012724145299145297,0.0029014268755935013,0.008835556489411783,0.000541913569121315,0.009377470058533097,-0.0064760431829395965,99.46366202136426
2018-12-14,6.595888888888889,2.7115830947223696,7.222222222222221,8.357142857142856,-0.00013641975308641542,0.001268076923076923,0.0011316571699905077,5.37244897959204e-05,0.0005215819138202359,0.0005753064036161563,0.0005563507663743514,99.51899870595624
2018-12-21,6.436444444444444,2.684261666150941,7.222222222222221,8.39285714285714,0.011515432098765498,0.0012684401709401709,0.01278387226970567,0.0022930484693877667,0.0005214582874466095,0.002814506756834376,0.009969365512871293,100.51113997953087
2018-12-28,6.467666666666666,2.66708309472237,7.222222222222221,8.39285714285714,-0.002254938271604957,0.0012377777777777775,-0.0010171604938271795,0.0014417729591836407,0.0005162041665674887,0.0019579771257511296,-0.002975137619578309,100.21210550579107
2019-01-04,6.3856666666666655,2.6140351958332295,7.222222222222221,8.374999999999998,0.005922222222222275,0.0012437820512820512,0.007166004273504326,0.004442761531965499,0.0005129005951389173,0.004955662127104417,0.0022103421463999092,100.43360854617
2019-01-11,6.394444444444444,2.7736546718389805,7.222222222222221,8.362068965517242,-0.0006339506172839983,0.0012280128205128203,0.000594062203228822,-0.013347490665998146,0.0005026990761217749,-0.012844791589876371,0.013438853793105193,101.78332112733595
2019-01-18,6.434111111111111,2.7765512235631182,7.333333333333334,8.327586206896553,-0.002908888888888927,0.0012297008547008546,-0.0016791880341880724,-0.000241212841854917,0.0005333951291998039,0.0002921822873448869,-0.001971370321532959,101.58266850883845
2019-01-25,6.419777777777777,2.7705512235631184,7.222222222222222,8.327586206896553,0.0010351851851852316,0.0012373290598290598,0.0022725142450142916,0.0004996551724137752,0.0005339521583775228,0.001033607330791298,0.0012389069142229937,101.70851997921928
2019-02-01,6.330444444444444,2.6838613868879007,7.333333333333334,8.362068965517242,0.0065511111111111065,0.0012345726495726493,0.007785683760683755,0.007249063928875971,0.0005327983122236766,0.007781862241099648,3.821519584107716e-06,101.70890866032025
2019-02-08,6.333222222222221,2.6804131110258322,7.333333333333334,8.362068965517242,-0.00020370370370367043,0.0012173931623931623,0.001013689458689492,0.00028834720570744527,0.0005161271897861347,0.0008044743954935801,0.00020921506319591184,101.7301876960732
2019-02-15,6.308888888888888,2.6837234558534186,7.333333333333334,8.327586206896553,0.001784444444444411,0.00121792735042735,0.003002371794871761,-0.00027567181926279927,0.00051546405981266,0.00023979224054986075,0.0027625795543219003,102.0112254326597
2019-02-22,6.311777777777777,2.6841372489568665,7.333333333333334,8.362068965517242,-0.00021185185185180683,0.0012132478632478631,0.0010013960113960563,-3.4601664684859266e-05,0.0005161006645871958,0.00048149899990233656,0.0005198970114937197,102.06426076390096
2019-03-01,6.284999999999999,2.629143777649435,7.333333333333334,8.396551724137932,0.0019637037037036724,0.0012138034188034187,0.003177507122507091,0.004617555263227428,0.0005161802401840129,0.005133735503411441,-0.0019562283809043506,101.86459976031858
2019-03-08,6.158666666666667,2.6201437776494356,7.333333333333334,8.396551724137932,0.009264444444444369,0.0012086538461538458,0.010473098290598214,0.000755689655172368,0.0005056045726248914,0.0012612942277972594,0.009211804062800954,102.80295649424627
2019-03-15,6.174888888888888,2.590488605235643,7.333333333333334,8.396551724137932,-0.0011896296296295423,0.0011843589743589745,-5.270655270567769e-06,0.002490011890606376,0.0005038738033941222,0.002993885694000498,-0.002999156349271066,102.4946343545527
2019-03-22,6.134111111111111,2.5749023983390904,7.333333333333334,8.396551724137932,0.002990370370370291,0.0011874786324786322,0.004177849002848923,0.0013087039239001973,0.000498170885622239,0.0018068748095224363,0.0023709741933264873,102.73764648756179
2019-03-29,6.1287777777777785,2.5439023983390907,7.333333333333334,8.396551724137932,0.0003911111111110681,0.0011796367521367522,0.0015707478632478202,0.0026029310344827337,0.0004951735381421328,0.0030981045726248663,-0.0015273567093770461,102.58072945389341
2019-04-05,6.13911111111111,2.533909705552596,7.333333333333334,8.396551724137932,-0.0007577777777776618,0.0011786111111111114,0.0004208333333334496,0.0008390416184522392,0.0004892119996805944,0.0013282536181328337,-0.0009074202847993841,102.48764561915742
2019-04-12,6.144333333333333,2.5434614296905265,7.333333333333334,8.396551724137932,-0.0003829629629629968,0.0011805982905982904,0.0007976353276352936,-0.0008020154577883104,0.00048729032799088383,-0.00031472512979742657,0.0011123604574327201,102.60164882351957
2019-04-19,6.161444444444443,2.546426946931906,7.333333333333334,8.396551724137932,-0.0012548148148147636,0.001181602564102564,-7.32122507121995e-05,-0.00024900118906066745,0.0004891271980174089,0.00024012600895674145,-0.00031333825966894095,102.56949980143804
2019-04-26,6.4096,2.5490131538284575,7.200000000000001,8.396551724137932,-0.017867200000000093,0.0011848931623931623,-0.016682306837606933,-0.0002171521997621627,0.0004896974897945973,0.0002725452900324346,-0.016954852127639367,100.83044909949872
2019-05-03,6.489300000000001,2.490423052251639,7.200000000000001,8.396551724137932,-0.005738400000000056,0.0012326153846153845,-0.004505784615384671,0.0049195481841225325,0.0004901948372747033,0.005409743021397236,-0.009915527636781907,99.83066199482352
2019-05-10,6.446100000000001,2.481285121217156,7.200000000000001,8.362068965517242,0.0031103999999999776,0.0012479423076923078,0.004358342307692285,0.0007641200951248544,0.00047892751004839206,0.0012430476051732463,0.003115294702519039,100.14166392728497
2019-05-17,6.4193999999999996,2.486181672941294,7.200000000000001,8.362068965517242,0.0019224000000001244,0.0012396346153846158,0.00316203461538474,-0.0004094530321046384,0.0004771702156186839,6.77171835140455e-05,0.0030943174318706942,100.4515340236317
2019-05-24,6.418000000000001,2.457905810872328,7.200000000000001,8.396551724137932,0.000100799999999893,0.0012345,0.0013352999999998929,0.002374197384066613,0.00047811186018101813,0.002852309244247631,-0.0015170092442477383,100.29914811791897
2019-05-31,6.4224,2.428354086734397,7.100000000000001,8.362068965517242,-0.0003123999999999026,0.0012342307692307696,0.0009218307692308669,0.0024711355529132006,0.00047267419439852464,0.0029438097473117254,-0.0020219789780808583,100.09634534890512
2019-06-07,6.3442,2.2157389477761646,7.200000000000001,8.362068965517242,0.0056303999999999885,0.0012350769230769232,0.0068654769230769115,0.01777902455081772,0.0004669911705258456,0.018246015721343566,-0.011380538798266653,98.95719500709723
2019-06-14,6.313800000000001,2.1844975684658197,7.25,8.431034482758621,0.002203999999999886,0.0012200384615384614,0.0034240384615383474,0.0026339714625446035,0.0004261036438031086,0.003060075106347712,0.0003639633551906353,98.99321179981226
2019-06-21,6.3178,2.1450492926037508,7.25,8.431034482758621,-0.00028999999999990367,0.001214192307692308,0.0009241923076924044,0.003325897740784774,0.0004200956862434269,0.003745993427028201,-0.0028218011193357965,98.7138726439489
2019-06-28,6.318600000000002,2.1316010167416817,7.200000000000001,8.431034482758621,-5.7600000000121564e-05,0.0012149615384615385,0.001157361538461417,0.0011338287752675495,0.00041250947934687516,0.0015463382546144246,-0.00038897671615300763,98.6754752459291
2019-07-05,6.2787000000000015,2.0204904419177736,7.25,8.448275862068966,0.0028927500000000194,0.001215115384615385,0.004107865384615404,0.009386927873054304,0.0004099232724503234,0.009796851145504628,-0.005688985760889224,98.11411187230604
2019-07-12,6.2961,2.0118007867453596,7.25,8.448275862068966,-0.0012614999999998933,0.0012074423076923078,-5.405769230758554e-05,0.0007341260404280833,0.0003885558542149565,0.0011226818946430397,-0.0011767395869506253,97.99865711282739
2019-07-19,6.315799999999999,1.9935594074350143,7.300000000000001,8.482758620689657,-0.0014380999999999552,0.0012107884615384615,-0.00022731153846149372,0.0015473721759810158,0.0003868847666817999,0.0019342569426628157,-0.0021615684811243097,97.7868263044198
2019-07-26,5.971818181818182,1.9984214764005317,7.363636363636364,8.482758620689657,0.025329570247933853,0.0012145769230769228,0.026544147171010776,-0.00041243757431630717,0.0003833768091221181,-2.9060765194189068e-05,0.026573207936204966,100.38533597322869
2019-08-02,5.972454545454545,1.8080360542219922,7.363636363636364,8.53448275862069,-4.685950413217571e-05,0.0011484265734265733,0.0011015670692943976,0.016248411030754664,0.00038431182238471764,0.01663272285313938,-0.015531155783844983,98.82623568181485
2019-08-09,5.874181818181819,1.7850015714633714,7.363636363636364,8.53448275862069,0.007236446280991591,0.0011485489510489509,0.008384995232040542,0.0019658739595719526,0.00034769924119653695,0.0023135732007684897,0.006071422031272053,99.42625146640111
2019-08-16,5.828545454545456,1.7641395024978543,7.363636363636364,8.53448275862069,0.0033604958677686,0.00112965034965035,0.00449014621741895,0.0017804696789536073,0.00034326953297372526,0.002123739211927333,0.0023664070054916168,99.66153444440098
2019-08-23,5.8826363636363626,1.7743119162909577,7.363636363636364,8.53448275862069,-0.003983057851239514,0.001120874125874126,-0.0028621837253653875,-0.0008681629013079633,0.0003392575966342028,-0.0005289053046737605,-0.0023332784206916268,99.42899633670883
2019-08-30,5.824363636363636,1.7777601921530266,7.363636363636364,8.53448275862069,0.004290991735537108,0.0011312762237762235,0.005422267959313332,-0.00029429250891794596,0.0003412138300559534,4.6921321138007415e-05,0.005375346638175324,99.96346165790453
2019-09-06,5.740727272727273,1.8035492084310134,7.363636363636364,8.517241379310345,0.006158677685950372,0.0011200699300699302,0.007278747616020302,-0.002196512765745772,0.0003418769600294282,-0.001854635805716344,0.009133383421736646,100.87646628139024
2019-09-13,5.75609090909091,1.8295147256723927,7.363636363636364,8.517241379310345,-0.0011313223140495782,0.0011039860139860141,-2.733630006356404e-05,-0.00221154577883472,0.00034683638623673335,-0.0018647093925979867,0.0018373730925344226,101.06181398620564
2019-09-20,5.725272727272728,1.8151009325689444,7.363636363636364,8.517241379310345,0.0022693388429752097,0.0011069405594405595,0.0033762794024157694,0.0012276575505350757,0.0003518297549369986,0.0015794873054720744,0.001796792096943695,101.24340105487886
2019-09-27,5.718181818181818,1.813031967051703,7.363636363636364,8.517241379310345,0.00052214876033064,0.001101013986013986,0.001623162746344626,0.0001762187871581511,0.0003490578716478739,0.000525276658806025,0.0010978860875386009,101.35455477635209
2019-10-04,5.707545454545455,1.8368100350187915,7.363636363636364,8.53448275862069,0.0007832231404957964,0.0010996503496503497,0.001882873490146146,-0.0020293351109842753,0.000348659993663789,-0.0016806751173204862,0.0035635486074666323,101.71573665888576
2019-10-11,5.743090909090909,1.8494996901912055,7.363636363636364,8.53448275862069,-0.0026174380165288605,0.0010976048951048952,-0.0015198331214239652,-0.0010829964328180955,0.0003532326990420753,-0.0007297637337760202,-0.000790069387647945,101.63537416910951
2019-10-18,5.6810909090909085,1.8402927936394813,7.363636363636364,8.53448275862069,0.004565454545454567,0.0011044405594405594,0.005669895104895127,0.0007857609988109484,0.0003556730173444626,0.001141434016155411,0.004528461088739716,102.09562600627382
2019-10-25,5.684818181818183,1.8361548626049984,7.454545454545456,8.53448275862069,-0.0002778512396695264,0.0010925174825174824,0.0008146662428479561,0.0003531510107015579,0.0003539024603152848,0.0007070534710168427,0.00010761277183111333,102.1066127995802
2019-11-01,5.700272727272727,1.9149306135167834,7.454545454545456,8.5,-0.001152066115702425,0.001093234265734266,-5.883184996815908e-05,-0.006695938827501726,0.0003531067043471151,-0.006342832123154611,0.006284000273186452,102.74825078230691
2019-11-08,5.755909090909091,1.9393788893788528,7.454545454545456,8.5,-0.004147438016528914,0.0010962062937062938,-0.0030512317228226205,-0.002078103448275902,0.000368255887214766,-0.001709847561061136,-0.0013413841617614846,102.61042590605885
2019-11-15,5.751909090909092,1.9405857859305766,7.454545454545456,8.5,0.0002981818181817192,0.0011069055944055944,0.0014050874125873137,-0.00010258620689652221,0.00037295747872670247,0.00027037127183018026,0.0011347161407571334,102.72685961254442
2019-11-22,5.714272727272727,1.9447237169650597,7.454545454545456,8.5,0.002805619834710881,0.0011061363636363638,0.003911756198347245,-0.00035172413793106537,0.00037318957421741863,2.1465436286353262e-05,0.003890290762060891,103.12649696551061
2019-11-29,5.711545454545455,1.950103027309887,7.454545454545456,8.5,0.0002033057851239145,0.0010988986013986013,0.0013022043865225158,-0.0004572413793103114,0.0003739853301855884,-8.325604912472298e-05,0.0013854604356472388,103.26937464692321
2019-12-06,5.75109090909091,1.9793395971457073,7.454545454545456,8.5,-0.0029479338842975547,0.0010983741258741258,-0.0018495597584234288,-0.0024851084360447296,0.000375019812944209,-0.0021100886231005204,0.00026052886467709153,103.29627929985588
2019-12-13,5.752999999999999,1.9788913212836383,7.454545454545456,8.5,-0.00014231404958667393,0.001105979020979021,0.0009636649713923471,3.8103448275862425e-05,0.0003806422302203283,0.00041874567849619075,0.0005449192928961564,103.35256743533074
2019-12-20,5.725454545454546,1.9792706316284656,7.454545454545456,8.5,0.002053388429752,0.0011063461538461537,0.0031597345835981533,-3.224137931032045e-05,0.0003805560233237766,0.00034831464401345613,0.0028114199395846973,103.64313490422572
2019-12-27,5.665181818181818,1.959512010938811,7.454545454545456,8.5,0.004493057851239702,0.001101048951048951,0.005594106802288653,0.0016794827586206328,0.00038062896762085875,0.0020601117262414917,0.003533995076047161,104.00940923264335
2020-01-03,5.608272727272727,1.927771397397449,7.454545454545456,8.5,0.004242314049586786,0.0010894580419580418,0.0053317720915448275,0.0026979521510157732,0.00037682923287284825,0.0030747813838886214,0.002256990707656206,104.24415750279023
2020-01-10,5.59118181818182,1.9258748456733115,7.454545454545456,8.5,0.0012740495867767073,0.0010785139860139859,0.002352563572790693,0.0001612068965516966,0.00037072526873027867,0.0005319321652819753,0.0018206314075087178,104.43394768998911
2020-01-17,5.569545454545454,1.9310472594664148,7.500000000000001,8.5,0.001622727272727409,0.001075227272727273,0.002697954545454682,-0.0004396551724137798,0.0003703605472448676,-6.929462516891221e-05,0.0027672491706235945,104.72294244511917
2020-01-24,5.548272727272727,1.9298403629146905,7.454545454545456,8.5,0.0015857851239669302,0.0010710664335664335,0.0026568515575333637,0.00010258620689655994,0.00037135524220507975,0.0004739414491016397,0.002182910108431724,104.95154321476731
2020-01-31,5.529,1.9155989836043457,7.454545454545456,8.5,0.0014366942148760376,0.0010669755244755246,0.002503669739351562,0.001210517241379313,0.0003711231467143636,0.0015816403880936766,0.0009220293512578856,105.04831161807115
2020-02-07,5.443272727272729,1.8118550973528749,7.500000000000001,8.5,0.006429545454545349,0.0010632692307692307,0.00749281468531458,0.008818230331375018,0.0003683844199239126,0.00918661475129893,-0.0016938000659843504,104.87038078092093
2020-02-14,5.427545454545455,1.7893723387321852,7.545454545454546,8.517241379310345,0.0011866942148761066,0.001046783216783217,0.0022334774316593235,0.001914910820451848,0.00034843367256786055,0.002263344493019709,-2.986706136038535e-05,104.86724861082324
2020-02-21,5.364818181818182,1.7871309594218403,7.545454545454546,8.517241379310345,0.004733057851239654,0.0010437587412587413,0.0057768165924983956,0.00019090368608799227,0.00034411006514080487,0.0005350137512287971,0.0052418028412695985,105.41694205254757
2020-02-28,5.352,1.8033723387321854,7.545454545454546,8.517241379310345,0.0009671900826446465,0.0010316958041958044,0.0019988858868404506,-0.0013833174791914606,0.0003436790306580462,-0.0010396384485334145,0.003038524335373865,105.73725399633493
2020-03-06,5.277636363636364,1.7855400166346973,7.545454545454546,8.53448275862069,0.005611074380165293,0.0010292307692307693,0.006640305149396062,0.001521896454871828,0.0003468023728331126,0.0018686988277049404,0.004771606321691122,106.24179054594211
2020-03-13,5.551818181818182,2.0220572580140077,7.545454545454546,8.448275862068966,-0.020688264462809896,0.00101493006993007,-0.019673334392879827,-0.019981629013079674,0.00034337308012205716,-0.019638255932957618,-3.507845992220884e-05,106.23806374755038
2020-03-20,5.944636363636364,2.209815878703663,7.363636363636363,8.413793103448278,-0.02892570247933885,0.0010676573426573427,-0.027858045136681508,-0.01579762187871583,0.0003888571650026938,-0.015408764713713137,-0.01244928042296837,104.91547630036393
2020-03-27,5.701818181818181,2.0616089821519386,7.500000000000001,8.517241379310345,0.01821136363636369,0.0011431993006993007,0.01935456293706299,0.012623139120095155,0.0004249645920583967,0.013048103712153552,0.006306459224909437,105.57712147371412
2020-04-03,5.935181818181818,2.113047052103354,7.40909090909091,8.448275862068966,-0.017290123966942204,0.0010965034965034965,-0.016193620470438708,-0.004345630047619579,0.0003964632657984497,-0.003949166781821129,-0.012244453688617579,104.28438729925166
2020-04-10,5.688090909090909,2.050598776241285,7.500000000000001,8.482758620689657,0.018531818181818198,0.001141381118881119,0.01967319930069932,0.005297336504161718,0.0004063552023275681,0.005703691706489287,0.013969507594210031,105.74118883958612
2020-04-17,5.591909090909092,1.941633258999905,7.500000000000001,8.517241379310345,0.007213636363636279,0.0010938636363636363,0.008307499999999916,0.00928085612366236,0.0003943459185079394,0.0096752020421703,-0.0013677020421703837,105.5965663996687
2020-04-24,5.561818181818182,1.960116017620595,7.500000000000001,8.53448275862069,0.0022568181818182213,0.0010753671328671331,0.0033321853146853547,-0.0015774078478002617,0.0003733910113461356,-0.001204016836454126,0.004536202151139481,106.07557377132382
2020-05-01,5.429272727272728,1.8639254874910365,7.500000000000001,8.551724137931036,0.009940909090909056,0.0010695804195804198,0.011010489510489475,0.008225948783493277,0.00037694538800396056,0.008602894171497238,0.0024075953389922373,106.33096082831656
2020-05-08,5.397636363636364,1.807201349560002,7.500000000000001,8.517241379310347,0.0023727272727273262,0.0010440909090909092,0.0034168181818182352,0.004831331747919155,0.00035844720913289163,0.005189778957052047,-0.0017729607752338117,106.14244020557504
2020-05-15,5.403181818181818,1.812684108180692,7.500000000000001,8.551724137931036,-0.0004159090909090724,0.0010380069930069932,0.0006220979020979208,-0.0004688703923900441,0.0003475387210692311,-0.00012133167132081298,0.0007434295734187338,106.22134963461869
2020-05-22,5.383090909090909,1.7566841081806917,7.500000000000001,8.551724137931036,0.0015068181818181706,0.0010390734265734265,0.0025458916083915973,0.004788965517241403,0.00034859309772705617,0.005137558614968459,-0.002591667006576862,105.9460592673766
2020-05-29,5.395818181818182,1.7218220392151746,7.500000000000001,8.551724137931036,-0.0009545454545454525,0.0010352097902097902,8.066433566433773e-05,0.0029813079667062835,0.0003378238669578253,0.0033191318336641086,-0.003238467497999771,105.60295639789803
2020-06-05,5.452090909090909,1.7069240292921106,7.500000000000001,8.53448275862069,-0.004220454545454544,0.0010376573426573428,-0.003182797202797201,0.001271468088261497,0.00033111962292599513,0.001602587711187492,-0.004785384913984694,105.09760560347934
2020-06-12,5.408454545454545,1.7180274775679722,7.500000000000001,8.53448275862069,0.0032727272727272943,0.001048479020979021,0.0043212062937063155,-0.0009476218787157768,0.0003282546210177136,-0.0006193672576980632,0.004940573551404379,105.61684805403982
2020-06-19,5.458727272727272,1.7206826499817656,7.500000000000001,8.53448275862069,-0.0037704545454545274,0.0010400874125874127,-0.002730367132867115,-0.0002266052318668434,0.0003303898995323024,0.00010378466766545897,-0.002834151800532574,105.31751387396089
2020-06-26,5.4091818181818185,1.7201309258438344,7.500000000000001,8.53448275862069,0.0037159090909090428,0.0010497552447552448,0.004765664335664287,4.7086801426881967e-05,0.00033090050961187794,0.0003779873110387599,0.004387677024625528,105.77961310987635
2020-07-03,5.385727272727273,1.6271327069180705,7.500000000000001,8.56896551724138,0.0017590909090909215,0.0010402272727272727,0.0027993181818181945,0.007968985311397354,0.00033079440881612205,0.008299779720213476,-0.005500461538395281,105.19777641641916
2020-07-10,5.377727272727272,1.610891327607726,7.500000000000001,8.56896551724138,0.0006000000000000672,0.0010357167832167832,0.0016357167832168505,0.0013917181926278081,0.0003129101359457828,0.001704628328573591,-6.891154535674051e-05,105.19052707507821
2020-07-17,5.373727272727273,1.6022016724353123,7.500000000000001,8.56896551724138,0.0002999999999999004,0.0010341783216783215,0.001334178321678222,0.0007446135552913036,0.0003097867937707166,0.0010544003490620202,0.0002797779726162017,105.2199570674817
2020-07-24,5.268545454545455,1.5960292586422087,7.545454545454546,8.56896551724138,0.007936446280991742,0.001033409090909091,0.008969855371900832,0.0005289120095125005,0.00030811570623756005,0.0008370277157500605,0.008132827656150771,106.07569284429911
2020-07-31,5.173090909090909,1.5772706379525536,7.636363636363638,8.56896551724138,0.007289256198347126,0.0010131818181818182,0.008302438016528944,0.0016074197384066493,0.0003069287035850401,0.0019143484419916895,0.006388089574537254,106.7533138718696
2020-08-07,5.225363636363637,1.5611467542542155,7.6818181818181825,8.603448275862071,-0.004015495867768628,0.000994825174825175,-0.003020670692943453,0.0013872099940466808,0.00030332127652933725,0.001690531270576018,-0.004711201963519471,106.25037744994424
2020-08-14,5.209727272727274,1.5959053749438705,7.6818181818181825,8.56896551724138,0.0012011570247933742,0.0010048776223776225,0.0022060346471709964,-0.002978454221165271,0.0003002205296642722,-0.002678233691500999,0.004884268338671996,106.76933280449494
2020-08-21,5.201727272727273,1.5918708921852502,7.636363636363638,8.56896551724138,0.0006109090909091594,0.0010018706293706296,0.0016127797202797889,0.0003457134363852209,0.0003069048797968982,0.0006526183161821191,0.0009601614040976698,106.87184859699508
2020-08-28,5.195636363636364,1.5957329611507673,7.636363636363638,8.56896551724138,0.0004651239669421192,0.0010003321678321677,0.001465456134774287,-0.0003309393579072418,0.0003061290177279327,-2.4810340179309094e-05,0.001490266474953596,107.0311161300755
2020-09-04,5.119181818181818,1.58329114334224,7.636363636363638,8.603448275862071,0.005838347107438092,0.0009991608391608391,0.006837507946598931,0.0010704253597336392,0.0003068717232982245,0.0013772970830318637,0.005460210863567067,107.61552859310865
2020-09-11,5.105272727272727,1.608394591618102,7.636363636363638,8.603448275862071,0.0010621487603305756,0.000984458041958042,0.0020466068022886178,-0.002159762187871564,0.00030447906602735386,-0.0018552831218442104,0.003901889924132828,108.03543253980632
2020-09-18,5.023818181818182,1.604498039893964,7.636363636363638,8.603448275862071,0.006220165289256131,0.0009817832167832168,0.007201948506039347,0.0003352378121284291,0.00030930665223425036,0.0006445444643626795,0.0065574040416766675,108.74386452178715
2020-09-25,4.978545454545455,1.6226014881698263,7.636363636363638,8.551724137931036,0.003457190082644618,0.0009661188811188812,0.004423308963763499,-0.0015481569560047855,0.0003085573153642238,-0.0012395996406405617,0.00566290860440406,109.3596710878637
2020-10-02,5.118818181818182,1.5912748843046234,7.590909090909093,8.56896551724138,-0.010647975206611543,0.0009574125874125875,-0.009690562619198956,0.0026843658829320436,0.00031203874772496663,0.0029964046306570104,-0.012686967249855966,107.97222852231695
2020-10-09,5.091363636363636,1.5969300567184166,7.590909090909093,8.56896551724138,0.0020840495867769063,0.000984388111888112,0.0030684376986650184,-0.000484589774078487,0.0003060144008278122,-0.00017857537325067482,0.0032470130719156934,108.32281575973279
2020-10-16,5.084727272727274,1.5814817808563475,7.590909090909093,8.56896551724138,0.0005037603305784048,0.0009791083916083913,0.001482868722186796,0.0013237574316290245,0.0003071019339843109,0.0016308593656133353,-0.00014799064342653923,108.30678499653075
2020-10-23,5.118909090909091,1.5797921256839336,7.590909090909093,8.551724137931036,-0.002594710743801613,0.000977832167832168,-0.0016168785759694449,0.00014449464922712218,0.00030413111170314377,0.000448625760930266,-0.002065504336899711,108.08307686240475
2020-10-30,5.057909090909091,1.5907231601666922,7.590909090909093,8.551724137931036,0.004630454545454542,0.0009844055944055945,0.005614860139860137,-0.0009347919143876383,0.00030380617801614105,-0.0006309857363714973,0.006245845876231634,108.75814710231622
2020-11-06,5.03409090909091,1.5513064647782737,7.590909090909093,8.551724137931036,0.0018080165289255806,0.0009726748251748253,0.0027806913541004057,0.003370807053906136,0.0003059083000320562,0.0036767153539381922,-0.0008960239998377865,108.66069719233464
2020-11-13,5.061909090909091,1.550961637192067,7.590909090909093,8.551724137931036,-0.002111652892561911,0.0009680944055944058,-0.0011435584869675052,2.9488703923891635e-05,0.0002983281663035142,0.00032781687022740585,-0.001471375357194911,108.50081652019024
2020-11-20,5.107,1.543375430295515,7.590909090909093,8.603448275862071,-0.003422809917355388,0.000973444055944056,-0.0024493658614113322,0.0006526753864447312,0.00029826185330616674,0.000950937239750898,-0.00340030310116223,108.13188085729799
2020-11-27,5.065090909090909,1.550961637192067,7.590909090909093,8.586206896551726,0.0031812809917355707,0.0009821153846153847,0.004163396376350955,-0.000651367419738429,0.0002968029673645221,-0.0003545644523739069,0.004517960828724863,108.62041645934761
2020-12-04,5.004818181818182,1.5450290513081855,7.590909090909093,8.586206896551726,0.0045752479338842635,0.000974055944055944,0.005549303877940208,0.000509384098305684,0.00029826185330616674,0.0008076459516118508,0.004741657926328357,109.13545731801318
2020-12-11,4.963181818181818,1.5507876719978406,7.590909090909093,8.586206896551726,0.003160578512396733,0.000962465034965035,0.004123043547361768,-0.0004944470868014257,0.0002971209714054203,-0.00019732611539600541,0.004320369662757773,109.60696283694111
2020-12-18,4.893636363636364,1.5320290513081856,7.636363636363638,8.586206896551726,0.005310743801652879,0.0009544580419580419,0.006265201843610921,0.0016106539833531416,0.0002982283984611232,0.0019088823818142649,0.0043563194617966565,110.0844457822961
2020-12-25,4.876727272727273,1.5285807754461165,7.636363636363638,8.586206896551726,0.0012912396694214937,0.0009410839160839161,0.00223232358550541,0.00029607609988110414,0.0002946209714054203,0.0005906970712865245,0.0016416265142188853,110.26516332729541
2021-01-01,4.895545454545455,1.5290978873027115,7.636363636363638,8.603448275862071,-0.001437024793388466,0.0009378321678321679,-0.0004991926255562982,-4.448945111049882e-05,0.0002939578414319455,0.0002494683903214467,-0.0007486610158777449,110.18261209810288
2021-01-08,4.926363636363636,1.5641323700613325,7.636363636363638,8.586206896551726,-0.0023533884297520014,0.0009414510489510491,-0.0014119373808009522,-0.0030081331747919492,0.0002940572860197522,-0.002714075888772197,0.001302138507971245,110.32608512022466
2021-01-15,4.898454545454546,1.5747530597165045,7.636363636363638,8.586206896551726,0.002131239669421435,0.0009473776223776222,0.003078617291799057,-0.0009119143876337283,0.00030079468655025627,-0.000611119701083472,0.003689736992882529,110.73315935777266
2021-01-22,4.860727272727273,1.5921323700613321,7.636363636363638,8.56896551724138,0.0028809917355372156,0.0009420104895104895,0.003823002225047705,-0.0014892271105826451,0.00030283712686855855,-0.0011863899837140867,0.005009392208761792,111.28786518351106
2021-01-29,4.878181818181818,1.5755461631647805,7.636363636363638,8.586206896551726,-0.0013328925619834663,0.0009347552447552447,-0.00039813731722822157,0.0014241260404280565,0.0003061793019348716,0.001730305342362928,-0.0021284426595911494,111.05099534375964
2021-02-05,4.903272727272728,1.6851275875013112,7.636363636363638,8.586206896551726,-0.0019160330578512881,0.000938111888111888,-0.0009779211697394001,-0.009408887813722814,0.0003029896467624578,-0.009105898166960356,0.008127976997220957,111.9536152794322
2021-02-12,4.904272727272727,1.6957482771564834,7.636363636363638,8.586206896551726,-7.636363636359405e-05,0.000942937062937063,0.000866573426573469,-0.0009119143876337474,0.000324062997596406,-0.0005878513900373413,0.0014544248166108104,112.11644339580391
2021-02-19,4.991272727272727,1.753713794397863,7.590909090909093,8.551724137931036,-0.006604090909090891,0.0009431293706293706,-0.00566096153846152,-0.004957051129607631,0.00032610543791470833,-0.004630945691692923,-0.0010300158467685975,112.00096168242288
2021-02-26,5.079090909090909,1.8238862081909664,7.590909090909093,8.500000000000002,-0.006666198347107472,0.0009598601398601397,-0.005706338207247332,-0.005964655172413795,0.0003372526527688198,-0.005627402519644976,-7.893568760235659e-05,111.99212080950036
2021-03-05,5.184363636363637,1.9604519990703952,7.590909090909093,8.482758620689657,-0.007991157024793418,0.0009767482517482517,-0.007014408773045166,-0.011584546398737763,0.00035074734772903203,-0.011233799051008731,0.004219390277963565,112.46465927525249
2021-03-12,5.1587272727272735,1.9909347576910852,7.636363636363638,8.482758620689657,0.001957685950413193,0.0009969930069930071,0.0029546789574062,-0.0025857788347205955,0.00037700999982122986,-0.0022087688348993656,0.005163447792305566,113.04536467189968
2021-03-19,5.184636363636363,2.0331761370014303,7.590909090909093,8.482758620689657,-0.00196673553718998,0.0009920629370629372,-0.0009746726001270427,-0.003583234244946517,0.00038287206878674716,-0.00320036217615977,0.002225689576032727,113.29696856166873
2021-03-26,5.150181818181817,2.0420382059669473,7.636363636363638,8.482758620689657,0.0026310743801653113,0.0009970454545454545,0.0036281198347107657,-0.0007517479191438561,0.00039099541096181356,-0.0003607525081820425,0.003988872342892808,113.74889570609798
2021-04-02,5.228272727272728,2.084669582300064,7.636363636363638,8.482758620689657,-0.005963305785124079,0.0009904195804195802,-0.004972886204704499,-0.0036163167510161113,0.0003926996549936437,-0.0032236170960224676,-0.0017492691086820316,113.54991827669261
2021-04-09,5.196454545454546,2.028324754713857,7.6818181818181825,8.482758620689657,0.0024442148760330865,0.001005437062937063,0.0034496519389701497,0.004779595719381685,0.0004008979965961662,0.005180493715977851,-0.0017308417770077016,113.3533813343635
2021-04-16,5.258727272727273,2.016221306437995,7.636363636363638,8.482758620689657,-0.0047553719008264625,0.000999318181818182,-0.0037560537190082805,0.0010267063020214318,0.0003900624528295879,0.0014167687548510197,-0.0051728224738593,112.76702441590916
2021-04-23,5.3038181818181815,2.012221306437995,7.545454545454547,8.482758620689657,-0.003402314049586726,0.0010112937062937064,-0.0023910203432930197,0.00033931034482758657,0.0003877348666226913,0.0007270452114502778,-0.0031180655547432975,112.415409441367
2021-04-30,5.282909090909091,2.0324626857483397,7.545454545454547,8.482758620689657,0.001577685950413196,0.001019965034965035,0.0025976509853782312,-0.0017170273483947715,0.00038696563585346056,-0.001330061712541311,0.003927712697919542,112.85694487247169
2021-05-07,5.250636363636364,2.1084402580962203,7.545454545454547,8.482758620689657,0.002435123966942146,0.001015944055944056,0.0034510680228862023,-0.006444994068130563,0.0003908582087977576,-0.006054135859332805,0.009505203882219006,113.92967314300888
2021-05-14,5.2117272727272725,2.1471643960272546,7.590909090909093,8.482758620689657,0.0029535537190082894,0.0010097377622377622,0.0039632914812460516,-0.00328487514863257,0.00040546928040311933,-0.0028794058682294504,0.006842697349475502,114.70925941545116
2021-05-21,5.230909090909091,2.153543706372082,7.590909090909093,8.482758620689657,-0.0014560743801653407,0.0010022552447552448,-0.00045381913541009595,-0.0005411414982164041,0.0004129162300052413,-0.0001282252682111628,-0.00032559386719893316,114.67191078407457
2021-05-28,5.221363636363637,2.1147161201651854,7.590909090909093,8.482758620689657,0.0007245867768595195,0.0010059440559440562,0.0017305308328035758,0.003293650416171242,0.00041414302045616964,0.0037077934366274118,-0.001977262603823836,114.44517430317221
2021-06-04,5.193909090909092,2.0804201088960945,7.590909090909093,8.482758620689657,0.0020840495867767714,0.0010041083916083916,0.003088157978385163,0.0029092478524815023,0.0004066761769548433,0.0033159240294363458,-0.00022776605105118272,114.4191075777593
2021-06-11,5.20309090909091,2.082006315792646,7.500000000000002,8.482758620689657,-0.000688636363636297,0.0009988286713286715,0.00031019230769237444,-0.00013455410225919913,0.0004000807901723258,0.0002655266879131267,4.466561977924772e-05,114.42421817811386
2021-06-18,5.316272727272728,2.091937350275405,7.500000000000002,8.482758620689657,-0.008488636363636372,0.0010005944055944058,-0.007488041958041966,-0.000842425683709883,0.00040038582996012424,-0.0004420398537497588,-0.007046002104292208,113.61798489604888
2021-06-25,5.217454545454546,2.101799419240922,7.500000000000002,8.482758620689657,0.007411363636363679,0.00102236013986014,0.008433723776223818,-0.000836575505350781,0.0004022956442837317,-0.00043427986106704924,0.008868003637290867,114.6255495993687
2021-07-02,5.217818181818182,2.0124419831497846,7.500000000000002,8.482758620689657,-2.7272727272742442e-05,0.0010033566433566433,0.0009760839160839009,0.007579975613248221,0.00040419219600786965,0.007984167809256091,-0.007008083893172191,113.82224413147534
2021-07-09,5.25909090909091,1.9978212934946118,7.500000000000002,8.482758620689657,-0.0030954545454545688,0.0010034265734265733,-0.002092027972027995,0.0012402378121284536,0.0003870080736826509,0.0016272458858111044,-0.0037192738578390996,113.39890803443657
2021-07-16,5.331636363636363,1.9792006038394392,7.545454545454547,8.482758620689657,-0.005473884297520589,0.0010113636363636364,-0.004462520661156952,0.0015795481569560214,0.0003841964025951177,0.001963744559551139,-0.006426265220708091,112.6701765756686
2021-07-23,5.328636363636365,1.985786810735991,7.545454545454547,8.482758620689657,0.00022636363636351095,0.0010253146853146853,0.0012516783216781962,-0.0005586920332937106,0.0003806155007383537,-0.0001780765325553569,0.0014297548542335531,112.831267307555
2021-07-30,5.247181818181818,1.979441983149784,7.545454545454547,8.482758620689657,0.006146115702479473,0.0010247377622377624,0.007170853464717235,0.0005382164090368718,0.0003818820789876906,0.0009200984880245623,0.006250754976692673,113.53654791320422
2021-08-06,5.339818181818181,1.9627815644568618,7.545454545454547,8.482758620689657,-0.006989834710743785,0.0010090734265734264,-0.0059807612841703585,0.0014132631029168516,0.0003806619198364969,0.0017939250227533485,-0.007774686306923707,112.65383686880806
2021-08-13,5.375454545454546,1.9917125989396203,7.545454545454547,8.482758620689657,-0.002688925619834799,0.0010268881118881117,-0.0016620375079466872,-0.002454149821640891,0.0003774579931647811,-0.0020766918284761096,0.0004146543205294224,112.70054926898993
2021-08-20,5.420363636363637,2.0142298403189303,7.545454545454547,8.482758620689657,-0.003388595041322356,0.0010337412587412588,-0.002354853782581097,-0.001910083234244917,0.0003830216536422346,-0.0015270615806026824,-0.0008277922019784148,112.60725663314639
2021-08-27,5.396909090909091,1.9911263920430686,7.545454545454547,8.482758620689657,0.001769752066115782,0.0010423776223776225,0.0028121296884934047,0.0019598097502972287,0.0003873518923690251,0.002347161642666254,0.00046496804582715073,112.65961540920905
2021-09-03,5.371545454545455,2.113455125911839,7.545454545454547,8.448275862068966,0.0019138016528925375,0.001037867132867133,0.00295166878575967,-0.010334668895809897,0.0003829089215467439,-0.009951759974263152,0.012903428760022822,114.11331073077338
2021-09-10,5.4896363636363645,2.1354206431532186,7.545454545454547,8.448275862068966,-0.00891049586776864,0.0010329895104895105,-0.007877506357279131,-0.0018557074910820817,0.000406433678059969,-0.0014492738130221128,-0.006428232544257019,113.37976383300091
2021-09-17,5.431363636363637,2.1540758155670114,7.545454545454547,8.448275862068966,0.004396942148760381,0.001055699300699301,0.0054526414494596815,-0.001576040428061813,0.0004106578159910036,-0.0011653826120708094,0.006618024061530491,114.13011383813836
2021-09-24,5.441818181818181,2.1813516776359774,7.545454545454547,8.448275862068966,-0.0007888429752065644,0.0010444930069930072,0.0002556500317864428,-0.0023043400713436734,0.00041424534914750224,-0.001890094722196171,0.002145744753982614,114.37500793117799
2021-10-01,5.557636363636364,2.366620605440999,7.545454545454547,8.431034482758621,-0.008739008264462878,0.0010465034965034966,-0.007692504767959381,-0.015620087189078534,0.00041949070723768797,-0.015200596481840845,0.007508091713881464,115.23374598050118
2021-10-08,5.560000000000001,2.402586122682379,7.545454545454547,8.431034482758621,-0.00017834710743808223,0.001068776223776224,0.0008904291163381417,-0.0030322651605232424,0.0004551193472001921,-0.0025771458133230503,0.003467574929661192,115.63332762911409
2021-10-15,5.620909090909091,2.3961378468203094,7.545454545454547,8.431034482758621,-0.00459586776859495,0.0010692307692307694,-0.0035266369993641805,0.0005436563614744734,0.0004620357928235344,0.0010056921542980078,-0.004532329153662189,115.10923932716568
2021-10-22,5.647,2.4524481916478957,7.5,8.396551724137932,-0.001956818181818187,0.001080944055944056,-0.0008758741258741312,-0.004728127229488717,0.0004607957397731364,-0.00426733148971558,0.003391457363841449,115.49962740452797
2021-10-29,5.634,2.455482674406516,7.545454545454547,8.396551724137932,0.0009809090909090837,0.0010859615384615385,0.002066870629370622,-0.0002547919143875903,0.00047162465223997993,0.00021683273785238962,0.0018500378915182326,115.7133060916826
2021-11-05,5.624818181818183,2.4080069006541533,7.545454545454547,8.413793103448278,0.0006928099173553049,0.0010834615384615386,0.0017762714558168433,0.003994513377784988,0.00047220820661663765,0.004466721584401626,-0.0026904501285847826,115.40198521242925
2021-11-12,5.653636363636364,2.4160069006541534,7.454545454545455,8.379310344827587,-0.0021482644628098707,0.0010816958041958045,-0.0010665686586140662,-0.0006703448275862076,0.0004630782501257987,-0.00020726657746040887,-0.0008593020811536573,115.30282004636696
2021-11-19,5.716363636363637,2.4042827627231187,7.454545454545455,8.379310344827587,-0.004676033057851225,0.0010872377622377623,-0.003588795295613463,0.0009824019024970423,0.0004646167116642603,0.0014470186141613025,-0.005035813909774766,114.7221765013412
2021-11-26,5.761454545454546,2.4265241420334633,7.409090909090908,8.379310344827587,-0.0033408264462810064,0.0010993006993006995,-0.002241525746980307,-0.0018636741973840514,0.0004623620697544459,-0.0014013121276296055,-0.0008402136193507014,114.62578536620323
2021-12-03,5.765363636363636,2.354747911056458,7.454545454545455,8.379310344827587,-0.00029140495867763277,0.0011079720279720282,0.0008165670692943953,0.006014353147383553,0.00046663925808335837,0.0064809924054669114,-0.005664425336172516,113.97649616339622
2021-12-10,5.749454545454546,2.326506531746113,7.454545454545455,8.413793103448278,0.0011859504132231212,0.0011087237762237763,0.0022946741894468974,0.0023761712247324655,0.00045283613674162657,0.002829007361474092,-0.0005343331720271947,113.91559474066469
2021-12-17,5.790090909090909,2.3324720489874924,7.454545454545455,8.413793103448278,-0.00302925619834712,0.0011056643356643356,-0.0019235918626827845,-0.0005019262782401879,0.00044740510225886793,-5.4521175981319986e-05,-0.0018690706867014644,113.70267844177673
2021-12-24,5.78709090909091,2.3322306696771475,7.454545454545455,8.379310344827587,0.00022363636363630592,0.001113479020979021,0.0013371153846153268,2.0225921521999246e-05,0.00044855231711297933,0.0004687782386349786,0.0008683371459803483,113.80141070106518
2021-12-31,5.7841818181818185,2.3254720489874927,7.454545454545455,8.379310344827587,0.0002168595041322858,0.0011129020979020981,0.001329761602034384,0.0005663258026159044,0.0004485058980148361,0.0010148317006307404,0.0003149299014036436,113.83725016811685
2022-01-07,5.880090909090909,2.58033785211213,7.409090909090908,8.379310344827587,-0.007105991735537176,0.0011123426573426574,-0.005993649078194519,-0.02135599660665063,0.00044720616326682553,-0.020908790443383805,0.014915141365189287,115.53514884699874
2022-01-14,5.877636363636364,2.5767861279741986,7.409090909090908,8.379310344827587,0.00018185950413218444,0.0011307867132867133,0.0013126462174188978,0.00029760998810941217,0.0004962188177138711,0.0007938288058232832,0.0005188174115956146,115.59509049387185
2022-01-21,5.847181818181818,2.5938206107328194,7.409090909090908,8.379310344827587,0.0022564049586777392,0.0011303146853146855,0.0033867196439924248,-0.0014273721759809886,0.0004955357938411921,-0.0009318363821397965,0.004318556026132221,116.09429436851546
2022-01-28,5.849090909090909,2.608751645215578,7.409090909090908,8.344827586206899,-0.00014144628099169903,0.001124458041958042,0.0009830117609663429,-0.0012459690844233103,0.0004988116559101576,-0.0007471574285131527,0.0017301691894794956,116.29515713970623
2022-02-04,5.867363636363637,2.792474797396353,7.409090909090908,8.344827586206897,-0.0013538429752066568,0.0011248251748251748,-0.000229017800381482,-0.015331380285430168,0.0005016830086953034,-0.014829697276734864,0.014600679476353382,117.99314545375523
2022-02-11,5.8851818181818185,2.819716176706698,7.409090909090908,8.310344827586208,-0.0013201652892562083,0.001128339160839161,-0.00019182612841704737,-0.0022638525564803937,0.0005370143841146832,-0.0017268381723657103,0.001535012043948663,118.17426635313014
2022-02-18,5.838454545454545,2.8114747973963534,7.409090909090908,8.310344827586208,0.003462066115702528,0.0011317657342657344,0.004593831849968262,0.0006848870392389666,0.0005422531109051342,0.0012271401501441008,0.003366691699824161,118.57212267479402
2022-02-25,5.865454545454545,2.844129969810146,7.409090909090908,8.310344827586208,-0.0020004545454545553,0.0011227797202797202,-0.0008776748251748351,-0.002713757431628978,0.0005406682302685295,-0.0021730892013604487,0.0012954143761856136,118.7257227071218
2022-03-04,6.051181818181818,2.9991079283321986,7.318181818181818,8.293103448275863,-0.013591859504132232,0.001127972027972028,-0.012463887476160205,-0.012852482422259875,0.0005469480711173358,-0.012305534351142539,-0.00015835312501766632,118.70692211791116
2022-03-11,6.152363636363637,3.0745906869528894,7.318181818181818,8.224137931034484,-0.007404669421487642,0.0011636888111888112,-0.006240980610298831,-0.0062078061831154305,0.000576751524679269,-0.005631054658436161,-0.0006099259518626693,118.6345196854457
2022-03-18,6.326545454545454,3.073935514539096,7.181818181818182,8.224137931034484,-0.012509421487603246,0.0011831468531468532,-0.011326274634456393,5.388228299646845e-05,0.0005912674397986325,0.000645149722795101,-0.011971424357251494,117.21429550687252
2022-03-25,6.566272727272728,3.103280342125302,7.181818181818182,8.258620689655174,-0.017216776859504217,0.0012166433566433567,-0.01600013350286086,-0.0024234780023780697,0.0005911414451036723,-0.0018323365572743974,-0.014167796945586463,115.55362716901118
2022-04-01,6.483727272727273,3.39024052777696,7.181818181818182,8.189655172413794,0.00592826446280996,0.0012627447552447553,0.007191009218054716,-0.02350104968698921,0.0005967846811779427,-0.022904265005811268,0.030095274223865983,119.03124526622494
2022-04-08,6.586454545454545,3.4531025967424775,7.181818181818182,8.189655172413794,-0.007377685950413211,0.0012468706293706294,-0.006130815321042582,-0.005148186682520848,0.0006519693322648,-0.004496217350256048,-0.0016345979707865334,118.83667703425257
2022-04-15,6.658818181818182,3.490999148466616,7.136363636363637,8.155172413793105,-0.005164132231404978,0.001266625874125874,-0.0038975063572791037,-0.0030905291319857624,0.0006640581916812457,-0.0024264709403045166,-0.0014710354169745871,118.66186407349963
2022-04-22,6.834090909090909,3.5257232863976498,7.136363636363637,8.155172413793105,-0.012508099173553701,0.001280541958041958,-0.011227557215511743,-0.002831813317479145,0.0006713459900897338,-0.002160467327389411,-0.009067089888122333,117.58594628565307
2022-04-29,6.873090909090909,3.5416198381217883,7.136363636363637,8.155172413793105,-0.002783181818181797,0.0013142482517482517,-0.0014689335664335454,-0.001296391200951296,0.0006780237089226251,-0.0006183674920286709,-0.0008505660744048745,117.48593166891568
2022-05-06,6.970545454545455,3.772795684208676,7.045454545454545,8.10344827586207,-0.006866115702479402,0.0013217482517482518,-0.00554436745073115,-0.018733215113937444,0.0006810807381003438,-0.0180521343758371,0.012507766925105948,118.9554183192094
2022-05-13,7.189636363636363,3.800347408346607,6.818181818181818,8.120689655172415,-0.014938016528925539,0.0013404895104895107,-0.013597527018436029,-0.002237390011890626,0.0007255376315785916,-0.0015118523803120346,-0.012085674638123994,117.5177618369615
2022-05-20,7.233090909090909,3.7627612014500555,6.90909090909091,8.120689655172415,-0.00300231404958682,0.0013826223776223776,-0.0016196916719644426,0.0030522592152199637,0.0007308360400666552,0.003783095255286619,-0.005402786927251061,116.88283840958896
2022-05-27,7.103545454545454,3.74896809800178,6.954545454545455,8.120689655172415,0.009009297520661179,0.001390979020979021,0.0104002765416402,0.0011200951248513337,0.00072360792335578,0.0018437030482071136,0.008556573493433086,117.88295500656167
2022-06-03,7.273818181818182,4.059012418043698,6.954545454545455,7.982758620689656,-0.011841694214876086,0.0013660664335664334,-0.010475627781309652,-0.02475008968610486,0.0007209554034618808,-0.02402913428264298,0.013553506501333327,119.48068240363948
2022-06-10,7.307818181818181,4.136908969767837,6.863636363636363,7.9655172413793105,-0.002333636363636289,0.001398811188811189,-0.0009348251748251002,-0.006204863258026191,0.0007805793111622497,-0.005424283946863942,0.004489458772038842,120.01708600134566
2022-06-17,7.479272727272726,4.171253797354043,6.772727272727273,7.93103448275862,-0.011612148760330569,0.0014053496503496502,-0.01020679910998092,-0.002723900118906041,0.0007955594172630454,-0.0019283407016429954,-0.008278458408337923,119.02352954659361
2022-06-24,7.399454545454546,4.153805521491973,6.863636363636363,7.9655172413793105,0.005478429752066022,0.0014383216783216781,0.0069167514303877,0.001389845422116609,0.0008021641917988545,0.0021920096139154636,0.004724741816472236,119.58588499378651
2022-07-01,7.454363636363636,3.92242564519974,6.863636363636363,8.06896551724138,-0.003768760330578474,0.0014229720279720281,-0.0023457883026064457,0.01866996243185608,0.0007988087541330718,0.01946877118598915,-0.021814559488595595,116.9771715915932
2022-07-08,7.475454545454545,3.9511497831307736,6.772727272727272,8.051724137931036,-0.0014284297520660673,0.0014335314685314687,5.101716465401307e-06,-0.002312788347205643,0.000754312624076873,-0.0015584757231287697,0.001563577439594171,117.16007445804135
2022-07-15,7.526272727272728,4.007218748648015,6.772727272727272,8.03448275862069,-0.0034417768595042257,0.0014375874125874125,-0.0020041894469168134,-0.0045048513674197125,0.000759836496755918,-0.0037450148706637946,0.0017408254237469812,117.364029694306
2022-07-22,7.566909090909091,3.975839438303187,6.772727272727272,8.03448275862069,-0.0027521900826445785,0.00144736013986014,-0.0013048299427844386,0.0025211652794292394,0.0007706189901246182,0.0032917842695538574,-0.004596614212338296,116.82455252739585
2022-07-29,7.505818181818182,3.873839438303187,6.863636363636363,8.03448275862069,0.004193057851239623,0.0014551748251748252,0.005648232676414448,0.008195172413793129,0.0007645845073659975,0.008959756921159126,-0.0033115242447446774,116.43768518931994
2022-08-05,7.445818181818182,3.8372605952286305,6.863636363636363,8.03448275862069,0.0041181818181818515,0.0014434265734265736,0.005561608391608425,0.0029389208401281513,0.0007449691227506128,0.0036838899628787642,0.0018777184287296612,116.65632237659855
2022-08-12,7.38,3.7908468021251815,6.954545454545455,8.06896551724138,0.00457735537190084,0.0014318881118881117,0.006009243483788952,0.003745112960761054,0.0007379347298516597,0.004483047690612714,0.0015261957931762375,116.83436276505712
2022-08-19,7.344909090909091,3.833570940056216,6.954545454545455,8.06896551724138,0.0024404132231404634,0.0014192307692307694,0.0038596439923712328,-0.0034473959571938075,0.0007290090004086887,-0.0027183869567851187,0.006578030949156351,117.60290281925063
2022-08-26,7.4395454545454545,3.8505364572975953,6.954545454545455,8.051724137931036,-0.0065815289256198044,0.0014124825174825174,-0.005169046408137287,-0.001366016646848997,0.0007372251807800415,-0.0006287914660689554,-0.004540254942068332,117.06895565852395
2022-09-02,7.441000000000001,4.2580215267344546,6.818181818181818,7.896551724137931,-9.91735537190634e-05,0.0014306818181818181,0.0013315082644627548,-0.03217726927622096,0.0007404877802495376,-0.03143678149597142,0.03276828976043417,120.90510511949388
2022-09-09,7.548272727272728,4.269573250872385,6.818181818181818,7.86206896551724,-0.007314049586776869,0.0014309615384615385,-0.005883088048315331,-0.0009082045184304229,0.0008188502936027798,-8.935422482764309e-05,-0.0057937338234876875,120.20461312253074
2022-09-16,7.588272727272728,4.322814630182731,6.727272727272727,7.827586206896551,-0.0026909090909090928,0.0014515909090909093,-0.0012393181818181834,-0.0041675148632580915,0.0008210717790139203,-0.0033464430842441713,0.002107124902425988,120.45789925622772
2022-09-23,7.7147272727272735,4.3702973888034204,6.727272727272727,7.86206896551724,-0.008506942148760325,0.001459283216783217,-0.007047658931977108,-0.003733127229488684,0.0008313105058043713,-0.0029018167236843128,-0.004145842208292796,119.95849981316897
2022-09-30,7.926636363636364,4.415745664665488,6.59090909090909,7.827586206896551,-0.013966735537190045,0.0014836013986013986,-0.012483134138588647,-0.0035575029726515124,0.0008404418055391194,-0.002717061167112393,-0.009766072971476254,118.78697635044475
2022-10-07,7.932636363636364,4.633508154461743,6.636363636363637,7.8103448275862055,-0.00039818181818183327,0.0015243531468531468,0.0011261713286713135,-0.017008001358224716,0.0008491818585895169,-0.0161588194996352,0.017284990828306514,120.84020814718446
2022-10-14,8.042818181818182,4.717715051013466,6.59090909090909,7.758620689655171,-0.007261983471074378,0.001525506993006993,-0.005736476478067385,-0.006533293697978549,0.0008910592604734121,-0.005642234437505137,-9.424204056224846e-05,120.8288199193867
2022-10-21,8.065999999999999,4.771542637220363,6.59090909090909,7.79310344827586,-0.001527892561983369,0.0015466958041958044,1.88032422124354e-05,-0.004194839476813306,0.0009072528944256667,-0.0032875865823876397,0.003306389824600075,121.22832710008657
2022-10-28,7.991090909090909,4.691128844116914,6.59090909090909,7.775862068965516,0.004937190082644562,0.001551153846153846,0.0064883439287984086,0.00625286563614748,0.0009176043533116082,0.007170469989459088,-0.0006821260606606795,121.1456340988813
2022-11-04,8.060636363636362,4.531354906682274,6.59090909090909,7.8103448275862055,-0.004583677685950342,0.0015367482517482517,-0.0030469294342020904,0.012478895458257266,0.0009021401623301757,0.013381035620587442,-0.016427965054789533,119.15545785536456
2022-11-11,7.885000000000002,4.502320423923654,6.727272727272728,7.775862068965516,0.011815537190082465,0.0015501223776223775,0.013365659567704842,0.002257681331747863,0.0008714144051312065,0.003129095736879069,0.010236563830825773,120.37520030549227
2022-11-18,7.912636363636364,4.4818031825443425,6.727272727272728,7.775862068965516,-0.0018591735537189069,0.0015163461538461541,-0.0003428273998727527,0.0015953923900119491,0.0008658308507545488,0.002461223240766498,-0.0028040506406392506,120.03766214795857
2022-11-25,7.890363636363637,4.456872148061584,6.81818181818182,7.775862068965516,0.0015185950413222657,0.001521660839160839,0.0030402558804831048,0.0019386028537455287,0.0008618852274123735,0.0028004880811579023,0.0002397677993252025,120.06644331404792
2022-12-02,7.713,4.3699943364494525,6.863636363636365,7.810344827586206,0.012173595041322363,0.0015173776223776224,0.013690972663699985,0.006785456665568209,0.0008570907977041507,0.007642547463272359,0.0060484252004276255,120.79265621551431
2022-12-09,7.649545454545454,4.414339164035661,6.863636363636365,7.810344827586206,0.004355289256198362,0.001483269230769231,0.005838558486967593,-0.003463483947681431,0.0008403835262402793,-0.0026231004214411517,0.008461658908408744,121.81476247105067
2022-12-16,7.696727272727273,4.411925370932211,6.863636363636365,7.810344827586206,-0.003238388429752084,0.0014710664335664337,-0.0017673219961856505,0.00018852556480388946,0.0008489113776991655,0.0010374369425030549,-0.0028047589386887054,121.47310142714576
2022-12-23,7.786272727272728,4.421270198518419,6.772727272727273,7.810344827586206,-0.006064669421487622,0.0014801398601398603,-0.004584529561347761,-0.0007298632580262476,0.000848447186717733,0.00011858392869148538,-0.004703113490039246,120.90179964514685
2022-12-30,7.770545454545454,4.437615026104625,6.727272727272728,7.793103448275861,0.0010580165289256855,0.00149736013986014,0.0025553766687858256,-0.0012737693222353579,0.0008502442689458499,-0.000423525053289508,0.0029789017220753335,121.26195422431178
2023-01-06,7.696545454545455,4.427940716339276,6.954545454545455,7.810344827586206,0.005146363636363564,0.0014943356643356642,0.0066406993006992284,0.000755596952362594,0.0008533875050201202,0.001608984457382714,0.005031714843316514,121.87210979931183
2023-01-13,7.643727272727273,4.314423474959966,6.954545454545455,7.810344827586206,0.003673264462809937,0.001480104895104895,0.005153369357914832,0.008866087990487501,0.0008515270608344763,0.009717615051321977,-0.004564245693407145,121.31585554701387
2023-01-20,7.69509090909091,4.314388992201345,6.863636363636363,7.810344827586206,-0.0035254132231405206,0.0014699475524475524,-0.0020554656706929684,2.693222354360107e-06,0.0008296968221076858,0.0008323900444620459,-0.002887855715155014,120.96551286023352
2023-01-27,7.682363636363636,4.32559588875307,6.954545454545455,7.810344827586206,0.0008851239669422086,0.0014798251748251749,0.0023649491417673833,-0.0008752972651605834,0.0008296901908079509,-4.5607074352632475e-05,0.002410556216120016,121.2571070291949
2023-02-03,7.726272727272727,4.4078691836247454,6.954545454545455,7.79310344827586,-0.0030536776859504283,0.0014773776223776223,-0.001576300063572806,-0.006411642979654698,0.0008318453632217442,-0.005579797616432954,0.004003497552860148,121.74255956045319
2023-02-10,7.858818181818182,4.474869183624746,6.90909090909091,7.758620689655171,-0.009157685950413254,0.0014858216783216784,-0.007671864272091575,-0.005198275862068978,0.0008476671506970665,-0.004350608711371912,-0.003321255560719664,121.33822140753678
2023-02-17,7.932454545454546,4.520489873279917,6.90909090909091,7.758620689655171,-0.0050876033057851615,0.001511311188811189,-0.0035762921169739726,-0.003539536266349522,0.0008605517660816818,-0.0026789845002678403,-0.0008973076167061323,121.22934369727022
2023-02-24,7.824545454545454,4.55414504569371,6.818181818181818,7.741379310344826,0.007357438016529004,0.0015254720279720283,0.008882910044501032,-0.002605374554102251,0.0008693249756307534,-0.0017360495784714978,0.01061895962297253,122.516673203111
2023-03-03,8.02418181818182,4.544192776991808,6.818181818181818,7.758620689655171,-0.013611570247934003,0.0015047202797202797,-0.012106849968213724,0.0007721587785958982,0.0008757971241718673,0.0016479559027677655,-0.01375480587098149,120.83148014724372
2023-03-10,7.96,4.489537604578015,6.818181818181818,7.758620689655171,0.004376033057851341,0.0015431118881118883,0.00591914494596323,0.004240487514863243,0.0008738832263445784,0.005114370741207821,0.0008047742047554091,120.92872220558863
2023-03-17,7.917818181818183,4.44633070802629,6.954545454545455,7.775862068965516,0.002933553719008166,0.001530769230769231,0.004464322949777397,0.0033597086801427493,0.0008633726162650027,0.004223081296407752,0.0002412416533696454,120.9578952504734
2023-03-24,7.699272727272728,4.419951397681462,6.954545454545455,7.8103448275862055,0.01519884297520666,0.0015226573426573428,0.016721500317864003,0.002060315101070151,0.0008550635976973634,0.0029153786987675145,0.013806121619096489,122.62785466309138
2023-03-31,7.829363636363638,4.408503121819394,6.954545454545455,7.8103448275862055,-0.009047231404958752,0.0014806293706293707,-0.007566602034329381,0.0008941498216408266,0.0008499906534002813,0.001744140475041108,-0.009310742509370489,121.48609828384684
2023-04-07,7.755363636363637,4.372302816091954,6.954545454545455,7.79310344827586,0.005146363636363688,0.0015056468531468535,0.006652010489510541,0.002821127273931516,0.000847789061888345,0.003668916335819861,0.0029830941536906803,121.84850275339207
2023-04-14,7.77,4.375475229885057,6.954545454545455,7.775862068965515,-0.001017892561983373,0.0014914160839160843,0.00047352352193271124,-0.00024668252080853163,0.0008408274646330682,0.0005941449438245365,-0.0001206214218918253,121.83380521373456
2023-04-21,7.801272727272727,4.3963028160919535,6.954545454545455,7.775862068965515,-0.002174876033057887,0.001494230769230769,-0.0006806452638271178,-0.0016195243757431248,0.0008414375442086649,-0.0007780868315344599,9.744156770734205e-05,121.84567689071434
2023-04-28,7.790181818181819,4.379647643678161,6.954545454545455,7.79310344827586,0.0007713223140495524,0.0015002447552447554,0.0022715670692943076,0.0012979548156955658,0.0008454428492484527,0.0021433976649440183,0.0001281694043502894,121.8612937785441
2023-05-05,7.729272727272727,4.347063824451409,6.954545454545455,7.775862068965515,0.00423595041322318,0.0014981118881118882,0.005734062301335068,0.002533672839873303,0.0008422399314765694,0.0033759127713498724,0.0023581495299851954,122.14866093119134
2023-05-12,7.7059999999999995,4.342339686520375,6.954545454545455,7.810344827586205,0.00161851239669425,0.0014863986013986014,0.003104910998092851,0.0003689714625445598,0.0008359738123945017,0.0012049452749390613,0.0018999657231537899,122.38073920008974
2023-05-19,7.716818181818183,4.387822445141065,6.954545454545455,7.793103448275859,-0.0007523553719009206,0.0014819230769230766,0.0007295677050221561,-0.003544518430440018,0.0008350653243308412,-0.0027094531061091767,0.0034390208111313328,122.80160910908047
2023-05-26,7.764272727272727,4.39102934169279,6.90909090909091,7.793103448275859,-0.003278677685950365,0.0014840034965034968,-0.0017946741894468681,-0.00024991676575511306,0.0008438120086809741,0.0005938952429258611,-0.0023885694323727293,122.50828893931633
2023-06-02,7.679636363636364,4.393674921630095,6.954545454545455,7.810344827586205,0.005886074380165273,0.0014931293706293707,0.007379203750794644,-0.00020662891579293068,0.0008444287195563057,0.0006377998037633751,0.006741403947031269,123.33416680191588
2023-06-09,7.649727272727272,4.361226645768027,6.954545454545455,7.810344827586205,0.00208004132231411,0.0014768531468531468,0.003556894469167257,0.0025343222354339222,0.0008449374849288643,0.0033792597203627867,0.00017763474880447012,123.35607523565474
2023-06-16,7.585454545454546,4.360881818181819,7.09090909090909,7.793103448275859,0.00455752066115696,0.0014711013986013985,0.006028622059758358,2.687277051135755e-05,0.0008386974318784666,0.0008655702023898242,0.005163051857368534,123.99296904901789
2023-06-23,7.492,4.353019749216302,7.045454545454545,7.810344827586205,0.006584297520661188,0.0014587412587412586,0.008043038779402446,0.0006140546967895259,0.0008386311188811191,0.001452685815670645,0.006590352963731801,124.81012648007199
2023-06-30,7.511,4.341778369905957,7.045454545454545,7.810344827586205,-0.0013386363636363726,0.0014407692307692307,0.00010213286713285814,0.000877990487514874,0.0008371191825415965,0.0017151096700564706,-0.0016129768029236125,124.60881064128968
2023-07-07,7.525181818181818,4.431019802955665,6.954545454545455,7.775862068965515,-0.0009862809917355296,0.0014444230769230769,0.00045814208518754726,-0.006939290742313465,0.0008349573788280686,-0.006104333363485396,0.006562475448672943,125.42655290181146
2023-07-14,7.494181818181818,4.374399113300492,6.954545454545455,7.775862068965515,0.0021559090909091315,0.0014471503496503496,0.003603059440559481,0.004402746730083251,0.0008521191928760893,0.00525486592295934,-0.0016518064823998592,125.2193725086632
2023-07-21,7.541454545454545,4.380674975369457,7.0,7.775862068965515,-0.003309090909090946,0.0014411888111888111,-0.0018679020979021348,-0.00048800237812125416,0.0008412305987116331,0.00035322822059037894,-0.0022211303184925136,124.94124396392161
2023-07-28,7.557727272727273,4.403674975369458,7.045454545454545,7.775862068965515,-0.0011464876033057813,0.0014502797202797203,0.000303792116973939,-0.0017884482758621133,0.0008424374952633572,-0.0009460107805987562,0.0012498028975726951,125.09739589265405
2023-08-04,7.631636363636364,4.486642321255641,6.954545454545455,7.775862068965515,-0.005140041322314081,0.001453409090909091,-0.0036866322314049902,-0.006451426378391179,0.0008468605721864343,-0.005604565806204745,0.0019179335747997548,125.3373243883566
2023-08-11,7.643090909090909,4.489263010910813,6.954545454545455,7.775862068965515,-0.0007966115702479136,0.0014676223776223776,0.000671010807374464,-0.0002037812128417824,0.0008628158310107002,0.0006590346181689178,1.1976189205546218e-05,125.33882545186799
2023-08-18,7.7473636363636365,4.5378837005659864,6.954545454545455,7.775862068965515,-0.007251694214876035,0.0014698251748251749,-0.0057818690400508604,-0.003780677764566078,0.0008633198097905409,-0.002917357954775537,-0.0028645110852753234,124.97979099694572
2023-08-25,7.768090909090909,4.517366459186675,6.954545454545455,7.775862068965515,-0.0014414876033057838,0.0014898776223776224,4.839001907183866e-05,0.0015953923900119491,0.0008726699424165359,0.002468062332428485,-0.0024196723133566465,124.67738085694131
2023-09-01,7.8006363636363645,4.593888341543515,6.954545454545455,7.741379310344825,-0.00226338842975212,0.0014938636363636365,-0.0007695247933884835,-0.005923849168658792,0.0008687243190743607,-0.005055124849584432,0.004285600056195948,125.2116982473482
2023-09-08,7.814818181818182,4.623302134646964,7.045454545454545,7.741379310344825,-0.000999173553718938,0.0015001223776223778,0.0005009488239034398,-0.002277033293698003,0.0008834400656814452,-0.0013935932280165577,0.0018945420519199975,125.44891707507011
2023-09-15,7.828727272727273,4.62771592775041,7.045454545454545,7.741379310344825,-0.0009799586776860101,0.0015028496503496501,0.00052289097266364,-0.00034168846611163197,0.0008890965643551853,0.0005474080982435534,-2.451712557991338e-05,125.44584142821631
2023-09-22,8.0,4.66664696223317,7.0,7.741379310344825,-0.01198909090909086,0.0015055244755244755,-0.010483566433566386,-0.00301379904875156,0.0008899453707212327,-0.002123853678030327,-0.008359712755536059,124.3971502274999
2023-09-29,7.962272727272728,4.733129720853859,7.0,7.741379310344825,0.0026409090909090514,0.0015384615384615385,0.00417937062937059,-0.00514668252080855,0.0008974321081217634,-0.004249250412686786,0.008428621042057376,125.44564666547939
2023-10-06,8.048636363636364,4.9175454366323335,6.954545454545455,7.637931034482755,-0.006006198347107411,0.0015312062937062937,-0.004474992053401117,-0.014085545187907597,0.0009102172540103575,-0.01317532793389724,0.008700335880496122,126.53706592621509
2023-10-13,8.16718181818182,4.854648884908195,6.863636363636365,7.706896551724134,-0.00813652892561997,0.0015478146853146852,-0.006588714240305285,0.004847372175981029,0.0009456818147369872,0.005793053990718017,-0.012381768231023303,124.97031330328299
2023-10-20,8.349363636363636,4.913717850425436,6.863636363636365,7.706896551724134,-0.012504297520660979,0.0015706118881118887,-0.01093368563254909,-0.004552384066587378,0.0009335863240208067,-0.0036187977425665707,-0.007314887889982519,124.05616947189348
2023-10-27,8.326454545454546,4.918545436632332,6.863636363636365,7.706896551724134,0.0015723966942148362,0.001605646853146853,0.003178043547361689,-0.0003720570749107817,0.0009449457404664299,0.0005728886655556483,0.0026051548818060407,124.37935500741135
2023-11-03,8.29490909090909,4.6490065308254955,6.90909090909091,7.75862068965517,0.0021795041322314355,0.0016012412587412587,0.003780745390972694,0.020912501312599373,0.0009458741224292947,0.02185837543502867,-0.018077630044055975,122.13087104246907
2023-11-10,8.256181818181819,4.625558254963427,6.90909090909091,7.75862068965517,0.002675702479338766,0.0015951748251748252,0.004270877304513591,0.0018192627824018608,0.0008940397174664414,0.002713302499868302,0.0015575748046452887,122.32109901007419
2023-11-17,8.166363636363636,4.566799634273771,7.0,7.75862068965517,0.006287272727272804,0.001587727272727273,0.007875000000000076,0.004558858501783669,0.0008895304336468129,0.005448388935430482,0.002426611064569594,122.61792474236238
2023-11-24,8.251181818181818,4.573006530825497,6.954545454545455,7.75862068965517,-0.005898719008264485,0.0015704545454545452,-0.00432826446280994,-0.0004815695600476993,0.0008782306988988021,0.00039666113885110285,-0.004724925601661043,122.03856417052464
2023-12-01,8.128272727272728,4.232367048859471,7.0,7.86206896551724,0.008603636363636298,0.0015867657342657343,0.010190402097902031,0.026781310995949603,0.0008794243328510571,0.02766073532880066,-0.017470333230898628,119.90650978744517
2023-12-08,8.064727272727273,4.2207118764456775,7.0,7.86206896551724,0.004448181818181851,0.0015631293706293709,0.006011311188811222,0.0009163376932223978,0.0008139167401652829,0.0017302544333876809,0.0042810567554235415,120.41983636118997
2023-12-15,7.972454545454546,4.158504979893954,7.0,7.86206896551724,0.006459090909090879,0.001550909090909091,0.00800999999999997,0.004890749108204451,0.000811675360854938,0.00570242446905939,0.0023075755309405806,120.6977142290169
2023-12-22,7.937,4.1245739454111945,7.0,7.86206896551724,0.002481818181818225,0.0015331643356643358,0.0040149825174825605,0.002667681331748003,0.0007997124961334526,0.0034673938278814557,0.0005475886896011048,120.76380693218942
2023-12-29,7.930272727272727,4.128780841962919,7.0,7.86206896551724,0.00047090909090913513,0.0015263461538461537,0.001997255244755289,-0.00033074910820453493,0.0007931872971944605,0.0004624381889899256,0.0015348170557653632,120.9491572827881
2024-01-05,7.990545454545455,4.229811849529781,7.0,7.86206896551724,-0.004219090909090939,0.0015250524475524476,-0.002694038461538491,-0.007943127491463677,0.0007939963157620998,-0.007149131175701577,0.004455092714163085,121.48799699218283
2024-01-12,7.903181818181818,4.206949780564265,7.0,7.86206896551724,0.006115454545454542,0.0015366433566433566,0.007652097902097898,0.0017974316290130439,0.0008134253556788041,0.002610856984691848,0.00504124091740605,122.10044725359353
2024-01-19,8.190818181818182,4.237673918495298,6.90909090909091,7.86206896551724,-0.019873057851239675,0.0015198426573426575,-0.01835321519389702,-0.0024155529131984575,0.0008090288039546663,-0.0016065241092437911,-0.016746691084653226,120.0556687821396
2024-01-26,8.21109090909091,4.229053228840126,6.90909090909091,7.86206896551724,-0.0014006611570248208,0.0015751573426573428,0.00017449618563252205,0.0006777645659928102,0.0008149372920183264,0.0014927018580111365,-0.0013182056723786144,119.89741071854978
2024-02-02,8.176636363636364,4.279583478590375,6.90909090909091,7.844827586206895,0.002380495867768615,0.001579055944055944,0.003959551811824559,-0.0039640109717867834,0.0008132794670846396,-0.0031507315047021437,0.007110283316526703,120.74991527767662
2024-02-09,8.219272727272728,4.298445547555891,6.90909090909091,7.844827586206895,-0.002945785123966939,0.0015724300699300699,-0.001373355054036869,-0.0014796967895361955,0.0008229968228058414,-0.0006566999667303541,-0.000716655087306515,120.66337923660105
2024-02-16,8.325363636363637,4.315169685486926,6.863636363636365,7.844827586206895,-0.007281694214876045,0.0015806293706293708,-0.005701064844246674,-0.0013119797859690897,0.0008266241437607484,-0.00048535564220834133,-0.005215709202038333,120.03403413916767
2024-02-23,8.310818181818183,4.321273133762789,6.863636363636365,7.844827586206895,0.0009983471074379623,0.0016010314685314686,0.002599378575969431,-0.0004788049940547749,0.0008298403241321012,0.00035103533007732634,0.0022483432458921043,120.30391184910165
2024-03-01,8.309000000000001,4.285781805807623,6.863636363636365,7.844827586206895,0.00012479338842976052,0.001598234265734266,0.0017230276541640266,0.002784233486137993,0.0008310140641851517,0.0036152475503231445,-0.001892219896159118,120.076270393515
2024-03-08,8.342636363636364,4.277264564428313,6.90909090909091,7.844827586206895,-0.0023239669421487334,0.0015978846153846156,-0.0007260823267641178,0.0006681629013079903,0.0008241888088091583,0.0014923517101171485,-0.0022184340368812663,119.80988910825228
2024-03-15,8.415727272727274,4.315712840290382,6.863636363636365,7.844827586206895,-0.00501669421487608,0.001604353146853147,-0.003412341068022933,-0.0030162009512485163,0.0008225508777746754,-0.002193650073473841,-0.001218690994549092,119.66387787533812
2024-03-22,8.42390909090909,4.309988702359348,6.863636363636365,7.844827586206895,-0.0005615702479337395,0.0016184090909090914,0.001056838842975352,0.00044904875148625226,0.0008299447769789196,0.0012789935284651718,-0.00022215468548981987,119.63729398418424
2024-03-29,8.466000000000001,4.324540426497279,6.863636363636365,7.844827586206895,-0.002888966942148889,0.0016199825174825174,-0.0012689844246663716,-0.0011415576694411332,0.0008288439812229516,-0.0003127136882181816,-0.00095627073644819,119.5228883409593
2024-04-05,8.559727272727272,4.449983079564113,6.863636363636365,7.82758620689655,-0.006433099173553624,0.0016280769230769233,-0.004805022250476701,-0.009819131809024589,0.0008316423897110151,-0.008987489419313573,0.004182467168836872,120.02278889736992
2024-04-12,8.559454545454546,4.512017562322733,6.863636363636365,7.82758620689655,1.8719008264397018e-05,0.0016461013986013987,0.0016648204068657956,-0.0048558026159333835,0.0008557659768392526,-0.004000036639094131,0.0056648570459599265,120.70270083873093
2024-04-19,8.553454545454546,4.550983079564112,6.863636363636365,7.82758620689655,0.0004118181818181975,0.0016460489510489512,0.002057867132867149,-0.0030500594530320606,0.0008676956850620642,-0.0021823637679699963,0.0042402309008371455,121.21450816064183
2024-04-26,8.2051,4.573569286460665,7.050000000000001,7.810344827586205,0.024558995454545495,0.001644895104895105,0.0262038905594406,-0.0017640606420928284,0.0008751890537623293,-0.0008888715883304991,0.027092762147771097,124.49854399909714
2024-05-03,8.1263,4.554120304231,7.050000000000001,7.79310344827586,0.0055553999999999526,0.001577903846153846,0.007133303846153799,0.0015156793047946052,0.0008795325550885895,0.0023952118598831946,0.004738091986270604,125.0884295527216
2024-05-10,8.051300000000001,4.561637545610309,7.050000000000001,7.79310344827586,0.00528749999999995,0.0015627500000000001,0.00685024999999995,-0.0005858263971461826,0.0008757923661982692,0.0002899659690520866,0.006560284030947864,125.90904517957267
2024-05-17,7.9131,4.528292718024104,7.050000000000001,7.79310344827586,0.009743100000000086,0.0015483269230769233,0.01129142692307701,0.002598596908442212,0.0008772379895404441,0.003475834897982656,0.007815592025094353,126.89309890896538
2024-05-24,7.909000000000002,4.584499614575828,7.0,7.775862068965515,0.00028699999999989064,0.00152175,0.0018087499999998907,-0.0043705707491081885,0.000870825522696943,-0.0034997452264112455,0.005308495226411136,127.56671031878814
2024-05-31,7.930300000000001,4.581396166299965,7.050000000000001,7.741379310344826,-0.0015016499999999443,0.001520961538461539,1.9311538461594694e-05,0.00024024970273490778,0.0008816345412645823,0.00112188424399949,-0.0011025727055378953,127.42605874585537
2024-06-07,7.835,4.53679054446461,7.050000000000001,7.775862068965515,0.0067186500000000595,0.0015250576923076925,0.008243707692307752,0.0034684716289215337,0.0008810377242884548,0.004349509353209989,0.0038941983390977635,127.92228109218125
2024-06-14,7.7765,4.537618130671507,7.050000000000001,7.758620689655171,0.004124249999999969,0.0015067307692307693,0.005630980769230739,-6.420927467300362e-05,0.0008724597200893482,0.0008082504454163446,0.0048227303238143945,128.53921575629602
2024-06-21,7.775800000000001,4.517307785843921,7.050000000000001,7.758620689655171,4.934999999994761e-05,0.0014954807692307693,0.001544830769230717,0.0015758026159333517,0.000872618871282982,0.002448421487216334,-0.0009035907179856168,128.42306891404147
2024-06-28,7.736700000000001,4.532721578947369,7.050000000000001,7.741379310344826,0.002756550000000025,0.001495346153846154,0.004251896153846179,-0.001193240190249641,0.0008687130357392156,-0.0003245271545104254,0.004576423308356604,129.01078723995036
2024-07-05,7.719700000000001,4.479287407659807,7.050000000000001,7.758620689655171,0.001198499999999962,0.001487826923076923,0.002686326923076885,0.004145754668862577,0.0008716772267206477,0.005017431895583225,-0.00233110497250634,128.71004955230836
2024-07-12,7.6897,4.424080511108082,7.050000000000001,7.8103448275862055,0.0021150000000000804,0.0014845576923076926,0.003599557692307773,0.004311848989298482,0.0008614014245499628,0.005173250413848444,-0.0015736927215406712,128.50749948413875
2024-07-19,7.67,4.443873614556358,7.050000000000001,7.775862068965516,0.0013888500000000194,0.0014787884615384617,0.002867638461538481,-0.0015390844233055736,0.0008507847136746312,-0.0006882997096309424,0.0035559381711694235,128.96446420683594
2024-07-26,8.217181818181817,4.436701200763255,6.863636363636365,7.775862068965516,-0.03755657024793385,0.0014750000000000002,-0.036081570247933854,0.0005577170035671181,0.0008545910797223764,0.0014123080832894944,-0.03749387833122335,124.12908627681342
2024-08-02,8.117454545454546,4.228397639946261,6.90909090909091,7.879310344827585,0.006890247933884218,0.0015802272727272726,0.00847047520661149,0.01641288401609767,0.0008532117693775491,0.01726609578547522,-0.008795620578863732,123.03729393112152
2024-08-09,8.040090909090909,4.219673502015226,6.90909090909091,7.879310344827585,0.005345123966942222,0.0015610489510489512,0.006906172917991173,0.0006874019024970324,0.0008131533922973577,0.00150055529479439,0.005405617623196783,123.70238649550602
2024-08-16,7.980636363636364,4.202087295118674,6.90909090909091,7.879310344827585,0.004107768595041245,0.0015461713286713285,0.005653939923712574,0.0013856718192628034,0.0008114756734644666,0.00219714749272727,0.0034567924309853036,124.12999996883852
2024-08-23,7.968363636363636,4.195880398566951,6.90909090909091,7.879310344827585,0.0008479338842976088,0.0015347377622377625,0.0023826716465353715,0.0004890606420926759,0.000808093710599745,0.0012971543526924209,0.0010855172938429507,124.26474523048941
2024-08-30,7.933636363636365,4.223742467532468,6.90909090909091,7.844827586206896,0.0023993388429750374,0.0015323776223776222,0.003931716465352659,-0.002185731272294913,0.0008069000766474905,-0.0013788311956474224,0.005310547661000082,124.92465908261794
2024-09-06,7.9493636363636355,4.140763420908593,6.90909090909091,7.913793103448275,-0.0010866115702477558,0.001525699300699301,0.00043908773045154507,0.006566790069027375,0.0008122581668331669,0.007379048235860542,-0.006939960505408997,124.05768688243288
2024-09-13,7.962363636363636,4.128418593322387,6.90909090909091,7.913793103448275,-0.0008981818181818727,0.0015287237762237759,0.0006305419580419032,0.0009769441141497795,0.0007963006578670371,0.0017732447720168166,-0.0011427028139749133,123.91592581453712
2024-09-20,7.923000000000002,4.140866869184455,6.90909090909091,7.844827586206896,0.0027196694214874743,0.0015312237762237764,0.0042508931977112505,-0.0009765457788346695,0.0007939266525619974,-0.00018261912627267208,0.004433512323983923,124.46530859877373
2024-09-27,7.901545454545455,4.1272116967706625,6.90909090909091,7.879310344827585,0.0014823140495868648,0.0015236538461538467,0.0030059678957407117,0.001075933412603999,0.0007963205517662413,0.0018722539643702403,0.0011337139313704714,124.6064166531045
2024-10-04,7.989727272727273,4.2387573824775915,6.90909090909091,7.844827586206896,-0.006092561983471057,0.0015195279720279721,-0.0045730340114430845,-0.00875056672356081,0.0007936945570712813,-0.007956872166489529,0.0033838381550464446,125.02806460013889
2024-10-11,8.078000000000001,4.267998761787938,6.90909090909091,7.844827586206896,-0.006098842975206674,0.001536486013986014,-0.00456235696122066,-0.002293935790725461,0.0008151456504764599,-0.001478790140249001,-0.0030835668209716594,124.6425322084476
2024-10-18,8.022909090909092,4.279033244546558,6.90909090909091,7.844827586206896,0.0038062809917355374,0.0015534615384615387,0.005359742530197076,-0.0008656361474434794,0.0008207689926515266,-4.4867154791952885e-05,0.005404609684989029,125.31617644518296
2024-10-25,8.09890909090909,4.305378072132764,6.90909090909091,7.844827586206896,-0.005250909090909004,0.001542867132867133,-0.003708041958041871,-0.00206670630202131,0.0008228910085666458,-0.0012438152934546643,-0.002464226664587207,125.0073689816826
2024-11-01,8.113636363636363,4.384747504105091,6.90909090909091,7.810344827586206,-0.0010175206611570077,0.0015574825174825176,0.0005399618563255099,-0.006199026324735198,0.000827957321563993,-0.005371069003171205,0.0059110308594967145,125.74629139739784
2024-11-08,8.156818181818181,4.346850952380952,6.90909090909091,7.810344827586206,-0.0029834710743801523,0.0015603146853146851,-0.0014231563890654672,0.002959851367419837,0.0008432206738663636,0.003803072041286201,-0.005226228430351668,125.08911255428548
2024-11-15,8.177727272727273,4.370333711001642,6.90909090909091,7.810344827586206,-0.00144462809917359,0.0015686188811188811,0.0001239907819452911,-0.0018340844233056364,0.0008359328754578754,-0.000998151547847761,0.001122142329793052,125.2294803424789
2024-11-22,8.199909090909092,4.347540607553366,6.90909090909091,7.810344827586206,-0.001532561983471129,0.0015726398601398602,4.007787666873122e-05,0.0017802199762187811,0.0008404487905772389,0.00262066876679602,-0.0025805908901272885,124.90631428633172
2024-11-29,8.175545454545455,4.3518164696223325,6.90909090909091,7.810344827586206,0.0016833057851239827,0.0015769055944055944,0.003260211379529577,-0.00033395957193822534,0.0008360655014525704,0.0005021059295143451,0.002758105450015232,125.25081907250618
2024-12-06,8.212363636363635,4.307324369832628,6.954545454545455,7.844827586206896,-0.0025605371900825394,0.0015722202797202797,-0.0009883169103622597,0.003490328517985437,0.0008368877826196794,0.004327216300605116,-0.005315533210967376,124.5850441840254
2024-12-13,8.198545454545455,4.3242209215567655,6.954545454545455,7.844827586206896,0.0009609917355371067,0.0015793006993006992,0.002540292434837806,-0.0013255053507728561,0.0008283316095831978,-0.0004971737411896583,0.0030374661760274643,124.96346704177328
2024-12-20,8.359545454545454,4.373531266384353,6.90909090909091,7.844827586206896,-0.011123636363636337,0.0015766433566433565,-0.009546993006992981,-0.003868311533888299,0.0008315809464532242,-0.003036730587435075,-0.006510262419557906,124.14992207847358
2024-12-27,8.336454545454545,4.419876093970559,6.90909090909091,7.844827586206896,0.0015953719008264438,0.001607604895104895,0.003202976795931339,-0.003635671819262725,0.0008410637050739139,-0.002794608114188811,0.00599758491012015,124.89452177772402
2025-01-03,8.131166666666665,4.573212342140618,6.916666666666666,7.793103448275861,0.014199078282828367,0.0016031643356643358,0.015802242618492703,-0.011949652443597707,0.0008499761719174151,-0.011099676271680292,0.026901918890172995,128.2544240724153
2025-01-10,8.13375,4.588729583519929,6.874999999999999,7.793103448275861,-0.0001776041666667005,0.0015636858974358973,0.0013860817307691968,-0.0012092746730083905,0.0008794639119501189,-0.0003298107610582717,0.0017158924918274686,128.4744948757248
2025-01-17,7.99675,4.59379854903717,6.833333333333333,7.793103448275861,0.009361666666666636,0.0015641826923076922,0.010925849358974329,-0.00039502972651601475,0.0008824479968307556,0.00048741827031474085,0.010438431088659588,129.8155670371354
2025-01-24,7.8629999999999995,4.562798549037169,6.916666666666666,7.793103448275861,0.009251041666666668,0.0015378365384615385,0.010788878205128206,0.0024158620689655624,0.0008834227978917635,0.003299284866857326,0.00748959333827088,130.78783284322057
2025-01-31,7.822,4.59728130765786,6.916666666666666,7.793103448275861,0.002835833333333297,0.0015121153846153845,0.004347948717948681,-0.0026872770511296644,0.000877461259430225,-0.0018098157916994393,0.00615776450964812,131.59319351859637
2025-02-07,7.69975,4.534974995875267,6.916666666666666,7.793103448275861,0.008455625000000013,0.0015042307692307692,0.009959855769230783,0.0048555953320227685,0.0008840925591649731,0.005739687891187742,0.004220167878043041,132.14853888685266
2025-02-14,7.703,4.538147409668371,6.916666666666666,7.793103448275861,-0.00022479166666669563,0.0014807211538461539,0.0012559294871794583,-0.0002472294887039635,0.000872110576129859,0.0006248810874258956,0.0006310483997535627,132.23193101084698
2025-02-21,7.535166666666666,4.536526720013198,6.999999999999999,7.793103448275861,0.01174833333333339,0.0014813461538461538,0.013229679487179544,0.00012630202140313134,0.0008727206557054559,0.000999022677108587,0.012230656810070958,133.84921437837363
2025-02-28,7.513166666666667,4.54911292690975,6.999999999999999,7.793103448275861,0.0015399999999999546,0.0014490705128205128,0.0029890705128204674,-0.0009808561236623358,0.0008724089846179228,-0.00010844713904441304,0.0030975176518648804,134.26381468259888
2025-03-07,7.53175,4.681851527093596,6.999999999999999,7.72413793103448,-0.0013008333333333064,0.0014448397435897437,0.00014400641025643724,-0.010252912565924685,0.0008748294090211058,-0.00937808315690358,0.009522089567160016,135.54228675163515
2025-03-14,7.5465833333333325,4.6882653201970435,6.999999999999999,7.72413793103448,-0.0010383333333332965,0.0014484134615384615,0.00041008012820516497,-0.0004954102259214341,0.0009003560629026147,0.00040494583698118063,5.1342912239843354e-06,135.54298266520848
2025-03-21,7.707416666666666,4.694127389162563,6.916666666666666,7.72413793103448,-0.011124305555555573,0.0014512660256410256,-0.009673039529914548,-0.00045279429250906196,0.0009015894846532776,0.0004487951921442157,-0.010121834722058763,134.17103899693637
2025-03-28,7.672000000000001,4.727058423645321,6.916666666666666,7.706896551724136,0.0024496527777777,0.0014821955128205128,0.003931848290598213,-0.002537960760998799,0.0009027168056081851,-0.0016352439553906136,0.005567092245988827,134.91798154777246
2025-04-04,7.557666666666667,4.576119613689396,6.958333333333333,7.775862068965516,0.007955694444444465,0.0014753846153846156,0.009431079059829081,0.011736793670710753,0.0009090496968548694,0.012645843367565622,-0.0032147643077365413,134.4842520362208
2025-04-11,7.694083333333333,4.609567889551465,6.958333333333333,7.775862068965516,-0.009492326388888871,0.001453397435897436,-0.008038928952991435,-0.0026008917954815805,0.0008800230026325761,-0.0017208687928490043,-0.006318060160142431,133.6345724412642
2025-04-18,8.316846153846154,4.579016165413533,6.807692307692308,7.775862068965516,-0.04239577662721891,0.0014796314102564104,-0.040916145216962505,0.002375659928656423,0.0008864553633752818,0.0032621152920317047,-0.04417826050899421,127.73082948694596
2025-04-25,8.292769230769231,4.5553954757583615,6.807692307692308,7.775862068965516,0.0016390828402366433,0.0015993934911242604,0.0032384763313609037,0.0018367122473245336,0.0008805800318102947,0.002717292279134828,0.0005211840522260755,127.79740075825217
2025-05-02,8.299692307692307,4.564246372592923,6.807692307692308,7.775862068965516,-0.00047130177514789106,0.0015947633136094675,0.0011234615384615764,-0.000688233529721974,0.0008760375914919926,0.00018780406177001864,0.0009356574766915578,127.91697535177337
2025-05-09,8.32876923076923,4.56359120017913,6.730769230769232,7.7413793103448265,-0.001957100591715987,0.0015960946745562131,-0.00036100591715977366,5.071938168849964e-05,0.0008777396870371007,0.0009284590687256004,-0.001289464985885374,127.7520308909569
2025-05-16,8.33,4.576867062248095,6.730769230769232,7.724137931034481,-8.284023668639982e-05,0.0016016863905325444,0.0015188461538461445,-0.0010254458977407297,0.0008776136923421403,-0.0001478322053985894,0.0016666783592447338,127.96495243619242
2025-05-23,8.236615384615384,4.597901545006716,6.884615384615385,7.724137931034481,0.006429171597633214,0.001601923076923077,0.00803109467455629,-0.00162473246135561,0.0008801667427400182,-0.0007445657186155918,0.008775660393171882,129.08792940100085
2025-05-30,8.198307692307692,4.569729131213613,6.884615384615385,7.7413793103448265,0.002637337278106468,0.00158396449704142,0.004221301775147888,0.0021809334126040407,0.0008842118355782147,0.003065145248182255,0.0011561565269656328,129.2371752531303
2025-06-06,8.154538461538463,4.567780054313502,6.884615384615385,7.724137931034481,0.0030133431952661357,0.0015765976331360947,0.00458994082840223,0.00015054938814649895,0.0008787940636949255,0.0010293434518414246,0.0035605973765608055,129.6973368002907
2025-06-13,8.134461538461538,4.575159364658331,6.884615384615385,7.724137931034481,0.0013822189349113514,0.0015681804733727813,0.0029503994082841324,-0.0005699881093937031,0.000878419241214135,0.0003084311318204319,0.0026419682764637006,130.03999304965893
2025-06-20,8.15846153846154,4.54615936465833,6.884615384615385,7.7413793103448265,-0.001652307692307755,0.001564319526627219,-8.798816568053591e-05,0.0022450000000001306,0.0008798383393573714,0.0031248383393575017,-0.0032128265050380377,129.622197113274
2025-06-27,8.238076923076923,4.525917985347986,6.807692307692308,7.724137931034481,-0.0054199704142011106,0.0015689349112426036,-0.003851035502958507,0.0015634720570748106,0.000874261416280448,0.0024377334733552587,-0.006288768976313766,128.8070330614264
2025-07-04,8.245,4.5279962204611985,6.807692307692308,7.706896551724136,-0.00047130177514789106,0.0015842455621301774,0.0011129437869822863,-0.00016016743027689274,0.0008703688433361512,0.0007102014130592584,0.00040274237392302794,128.85890911169957
2025-07-11,8.311461538461538,4.545341048047407,6.807692307692308,7.706896551724136,-0.004524497041420141,0.001585576923076923,-0.0029389201183432183,-0.0013367479191439637,0.000870768503934846,-0.0004659794152091178,-0.0024729407031341003,128.54024867039578
2025-07-18,8.314230769230768,4.53958242735775,6.807692307692308,7.741379310344826,-0.00018852071005913225,0.0015983579881656805,0.0014098372781065481,0.0004457966706302869,0.0008741040477014243,0.001319900718331711,8.993655977483704e-05,128.5518091381538
2025-07-25,8.217384615384615,4.543341048047406,6.884615384615385,7.741379310344826,0.0066674852071005285,0.0015988905325443786,0.008266375739644907,-0.0002909690844233387,0.0008729966206457212,0.0005820275362223826,0.007684348203422524,129.5396460017513
2025-08-01,8.165230769230769,4.5470733087027915,6.884615384615385,7.706896551724136,0.003590591715976336,0.001580266272189349,0.005170857988165686,-0.00028764146775126686,0.0008737194323168088,0.000586077964565542,0.004584780023600144,130.13355678300437
2025-08-08,8.228538461538463,4.517935377668309,6.923076923076923,7.741379310344826,-0.0043828402366864975,0.0015702366863905325,-0.002812603550295965,0.0022556777645659962,0.0008744371747505368,0.0031301149393165332,-0.005942718489612498,129.36020968899095
2025-08-15,8.234153846153847,4.519245722495896,6.923076923076923,7.741379310344826,-0.00038875739644964004,0.0015824112426035507,0.0011936538461539106,-0.00010143876337699927,0.0008688337264746747,0.0007673949630976755,0.0004262588830562351,129.4153506274849
2025-08-22,8.197461538461539,4.525107791461412,6.923076923076923,7.741379310344826,0.0025402366863905247,0.001583491124260355,0.0041237278106508795,-0.00045380499405463486,0.0008690857158645954,0.0004152807218099605,0.003708447088840919,129.8952806077707
2025-08-29,8.155384615384614,4.504176756978653,6.923076923076923,7.741379310344826,0.0029130177514794164,0.0015764349112426038,0.00448945266272202,0.0016203507728894386,0.0008702130368195023,0.002490563809708941,0.0019988888530130793,130.1549268362366
2025-09-05,8.114846153846154,4.515725391849529,6.923076923076923,7.741379310344826,0.002806508875739575,0.001568343195266272,0.004374852071005847,-0.0008940236305212098,0.0008661878378805102,-2.783579264069953e-05,0.004402687863646547,130.7279583530123
2025-09-12,8.087384615384616,4.486828840125391,6.923076923076923,7.741379310344826,0.0019011834319525834,0.0015605473372781063,0.0034617307692306897,0.0022369916765755072,0.0008684087292018325,0.0031054004057773396,0.00035633036345335007,130.77454069392573
2025-09-19,8.078,4.477449529780564,6.923076923076923,7.741379310344826,0.0006497041420119378,0.0015552662721893492,0.002204970414201287,0.0007260879904874158,0.0008628517000241135,0.0015889396905115292,0.0006160307236897579,130.8551018288696
2025-09-26,8.112538461538461,4.495794357366771,6.923076923076923,7.741379310344826,-0.0023911242603550666,0.0015534615384615383,-0.0008376627218935283,-0.0014201426872770273,0.0008610479864962624,-0.0005590947007807649,-0.0002785680211127634,130.81864978210064
2025-10-03,8.143923076923077,4.4533405080360255,6.923076923076923,7.758620689655171,-0.0021727810650887546,0.001560103550295858,-0.0006126775147928967,0.003293833137730243,0.0008645758379551483,0.004158408975685392,-0.004771086490478288,130.19450268942262
2025-10-10,8.044307692307692,4.4484784390705085,6.923076923076923,7.758620689655171,0.006896449704142031,0.0015661390532544378,0.008462588757396469,0.00037722948870390485,0.0008564116361607742,0.001233641124864679,0.007228947632531789,131.13567193140798
2025-10-17,8.032769230769231,4.419306025277405,6.923076923076923,7.775862068965516,0.000798816568047273,0.00154698224852071,0.002345798816567983,0.0022684066587396194,0.0008554766228981748,0.0031238832816377943,-0.0007780844650698113,131.03363730226167
2025-10-24,8.042384615384616,4.422512921829129,6.923076923076923,7.758620689655171,-0.0006656804733728095,0.0015447633136094674,0.0008790828402366579,-0.00024881093935789764,0.0008498665433225779,0.0006010556039646802,0.0002780272362719777,131.07006822229948
2025-10-31,8.052923076923076,4.428443956311888,6.923076923076923,7.758620689655171,-0.0007295857988164192,0.0015466124260355033,0.0008170266272190841,-0.00046016646848993963,0.0008504832541979094,0.0003903167857079698,0.00042670984151111426,131.12599711033747
2025-11-07,8.031153846153845,4.433650852863611,6.923076923076923,7.758620689655171,0.0015071005917159453,0.0015486390532544376,0.0030557396449703827,-0.00040398335315091504,0.0008516238377522862,0.00044764048460137115,0.0026080991603690115,131.46798671330347
2025-11-14,8.212749999999998,4.429788783898094,6.916666666666667,7.724137931034481,-0.012560400641025555,0.0015444526627218932,-0.011015947978303662,0.00029831153388818355,0.0008526251640122329,0.0011509366979004165,-0.012166884676204078,129.86843088035
2025-11-21,8.210499999999998,4.4431336114843,6.875,7.724137931034481,0.00015468750000000587,0.0015793749999999996,0.0017340625000000056,-0.001030772889417276,0.0008518824584419412,-0.00017889043097533486,0.0019129529309753405,130.11686307584372
2025-11-28,8.210499999999998,4.4431336114843,6.875,7.724137931034481,-0.0,0.0015789423076923075,0.0015789423076923075,-0.0,0.0008544487714392884,0.0008544487714392884,0.0007244935362530191,130.21113190209968
